{
  "resourceType" : "PlanDefinition",
  "id" : "IMMZ.DT.20.Mumps",
  "text" : {
    "status" : "generated",
    "div" : "<div xmlns=\"http://www.w3.org/1999/xhtml\"><p><b>Generated Narrative: PlanDefinition</b><a name=\"IMMZ.DT.20.Mumps\"> </a></p><div style=\"display: inline-block; background-color: #d9e0e7; padding: 6px; margin: 4px; border: 1px solid #8da1b4; border-radius: 5px; line-height: 60%\"><p style=\"margin-bottom: 0px\">Resource PlanDefinition &quot;IMMZ.DT.20.Mumps&quot; </p></div><p><b>url</b>: <code>http://fhir.org/guides/who/smart-immunization/PlanDefinition/IMMZ.DT.20.Mumps</code></p><p><b>version</b>: 0.1.0</p><p><b>name</b>: IMMZ.DT.20.Mumps</p><p><b>title</b>: IMMZ.DT.20.Mumps</p><p><b>status</b>: draft</p><p><b>date</b>: 2023-04-01 05:56:31+0000</p><p><b>publisher</b>: World Health Organization (WHO)</p><p><b>description</b>: If child or person has not been vaccinated against Mumps, give Mumps vaccine</p><p><b>jurisdiction</b>: Global (Whole world) <span style=\"background: LightGoldenRodYellow; margin: 4px; border: 1px solid khaki\"> (m49.htm#001)</span></p><p><b>library</b>: <a href=\"Library-IMMZDT20.html\">IMMZDT20</a></p><blockquote><p><b>action</b></p><p><b>title</b>: Immunize Patient for MUMPS - No Doses</p><p><b>description</b>: Provide MUMPS immunizations - using the &quot;MUMPS vaccine immunization - NO PREVIOUS&quot; schedule (2 dose scheme)</p><blockquote><p><b>condition</b></p><p><b>kind</b>: applicability</p><h3>Expressions</h3><table class=\"grid\"><tr><td>-</td><td><b>Description</b></td><td><b>Language</b></td><td><b>Expression</b></td></tr><tr><td>*</td><td>&quot;MUMPS vaccine immunization history&quot; = &quot;No-doses&quot;</td><td>text/cql</td><td>Should vaccinate Patient for MUMPS because no doses on 2 dose scheme</td></tr></table></blockquote><blockquote><p><b>condition</b></p><p><b>kind</b>: applicability</p><h3>Expressions</h3><table class=\"grid\"><tr><td>-</td><td><b>Description</b></td><td><b>Language</b></td><td><b>Expression</b></td></tr><tr><td>*</td><td>&quot;Current Patient Age in Months&quot; &gt;= 12</td><td>text/cql</td><td>Should vaccinate Patient for MUMPS because no doses on 2 dose scheme</td></tr></table></blockquote><blockquote><p><b>condition</b></p><p><b>kind</b>: applicability</p><h3>Expressions</h3><table class=\"grid\"><tr><td>-</td><td><b>Description</b></td><td><b>Language</b></td><td><b>Expression</b></td></tr><tr><td>*</td><td>&quot;Country recognizes MUMPS reduction as a public health priority&quot; = TRUE</td><td>text/cql</td><td>Should vaccinate Patient for MUMPS because no doses on 2 dose scheme</td></tr></table></blockquote><p><b>definition</b>: <a href=\"ActivityDefinition-IMMZ.DT.20.Mumps.01.html\">IMMZ.DT.20.Mumps.01</a></p></blockquote><blockquote><p><b>action</b></p><p><b>title</b>: Immunize Patient for MUMPS - 1 Dose given a month ago</p><p><b>description</b>: Provide MUMPS immunizations - using the &quot;MUMPS vaccine immunization - 1 PREVIOUS&quot; schedule (2 dose scheme)</p><blockquote><p><b>condition</b></p><p><b>kind</b>: applicability</p><h3>Expressions</h3><table class=\"grid\"><tr><td>-</td><td><b>Description</b></td><td><b>Language</b></td><td><b>Expression</b></td></tr><tr><td>*</td><td>&quot;MUMPS vaccine immunization history&quot; = &quot;1 dose&quot;</td><td>text/cql</td><td>Should vaccinate Patient for MUMPS a second dose on a 2 dose scheme</td></tr></table></blockquote><blockquote><p><b>condition</b></p><p><b>kind</b>: applicability</p><h3>Expressions</h3><table class=\"grid\"><tr><td>-</td><td><b>Description</b></td><td><b>Language</b></td><td><b>Expression</b></td></tr><tr><td>*</td><td>&quot;Date last MUMPS dose given&quot; &gt;= &quot;1 months&quot;</td><td>text/cql</td><td>Should vaccinate Patient for MUMPS a second dose on a 2 dose scheme</td></tr></table></blockquote><p><b>definition</b>: <a href=\"ActivityDefinition-IMMZ.DT.20.Mumps.02.html\">IMMZ.DT.20.Mumps.02</a></p></blockquote></div>"
  },
  "url" : "http://fhir.org/guides/who/smart-immunization/PlanDefinition/IMMZ.DT.20.Mumps",
  "version" : "0.1.0",
  "name" : "IMMZ.DT.20.Mumps",
  "title" : "IMMZ.DT.20.Mumps",
  "status" : "draft",
  "date" : "2023-04-01T05:56:31+00:00",
  "publisher" : "World Health Organization (WHO)",
  "description" : "If child or person has not been vaccinated against Mumps, give Mumps vaccine",
  "jurisdiction" : [{
    "coding" : [{
      "system" : "http://unstats.un.org/unsd/methods/m49/m49.htm",
      "code" : "001"
    }]
  }],
  "library" : ["http://fhir.org/guides/who/smart-immunization/Library/IMMZDT20"],
  "action" : [{
    "title" : "Immunize Patient for MUMPS - No Doses",
    "description" : "Provide MUMPS immunizations - using the \"MUMPS vaccine immunization - NO PREVIOUS\" schedule (2 dose scheme)",
    "condition" : [{
      "kind" : "applicability",
      "expression" : {
        "description" : "\"MUMPS vaccine immunization history\" = \"No-doses\"",
        "language" : "text/cql",
        "expression" : "Should vaccinate Patient for MUMPS because no doses on 2 dose scheme"
      }
    },
    {
      "kind" : "applicability",
      "expression" : {
        "description" : "\"Current Patient Age in Months\" >= 12",
        "language" : "text/cql",
        "expression" : "Should vaccinate Patient for MUMPS because no doses on 2 dose scheme"
      }
    },
    {
      "kind" : "applicability",
      "expression" : {
        "description" : "\"Country recognizes MUMPS reduction as a public health priority\" = TRUE",
        "language" : "text/cql",
        "expression" : "Should vaccinate Patient for MUMPS because no doses on 2 dose scheme"
      }
    }],
    "definitionCanonical" : "http://fhir.org/guides/who/smart-immunization/ActivityDefinition/IMMZ.DT.20.Mumps.01"
  },
  {
    "title" : "Immunize Patient for MUMPS - 1 Dose given a month ago",
    "description" : "Provide MUMPS immunizations - using the \"MUMPS vaccine immunization - 1 PREVIOUS\" schedule (2 dose scheme)",
    "condition" : [{
      "kind" : "applicability",
      "expression" : {
        "description" : "\"MUMPS vaccine immunization history\" = \"1 dose\"",
        "language" : "text/cql",
        "expression" : "Should vaccinate Patient for MUMPS a second dose on a 2 dose scheme"
      }
    },
    {
      "kind" : "applicability",
      "expression" : {
        "description" : "\"Date last MUMPS dose given\" >= \"1 months\"",
        "language" : "text/cql",
        "expression" : "Should vaccinate Patient for MUMPS a second dose on a 2 dose scheme"
      }
    }],
    "definitionCanonical" : "http://fhir.org/guides/who/smart-immunization/ActivityDefinition/IMMZ.DT.20.Mumps.02"
  }]
}