{
  "resourceType" : "PlanDefinition",
  "id" : "IMMZ.DT.03.Polio",
  "text" : {
    "status" : "generated",
    "div" : "<div xmlns=\"http://www.w3.org/1999/xhtml\"><p><b>Generated Narrative: PlanDefinition</b><a name=\"IMMZ.DT.03.Polio\"> </a></p><div style=\"display: inline-block; background-color: #d9e0e7; padding: 6px; margin: 4px; border: 1px solid #8da1b4; border-radius: 5px; line-height: 60%\"><p style=\"margin-bottom: 0px\">Resource PlanDefinition &quot;IMMZ.DT.03.Polio&quot; </p></div><p><b>url</b>: <code>http://fhir.org/guides/who/smart-immunization/PlanDefinition/IMMZ.DT.03.Polio</code></p><p><b>version</b>: 0.1.0</p><p><b>name</b>: IMMZ.DT.03.Polio</p><p><b>title</b>: IMMZ.DT.03.Polio</p><p><b>status</b>: draft</p><p><b>date</b>: 2023-04-01 05:56:31+0000</p><p><b>publisher</b>: World Health Organization (WHO)</p><p><b>description</b>: If child or person has not been vaccinated, give Polio vaccine</p><p><b>jurisdiction</b>: Global (Whole world) <span style=\"background: LightGoldenRodYellow; margin: 4px; border: 1px solid khaki\"> (m49.htm#001)</span></p><p><b>library</b>: <a href=\"Library-IMMZDT03.html\">IMMZDT03</a></p><blockquote><p><b>action</b></p><p><b>title</b>: Immunize Patient for Polio (bOPV) - No Doses at birth (polio-endemic country and high risk of spread)</p><p><b>description</b>: Provide birth dose Polio (bOPV) vaccination – using the zero dose recommendation at birth (until 2 weeks old) due to patient being in a polio-endemic country with high risk of spread. Patient will continue the &quot;bOPV-IPV-bOPV-IPV-bOPV&quot; schedule (5 doses scheme)</p><blockquote><p><b>condition</b></p><p><b>kind</b>: applicability</p><h3>Expressions</h3><table class=\"grid\"><tr><td>-</td><td><b>Description</b></td><td><b>Language</b></td><td><b>Expression</b></td></tr><tr><td>*</td><td>&quot;Polio (IPV) vaccine immunization history&quot; = &quot;No-doses&quot;</td><td>text/cql</td><td>Should vaccinate patient for Polio (bOPV) because no doses at birth (up to 2 weeks old) and patient is in a polio-endemic country with high risk of spread</td></tr></table></blockquote><blockquote><p><b>condition</b></p><p><b>kind</b>: applicability</p><h3>Expressions</h3><table class=\"grid\"><tr><td>-</td><td><b>Description</b></td><td><b>Language</b></td><td><b>Expression</b></td></tr><tr><td>*</td><td>&quot;Polio (bOPV) vaccine immunization history&quot; = &quot;No-doses&quot;</td><td>text/cql</td><td>Should vaccinate patient for Polio (bOPV) because no doses at birth (up to 2 weeks old) and patient is in a polio-endemic country with high risk of spread</td></tr></table></blockquote><blockquote><p><b>condition</b></p><p><b>kind</b>: applicability</p><h3>Expressions</h3><table class=\"grid\"><tr><td>-</td><td><b>Description</b></td><td><b>Language</b></td><td><b>Expression</b></td></tr><tr><td>*</td><td>&quot;Current Patient Age in Weeks&quot; &lt; 2</td><td>text/cql</td><td>Should vaccinate patient for Polio (bOPV) because no doses at birth (up to 2 weeks old) and patient is in a polio-endemic country with high risk of spread</td></tr></table></blockquote><blockquote><p><b>condition</b></p><p><b>kind</b>: applicability</p><h3>Expressions</h3><table class=\"grid\"><tr><td>-</td><td><b>Description</b></td><td><b>Language</b></td><td><b>Expression</b></td></tr><tr><td>*</td><td>&quot;Combined bOPV and IPV Schedule&quot; = TRUE</td><td>text/cql</td><td>Should vaccinate patient for Polio (bOPV) because no doses at birth (up to 2 weeks old) and patient is in a polio-endemic country with high risk of spread</td></tr></table></blockquote><blockquote><p><b>condition</b></p><p><b>kind</b>: applicability</p><h3>Expressions</h3><table class=\"grid\"><tr><td>-</td><td><b>Description</b></td><td><b>Language</b></td><td><b>Expression</b></td></tr><tr><td>*</td><td>&quot;Polio-endemic country with high risk of spread&quot; = TRUE</td><td>text/cql</td><td>Should vaccinate patient for Polio (bOPV) because no doses at birth (up to 2 weeks old) and patient is in a polio-endemic country with high risk of spread</td></tr></table></blockquote><p><b>definition</b>: <a href=\"ActivityDefinition-IMMZ.DT.03.Polio.01.html\">IMMZ.DT.03.Polio.01</a></p></blockquote><blockquote><p><b>action</b></p><p><b>title</b>: Immunize Patient for Polio (bOPV) - No Doses at 6 weeks old</p><p><b>description</b>: Provide 1st dose Polio (bOPV) vaccination – using the &quot;bOPV-IPV-bOPV-IPV-bOPV&quot; schedule (5 doses scheme)</p><blockquote><p><b>condition</b></p><p><b>kind</b>: applicability</p><h3>Expressions</h3><table class=\"grid\"><tr><td>-</td><td><b>Description</b></td><td><b>Language</b></td><td><b>Expression</b></td></tr><tr><td>*</td><td>&quot;Polio (bOPV) vaccine immunization history&quot; = &quot;No-doses&quot;</td><td>text/cql</td><td>Should vaccinate patient for Polio (bOPV) because no doses at 6 weeks old</td></tr></table></blockquote><blockquote><p><b>condition</b></p><p><b>kind</b>: applicability</p><h3>Expressions</h3><table class=\"grid\"><tr><td>-</td><td><b>Description</b></td><td><b>Language</b></td><td><b>Expression</b></td></tr><tr><td>*</td><td>&quot;Current Patient Age in Weeks&quot; &gt;= 6</td><td>text/cql</td><td>Should vaccinate patient for Polio (bOPV) because no doses at 6 weeks old</td></tr></table></blockquote><blockquote><p><b>condition</b></p><p><b>kind</b>: applicability</p><h3>Expressions</h3><table class=\"grid\"><tr><td>-</td><td><b>Description</b></td><td><b>Language</b></td><td><b>Expression</b></td></tr><tr><td>*</td><td>&quot;Combined bOPV and IPV Schedule&quot; = TRUE</td><td>text/cql</td><td>Should vaccinate patient for Polio (bOPV) because no doses at 6 weeks old</td></tr></table></blockquote><p><b>definition</b>: <a href=\"ActivityDefinition-IMMZ.DT.03.Polio.02.html\">IMMZ.DT.03.Polio.02</a></p></blockquote><blockquote><p><b>action</b></p><p><b>title</b>: Immunize Patient for Polio (IPV) - No Doses at 14 weeks old</p><p><b>description</b>: Provide 1st dose Polio (IPV) vaccination – using the &quot;bOPV-IPV-bOPV-IPV-bOPV&quot; schedule (5 doses scheme)</p><blockquote><p><b>condition</b></p><p><b>kind</b>: applicability</p><h3>Expressions</h3><table class=\"grid\"><tr><td>-</td><td><b>Description</b></td><td><b>Language</b></td><td><b>Expression</b></td></tr><tr><td>*</td><td>&quot;Polio (IPV) vaccine immunization history&quot; = &quot;No-doses&quot;</td><td>text/cql</td><td>Should vaccinate patient for Polio (IPV) because no doses at 14 weeks old</td></tr></table></blockquote><blockquote><p><b>condition</b></p><p><b>kind</b>: applicability</p><h3>Expressions</h3><table class=\"grid\"><tr><td>-</td><td><b>Description</b></td><td><b>Language</b></td><td><b>Expression</b></td></tr><tr><td>*</td><td>&quot;Current Patient Age in Weeks&quot; &gt;= 14</td><td>text/cql</td><td>Should vaccinate patient for Polio (IPV) because no doses at 14 weeks old</td></tr></table></blockquote><blockquote><p><b>condition</b></p><p><b>kind</b>: applicability</p><h3>Expressions</h3><table class=\"grid\"><tr><td>-</td><td><b>Description</b></td><td><b>Language</b></td><td><b>Expression</b></td></tr><tr><td>*</td><td>&quot;Combined bOPV and IPV Schedule&quot; = TRUE</td><td>text/cql</td><td>Should vaccinate patient for Polio (IPV) because no doses at 14 weeks old</td></tr></table></blockquote><p><b>definition</b>: <a href=\"ActivityDefinition-IMMZ.DT.03.Polio.03.html\">IMMZ.DT.03.Polio.03</a></p></blockquote><blockquote><p><b>action</b></p><p><b>title</b>: Immunize Patient for Polio (bOPV) - 1 Dose given 4 weeks ago</p><p><b>description</b>: Provide 2nd dose Polio (bOPV) vaccination – using the &quot;bOPV-IPV-bOPV-IPV-bOPV&quot; schedule (5 doses scheme)</p><blockquote><p><b>condition</b></p><p><b>kind</b>: applicability</p><h3>Expressions</h3><table class=\"grid\"><tr><td>-</td><td><b>Description</b></td><td><b>Language</b></td><td><b>Expression</b></td></tr><tr><td>*</td><td>&quot;Polio (bOPV) vaccine immunization history&quot; = &quot;1 dose&quot;</td><td>text/cql</td><td>Should vaccinate patient for Polio (bOPV) because 1 dose bOPV given 4 weeks ago</td></tr></table></blockquote><blockquote><p><b>condition</b></p><p><b>kind</b>: applicability</p><h3>Expressions</h3><table class=\"grid\"><tr><td>-</td><td><b>Description</b></td><td><b>Language</b></td><td><b>Expression</b></td></tr><tr><td>*</td><td>&quot;Date last bOPV dose given&quot; &gt;= &quot;4 weeks&quot;</td><td>text/cql</td><td>Should vaccinate patient for Polio (bOPV) because 1 dose bOPV given 4 weeks ago</td></tr></table></blockquote><blockquote><p><b>condition</b></p><p><b>kind</b>: applicability</p><h3>Expressions</h3><table class=\"grid\"><tr><td>-</td><td><b>Description</b></td><td><b>Language</b></td><td><b>Expression</b></td></tr><tr><td>*</td><td>&quot;Combined bOPV and IPV Schedule&quot; = TRUE</td><td>text/cql</td><td>Should vaccinate patient for Polio (bOPV) because 1 dose bOPV given 4 weeks ago</td></tr></table></blockquote><p><b>definition</b>: <a href=\"ActivityDefinition-IMMZ.DT.03.Polio.04.html\">IMMZ.DT.03.Polio.04</a></p></blockquote><blockquote><p><b>action</b></p><p><b>title</b>: Immunize Patient for Polio (IPV) - 1 Dose given at least 4 months ago</p><p><b>description</b>: Provide 2nd dose Polio (IPV) vaccination – using the &quot;bOPV-IPV-bOPV-IPV-bOPV&quot; schedule (5 doses scheme)</p><blockquote><p><b>condition</b></p><p><b>kind</b>: applicability</p><h3>Expressions</h3><table class=\"grid\"><tr><td>-</td><td><b>Description</b></td><td><b>Language</b></td><td><b>Expression</b></td></tr><tr><td>*</td><td>&quot;Polio (IPV) vaccine immunization history&quot; = &quot;1 dose&quot;</td><td>text/cql</td><td>Should vaccinate patient for Polio (IPV) because 1 dose IPV given at least 4 months ago</td></tr></table></blockquote><blockquote><p><b>condition</b></p><p><b>kind</b>: applicability</p><h3>Expressions</h3><table class=\"grid\"><tr><td>-</td><td><b>Description</b></td><td><b>Language</b></td><td><b>Expression</b></td></tr><tr><td>*</td><td>&quot;Date last IPV dose given&quot; &gt;= &quot;4 months&quot;</td><td>text/cql</td><td>Should vaccinate patient for Polio (IPV) because 1 dose IPV given at least 4 months ago</td></tr></table></blockquote><blockquote><p><b>condition</b></p><p><b>kind</b>: applicability</p><h3>Expressions</h3><table class=\"grid\"><tr><td>-</td><td><b>Description</b></td><td><b>Language</b></td><td><b>Expression</b></td></tr><tr><td>*</td><td>&quot;Combined bOPV and IPV Schedule&quot; = TRUE</td><td>text/cql</td><td>Should vaccinate patient for Polio (IPV) because 1 dose IPV given at least 4 months ago</td></tr></table></blockquote><p><b>definition</b>: <a href=\"ActivityDefinition-IMMZ.DT.03.Polio.05.html\">IMMZ.DT.03.Polio.05</a></p></blockquote><blockquote><p><b>action</b></p><p><b>title</b>: Immunize Patient for Polio (bOPV) - 2 Doses given 4 weeks ago</p><p><b>description</b>: Provide 3rd dose Polio (bOPV) vaccination – using the &quot;bOPV-IPV-bOPV-IPV-bOPV&quot; schedule (5 doses scheme)</p><blockquote><p><b>condition</b></p><p><b>kind</b>: applicability</p><h3>Expressions</h3><table class=\"grid\"><tr><td>-</td><td><b>Description</b></td><td><b>Language</b></td><td><b>Expression</b></td></tr><tr><td>*</td><td>&quot;Polio (bOPV) vaccine immunization history&quot; = &quot;2 doses&quot;</td><td>text/cql</td><td>Should vaccinate patient for Polio (bOPV) because 2nd dose bOPV given 4 weeks ago</td></tr></table></blockquote><blockquote><p><b>condition</b></p><p><b>kind</b>: applicability</p><h3>Expressions</h3><table class=\"grid\"><tr><td>-</td><td><b>Description</b></td><td><b>Language</b></td><td><b>Expression</b></td></tr><tr><td>*</td><td>&quot;Date last bOPV dose given&quot; &gt;= &quot;4 weeks&quot;</td><td>text/cql</td><td>Should vaccinate patient for Polio (bOPV) because 2nd dose bOPV given 4 weeks ago</td></tr></table></blockquote><blockquote><p><b>condition</b></p><p><b>kind</b>: applicability</p><h3>Expressions</h3><table class=\"grid\"><tr><td>-</td><td><b>Description</b></td><td><b>Language</b></td><td><b>Expression</b></td></tr><tr><td>*</td><td>&quot;Combined bOPV and IPV Schedule&quot; = TRUE</td><td>text/cql</td><td>Should vaccinate patient for Polio (bOPV) because 2nd dose bOPV given 4 weeks ago</td></tr></table></blockquote><p><b>definition</b>: <a href=\"ActivityDefinition-IMMZ.DT.03.Polio.06.html\">IMMZ.DT.03.Polio.06</a></p></blockquote><blockquote><p><b>action</b></p><p><b>title</b>: Immunize Patient for Polio (IPV) - No Doses at 8 weeks old</p><p><b>description</b>: Provide 1st dose Polio (IPV) vaccination – using the &quot;IPV-bOPV-bOPV&quot; schedule (3 doses scheme)</p><blockquote><p><b>condition</b></p><p><b>kind</b>: applicability</p><h3>Expressions</h3><table class=\"grid\"><tr><td>-</td><td><b>Description</b></td><td><b>Language</b></td><td><b>Expression</b></td></tr><tr><td>*</td><td>&quot;Polio (IPV) vaccine immunization history&quot; = &quot;No-doses&quot;</td><td>text/cql</td><td>Should vaccinate patient for Polio (IPV) because no doses at 8 weeks old</td></tr></table></blockquote><blockquote><p><b>condition</b></p><p><b>kind</b>: applicability</p><h3>Expressions</h3><table class=\"grid\"><tr><td>-</td><td><b>Description</b></td><td><b>Language</b></td><td><b>Expression</b></td></tr><tr><td>*</td><td>&quot;Current Patient Age in Weeks&quot; &gt;= 8</td><td>text/cql</td><td>Should vaccinate patient for Polio (IPV) because no doses at 8 weeks old</td></tr></table></blockquote><blockquote><p><b>condition</b></p><p><b>kind</b>: applicability</p><h3>Expressions</h3><table class=\"grid\"><tr><td>-</td><td><b>Description</b></td><td><b>Language</b></td><td><b>Expression</b></td></tr><tr><td>*</td><td>&quot;Sequential IPV-OPV Schedule&quot; = TRUE</td><td>text/cql</td><td>Should vaccinate patient for Polio (IPV) because no doses at 8 weeks old</td></tr></table></blockquote><p><b>definition</b>: <a href=\"ActivityDefinition-IMMZ.DT.03.Polio.07.html\">IMMZ.DT.03.Polio.07</a></p></blockquote><blockquote><p><b>action</b></p><p><b>title</b>: Immunize Patient for Polio (IPV) - 1st Dose given 4-8 weeks ago (High risk of exposure scenario)</p><p><b>description</b>: Provide 1st dose Polio (bOPV) vaccination – using the &quot;IPV-bOPV-bOPV&quot; schedule (3 doses scheme)</p><blockquote><p><b>condition</b></p><p><b>kind</b>: applicability</p><h3>Expressions</h3><table class=\"grid\"><tr><td>-</td><td><b>Description</b></td><td><b>Language</b></td><td><b>Expression</b></td></tr><tr><td>*</td><td>&quot;Polio (IPV) vaccine immunization history&quot; = &quot;1 dose&quot;</td><td>text/cql</td><td>Should vaccinate patient for Polio (bOPV) because 1st dose IPV given 4-8 weeks ago</td></tr></table></blockquote><blockquote><p><b>condition</b></p><p><b>kind</b>: applicability</p><h3>Expressions</h3><table class=\"grid\"><tr><td>-</td><td><b>Description</b></td><td><b>Language</b></td><td><b>Expression</b></td></tr><tr><td>*</td><td>&quot;Date last IPV dose given&quot; &gt;= &quot;4 weeks&quot;</td><td>text/cql</td><td>Should vaccinate patient for Polio (bOPV) because 1st dose IPV given 4-8 weeks ago</td></tr></table></blockquote><blockquote><p><b>condition</b></p><p><b>kind</b>: applicability</p><h3>Expressions</h3><table class=\"grid\"><tr><td>-</td><td><b>Description</b></td><td><b>Language</b></td><td><b>Expression</b></td></tr><tr><td>*</td><td>&quot;Date last IPV dose given&quot; &lt;= &quot;8 weeks&quot;</td><td>text/cql</td><td>Should vaccinate patient for Polio (bOPV) because 1st dose IPV given 4-8 weeks ago</td></tr></table></blockquote><blockquote><p><b>condition</b></p><p><b>kind</b>: applicability</p><h3>Expressions</h3><table class=\"grid\"><tr><td>-</td><td><b>Description</b></td><td><b>Language</b></td><td><b>Expression</b></td></tr><tr><td>*</td><td>&quot;Sequential IPV-OPV Schedule&quot; = TRUE</td><td>text/cql</td><td>Should vaccinate patient for Polio (bOPV) because 1st dose IPV given 4-8 weeks ago</td></tr></table></blockquote><p><b>definition</b>: <a href=\"ActivityDefinition-IMMZ.DT.03.Polio.08.html\">IMMZ.DT.03.Polio.08</a></p></blockquote><blockquote><p><b>action</b></p><p><b>title</b>: Immunize Patient for Polio (IPV) - 1st Dose given 4-8 weeks ago (High risk of exposure scenario)</p><p><b>description</b>: Provide 2nd dose Polio (IPV) vaccination – using the &quot;IPV-IPV-bOPV-bOPV&quot; schedule (4 doses scheme)</p><blockquote><p><b>condition</b></p><p><b>kind</b>: applicability</p><h3>Expressions</h3><table class=\"grid\"><tr><td>-</td><td><b>Description</b></td><td><b>Language</b></td><td><b>Expression</b></td></tr><tr><td>*</td><td>&quot;Polio (IPV) vaccine immunization history&quot; = &quot;1 dose&quot;</td><td>text/cql</td><td>Should vaccinate patient for Polio (IPV) because 1st dose IPV given 4-8 weeks ago (High risk of exposure scenario)</td></tr></table></blockquote><blockquote><p><b>condition</b></p><p><b>kind</b>: applicability</p><h3>Expressions</h3><table class=\"grid\"><tr><td>-</td><td><b>Description</b></td><td><b>Language</b></td><td><b>Expression</b></td></tr><tr><td>*</td><td>&quot;Date last IPV dose given&quot; &gt;= &quot;4 weeks&quot;</td><td>text/cql</td><td>Should vaccinate patient for Polio (IPV) because 1st dose IPV given 4-8 weeks ago (High risk of exposure scenario)</td></tr></table></blockquote><blockquote><p><b>condition</b></p><p><b>kind</b>: applicability</p><h3>Expressions</h3><table class=\"grid\"><tr><td>-</td><td><b>Description</b></td><td><b>Language</b></td><td><b>Expression</b></td></tr><tr><td>*</td><td>&quot;Date last IPV dose given&quot; &lt;= &quot;8 weeks&quot;</td><td>text/cql</td><td>Should vaccinate patient for Polio (IPV) because 1st dose IPV given 4-8 weeks ago (High risk of exposure scenario)</td></tr></table></blockquote><blockquote><p><b>condition</b></p><p><b>kind</b>: applicability</p><h3>Expressions</h3><table class=\"grid\"><tr><td>-</td><td><b>Description</b></td><td><b>Language</b></td><td><b>Expression</b></td></tr><tr><td>*</td><td>&quot;Sequential IPV-OPV Schedule&quot; = TRUE</td><td>text/cql</td><td>Should vaccinate patient for Polio (IPV) because 1st dose IPV given 4-8 weeks ago (High risk of exposure scenario)</td></tr></table></blockquote><blockquote><p><b>condition</b></p><p><b>kind</b>: applicability</p><h3>Expressions</h3><table class=\"grid\"><tr><td>-</td><td><b>Description</b></td><td><b>Language</b></td><td><b>Expression</b></td></tr><tr><td>*</td><td>&quot;Country has a high risk of exposure to polio&quot; = TRUE</td><td>text/cql</td><td>Should vaccinate patient for Polio (IPV) because 1st dose IPV given 4-8 weeks ago (High risk of exposure scenario)</td></tr></table></blockquote><p><b>definition</b>: <a href=\"ActivityDefinition-IMMZ.DT.03.Polio.09.html\">IMMZ.DT.03.Polio.09</a></p></blockquote><blockquote><p><b>action</b></p><p><b>title</b>: Immunize Patient for Polio (bOPV) - 1st Dose (Second dose in 3-dose schedule) given 4-8 weeks ago</p><p><b>description</b>: Provide 2nd dose Polio (bOPV) vaccination – using the &quot;IPV-bOPV-bOPV&quot; schedule (3 doses scheme)</p><blockquote><p><b>condition</b></p><p><b>kind</b>: applicability</p><h3>Expressions</h3><table class=\"grid\"><tr><td>-</td><td><b>Description</b></td><td><b>Language</b></td><td><b>Expression</b></td></tr><tr><td>*</td><td>&quot;Polio (bOPV) vaccine immunization history&quot; = &quot;1 dose&quot;</td><td>text/cql</td><td>Should vaccinate patient for Polio (bOPV) because 1st dose bOPV (Second dose in 3-dose schedule) given 4-8 weeks ago</td></tr></table></blockquote><blockquote><p><b>condition</b></p><p><b>kind</b>: applicability</p><h3>Expressions</h3><table class=\"grid\"><tr><td>-</td><td><b>Description</b></td><td><b>Language</b></td><td><b>Expression</b></td></tr><tr><td>*</td><td>&quot;Date last bOPV dose given&quot; &gt;= &quot;4 weeks&quot;</td><td>text/cql</td><td>Should vaccinate patient for Polio (bOPV) because 1st dose bOPV (Second dose in 3-dose schedule) given 4-8 weeks ago</td></tr></table></blockquote><blockquote><p><b>condition</b></p><p><b>kind</b>: applicability</p><h3>Expressions</h3><table class=\"grid\"><tr><td>-</td><td><b>Description</b></td><td><b>Language</b></td><td><b>Expression</b></td></tr><tr><td>*</td><td>&quot;Date last bOPV dose given&quot; &lt;= &quot;8 weeks&quot;</td><td>text/cql</td><td>Should vaccinate patient for Polio (bOPV) because 1st dose bOPV (Second dose in 3-dose schedule) given 4-8 weeks ago</td></tr></table></blockquote><blockquote><p><b>condition</b></p><p><b>kind</b>: applicability</p><h3>Expressions</h3><table class=\"grid\"><tr><td>-</td><td><b>Description</b></td><td><b>Language</b></td><td><b>Expression</b></td></tr><tr><td>*</td><td>&quot;Sequential IPV-OPV Schedule&quot; = TRUE</td><td>text/cql</td><td>Should vaccinate patient for Polio (bOPV) because 1st dose bOPV (Second dose in 3-dose schedule) given 4-8 weeks ago</td></tr></table></blockquote><p><b>definition</b>: <a href=\"ActivityDefinition-IMMZ.DT.03.Polio.10.html\">IMMZ.DT.03.Polio.10</a></p></blockquote><blockquote><p><b>action</b></p><p><b>title</b>: Immunize Patient for Polio (IPV) - 2nd Dose given 4-8 weeks ago (High risk of exposure scenario)</p><p><b>description</b>: Provide 3rd dose Polio (bOPV) vaccination – using the &quot;IPV-IPV-bOPV-bOPV&quot; schedule (4 doses scheme)</p><blockquote><p><b>condition</b></p><p><b>kind</b>: applicability</p><h3>Expressions</h3><table class=\"grid\"><tr><td>-</td><td><b>Description</b></td><td><b>Language</b></td><td><b>Expression</b></td></tr><tr><td>*</td><td>&quot;Polio (IPV) vaccine immunization history&quot; = &quot;2 doses&quot;</td><td>text/cql</td><td>Should vaccinate patient for Polio (bOPV) because 2nd dose IPV given 4-8 weeks ago (High risk of exposure scenario)</td></tr></table></blockquote><blockquote><p><b>condition</b></p><p><b>kind</b>: applicability</p><h3>Expressions</h3><table class=\"grid\"><tr><td>-</td><td><b>Description</b></td><td><b>Language</b></td><td><b>Expression</b></td></tr><tr><td>*</td><td>&quot;Date last IPV dose given&quot; &gt;= &quot;4 weeks&quot;</td><td>text/cql</td><td>Should vaccinate patient for Polio (bOPV) because 2nd dose IPV given 4-8 weeks ago (High risk of exposure scenario)</td></tr></table></blockquote><blockquote><p><b>condition</b></p><p><b>kind</b>: applicability</p><h3>Expressions</h3><table class=\"grid\"><tr><td>-</td><td><b>Description</b></td><td><b>Language</b></td><td><b>Expression</b></td></tr><tr><td>*</td><td>&quot;Date last IPV dose given&quot; &lt;= &quot;8 weeks&quot;</td><td>text/cql</td><td>Should vaccinate patient for Polio (bOPV) because 2nd dose IPV given 4-8 weeks ago (High risk of exposure scenario)</td></tr></table></blockquote><blockquote><p><b>condition</b></p><p><b>kind</b>: applicability</p><h3>Expressions</h3><table class=\"grid\"><tr><td>-</td><td><b>Description</b></td><td><b>Language</b></td><td><b>Expression</b></td></tr><tr><td>*</td><td>&quot;Sequential IPV-OPV Schedule&quot; = TRUE</td><td>text/cql</td><td>Should vaccinate patient for Polio (bOPV) because 2nd dose IPV given 4-8 weeks ago (High risk of exposure scenario)</td></tr></table></blockquote><blockquote><p><b>condition</b></p><p><b>kind</b>: applicability</p><h3>Expressions</h3><table class=\"grid\"><tr><td>-</td><td><b>Description</b></td><td><b>Language</b></td><td><b>Expression</b></td></tr><tr><td>*</td><td>&quot;Country has a high risk of exposure to polio&quot; = TRUE</td><td>text/cql</td><td>Should vaccinate patient for Polio (bOPV) because 2nd dose IPV given 4-8 weeks ago (High risk of exposure scenario)</td></tr></table></blockquote><p><b>definition</b>: <a href=\"ActivityDefinition-IMMZ.DT.03.Polio.11.html\">IMMZ.DT.03.Polio.11</a></p></blockquote><blockquote><p><b>action</b></p><p><b>title</b>: Immunize Patient for Polio (bOPV) - 1st Dose (Third dose in 4-dose schedule) given 4-8 weeks ago</p><p><b>description</b>: Provide 4th dose Polio (bOPV) vaccination – using the &quot;IPV-IPV-bOPV-bOPV&quot; schedule (4 doses scheme)</p><blockquote><p><b>condition</b></p><p><b>kind</b>: applicability</p><h3>Expressions</h3><table class=\"grid\"><tr><td>-</td><td><b>Description</b></td><td><b>Language</b></td><td><b>Expression</b></td></tr><tr><td>*</td><td>&quot;Polio (bOPV) vaccine immunization history&quot; = &quot;1 dose&quot;</td><td>text/cql</td><td>Should vaccinate patient for Polio (bOPV) because 1st dose bOPV (Third dose in 4-dose schedule) given 4-8 weeks ago</td></tr></table></blockquote><blockquote><p><b>condition</b></p><p><b>kind</b>: applicability</p><h3>Expressions</h3><table class=\"grid\"><tr><td>-</td><td><b>Description</b></td><td><b>Language</b></td><td><b>Expression</b></td></tr><tr><td>*</td><td>&quot;Polio (IPV) vaccine immunization history&quot; = &quot;2 doses&quot;</td><td>text/cql</td><td>Should vaccinate patient for Polio (bOPV) because 1st dose bOPV (Third dose in 4-dose schedule) given 4-8 weeks ago</td></tr></table></blockquote><blockquote><p><b>condition</b></p><p><b>kind</b>: applicability</p><h3>Expressions</h3><table class=\"grid\"><tr><td>-</td><td><b>Description</b></td><td><b>Language</b></td><td><b>Expression</b></td></tr><tr><td>*</td><td>&quot;Date last bOPV dose given&quot; &gt;= &quot;4 weeks&quot;</td><td>text/cql</td><td>Should vaccinate patient for Polio (bOPV) because 1st dose bOPV (Third dose in 4-dose schedule) given 4-8 weeks ago</td></tr></table></blockquote><blockquote><p><b>condition</b></p><p><b>kind</b>: applicability</p><h3>Expressions</h3><table class=\"grid\"><tr><td>-</td><td><b>Description</b></td><td><b>Language</b></td><td><b>Expression</b></td></tr><tr><td>*</td><td>&quot;Date last bOPV dose given&quot; &lt;= &quot;8 weeks&quot;</td><td>text/cql</td><td>Should vaccinate patient for Polio (bOPV) because 1st dose bOPV (Third dose in 4-dose schedule) given 4-8 weeks ago</td></tr></table></blockquote><blockquote><p><b>condition</b></p><p><b>kind</b>: applicability</p><h3>Expressions</h3><table class=\"grid\"><tr><td>-</td><td><b>Description</b></td><td><b>Language</b></td><td><b>Expression</b></td></tr><tr><td>*</td><td>&quot;Sequential IPV-OPV Schedule&quot; = TRUE</td><td>text/cql</td><td>Should vaccinate patient for Polio (bOPV) because 1st dose bOPV (Third dose in 4-dose schedule) given 4-8 weeks ago</td></tr></table></blockquote><blockquote><p><b>condition</b></p><p><b>kind</b>: applicability</p><h3>Expressions</h3><table class=\"grid\"><tr><td>-</td><td><b>Description</b></td><td><b>Language</b></td><td><b>Expression</b></td></tr><tr><td>*</td><td>&quot;Country has a high risk of exposure to polio&quot; = TRUE</td><td>text/cql</td><td>Should vaccinate patient for Polio (bOPV) because 1st dose bOPV (Third dose in 4-dose schedule) given 4-8 weeks ago</td></tr></table></blockquote><p><b>definition</b>: <a href=\"ActivityDefinition-IMMZ.DT.03.Polio.12.html\">IMMZ.DT.03.Polio.12</a></p></blockquote><blockquote><p><b>action</b></p><p><b>title</b>: Immunize Patient for Polio - No Doses</p><p><b>description</b>: Provide 1st dose Polio (IPV) vaccination – using the &quot;IPV Only&quot; schedule</p><blockquote><p><b>condition</b></p><p><b>kind</b>: applicability</p><h3>Expressions</h3><table class=\"grid\"><tr><td>-</td><td><b>Description</b></td><td><b>Language</b></td><td><b>Expression</b></td></tr><tr><td>*</td><td>&quot;Polio (IPV) vaccine immunization history&quot; = &quot;No-doses&quot;</td><td>text/cql</td><td>Should vaccinate patient with IPV 1st dose</td></tr></table></blockquote><blockquote><p><b>condition</b></p><p><b>kind</b>: applicability</p><h3>Expressions</h3><table class=\"grid\"><tr><td>-</td><td><b>Description</b></td><td><b>Language</b></td><td><b>Expression</b></td></tr><tr><td>*</td><td>&quot;Current Patient Age in Weeks&quot; &lt;= 8</td><td>text/cql</td><td>Should vaccinate patient with IPV 1st dose</td></tr></table></blockquote><blockquote><p><b>condition</b></p><p><b>kind</b>: applicability</p><h3>Expressions</h3><table class=\"grid\"><tr><td>-</td><td><b>Description</b></td><td><b>Language</b></td><td><b>Expression</b></td></tr><tr><td>*</td><td>&quot;High Coverage of Polio and Risk of Wild Importation&quot; = TRUE</td><td>text/cql</td><td>Should vaccinate patient with IPV 1st dose</td></tr></table></blockquote><p><b>definition</b>: <a href=\"ActivityDefinition-IMMZ.DT.03.Polio.13.html\">IMMZ.DT.03.Polio.13</a></p></blockquote><blockquote><p><b>action</b></p><p><b>title</b>: Immunize Patient for Polio - 2nd dose</p><p><b>description</b>: Provide 2nd dose Polio (IPV) vaccination - using the &quot;IPV Only&quot; schedule - minimum of 4 weeks after previous dose</p><blockquote><p><b>condition</b></p><p><b>kind</b>: applicability</p><h3>Expressions</h3><table class=\"grid\"><tr><td>-</td><td><b>Description</b></td><td><b>Language</b></td><td><b>Expression</b></td></tr><tr><td>*</td><td>&quot;Polio (IPV) vaccine immunization history&quot; = &quot;1 dose&quot;</td><td>text/cql</td><td>Should vaccinate patient with IPV 2nd dose</td></tr></table></blockquote><blockquote><p><b>condition</b></p><p><b>kind</b>: applicability</p><h3>Expressions</h3><table class=\"grid\"><tr><td>-</td><td><b>Description</b></td><td><b>Language</b></td><td><b>Expression</b></td></tr><tr><td>*</td><td>&quot;High Coverage of Polio and Risk of Wild Importation&quot; = TRUE</td><td>text/cql</td><td>Should vaccinate patient with IPV 2nd dose</td></tr></table></blockquote><blockquote><p><b>condition</b></p><p><b>kind</b>: applicability</p><h3>Expressions</h3><table class=\"grid\"><tr><td>-</td><td><b>Description</b></td><td><b>Language</b></td><td><b>Expression</b></td></tr><tr><td>*</td><td>&quot;Date last IPV dose given&quot; &gt;= &quot;4 weeks&quot;</td><td>text/cql</td><td>Should vaccinate patient with IPV 2nd dose</td></tr></table></blockquote><blockquote><p><b>condition</b></p><p><b>kind</b>: applicability</p><h3>Expressions</h3><table class=\"grid\"><tr><td>-</td><td><b>Description</b></td><td><b>Language</b></td><td><b>Expression</b></td></tr><tr><td>*</td><td>&quot;Date last IPV dose given&quot; &lt;= &quot;8 weeks&quot;</td><td>text/cql</td><td>Should vaccinate patient with IPV 2nd dose</td></tr></table></blockquote><p><b>definition</b>: <a href=\"ActivityDefinition-IMMZ.DT.03.Polio.14.html\">IMMZ.DT.03.Polio.14</a></p></blockquote><blockquote><p><b>action</b></p><p><b>title</b>: Immunize Patient for Polio - 3rd dose</p><p><b>description</b>: Provide 3rd dose Polio (IPV) vaccination - using the &quot;IPV Only&quot; schedule - minimum of 4 weeks after previous dose</p><blockquote><p><b>condition</b></p><p><b>kind</b>: applicability</p><h3>Expressions</h3><table class=\"grid\"><tr><td>-</td><td><b>Description</b></td><td><b>Language</b></td><td><b>Expression</b></td></tr><tr><td>*</td><td>&quot;Polio (IPV) vaccine immunization history&quot; = &quot;2 doses&quot;</td><td>text/cql</td><td>Should vaccinate patient with IPV 3rd dose</td></tr></table></blockquote><blockquote><p><b>condition</b></p><p><b>kind</b>: applicability</p><h3>Expressions</h3><table class=\"grid\"><tr><td>-</td><td><b>Description</b></td><td><b>Language</b></td><td><b>Expression</b></td></tr><tr><td>*</td><td>&quot;High Coverage of Polio and Risk of Wild Importation&quot; = TRUE</td><td>text/cql</td><td>Should vaccinate patient with IPV 3rd dose</td></tr></table></blockquote><blockquote><p><b>condition</b></p><p><b>kind</b>: applicability</p><h3>Expressions</h3><table class=\"grid\"><tr><td>-</td><td><b>Description</b></td><td><b>Language</b></td><td><b>Expression</b></td></tr><tr><td>*</td><td>&quot;Date last IPV dose given&quot; &gt;= &quot;4 weeks&quot;</td><td>text/cql</td><td>Should vaccinate patient with IPV 3rd dose</td></tr></table></blockquote><blockquote><p><b>condition</b></p><p><b>kind</b>: applicability</p><h3>Expressions</h3><table class=\"grid\"><tr><td>-</td><td><b>Description</b></td><td><b>Language</b></td><td><b>Expression</b></td></tr><tr><td>*</td><td>&quot;Date last IPV dose given&quot; &lt;= &quot;8 weeks&quot;</td><td>text/cql</td><td>Should vaccinate patient with IPV 3rd dose</td></tr></table></blockquote><p><b>definition</b>: <a href=\"ActivityDefinition-IMMZ.DT.03.Polio.15.html\">IMMZ.DT.03.Polio.15</a></p></blockquote><blockquote><p><b>action</b></p><p><b>title</b>: Immunize Patient for Polio - 4th dose (booster)</p><p><b>description</b>: Provide 4th dose Polio (IPV) vaccination - using the &quot;IPV Only&quot; schedule - minimum of 4 weeks after previous dose</p><blockquote><p><b>condition</b></p><p><b>kind</b>: applicability</p><h3>Expressions</h3><table class=\"grid\"><tr><td>-</td><td><b>Description</b></td><td><b>Language</b></td><td><b>Expression</b></td></tr><tr><td>*</td><td>&quot;Polio (IPV) vaccine immunization history&quot; = &quot;3 doses&quot;</td><td>text/cql</td><td>Should vaccinate patient with IPV 4th dose (booster)</td></tr></table></blockquote><blockquote><p><b>condition</b></p><p><b>kind</b>: applicability</p><h3>Expressions</h3><table class=\"grid\"><tr><td>-</td><td><b>Description</b></td><td><b>Language</b></td><td><b>Expression</b></td></tr><tr><td>*</td><td>&quot;Age when 1st IPV dose was given&quot; &lt; &quot;8 weeks&quot;</td><td>text/cql</td><td>Should vaccinate patient with IPV 4th dose (booster)</td></tr></table></blockquote><blockquote><p><b>condition</b></p><p><b>kind</b>: applicability</p><h3>Expressions</h3><table class=\"grid\"><tr><td>-</td><td><b>Description</b></td><td><b>Language</b></td><td><b>Expression</b></td></tr><tr><td>*</td><td>&quot;Current Patient Age in Months&quot; &gt;= 6</td><td>text/cql</td><td>Should vaccinate patient with IPV 4th dose (booster)</td></tr></table></blockquote><blockquote><p><b>condition</b></p><p><b>kind</b>: applicability</p><h3>Expressions</h3><table class=\"grid\"><tr><td>-</td><td><b>Description</b></td><td><b>Language</b></td><td><b>Expression</b></td></tr><tr><td>*</td><td>&quot;High Coverage of Polio and Risk of Wild Importation&quot; = TRUE</td><td>text/cql</td><td>Should vaccinate patient with IPV 4th dose (booster)</td></tr></table></blockquote><p><b>definition</b>: <a href=\"ActivityDefinition-IMMZ.DT.03.Polio.16.html\">IMMZ.DT.03.Polio.16</a></p></blockquote></div>"
  },
  "url" : "http://fhir.org/guides/who/smart-immunization/PlanDefinition/IMMZ.DT.03.Polio",
  "version" : "0.1.0",
  "name" : "IMMZ.DT.03.Polio",
  "title" : "IMMZ.DT.03.Polio",
  "status" : "draft",
  "date" : "2023-04-01T05:56:31+00:00",
  "publisher" : "World Health Organization (WHO)",
  "description" : "If child or person has not been vaccinated, give Polio vaccine",
  "jurisdiction" : [{
    "coding" : [{
      "system" : "http://unstats.un.org/unsd/methods/m49/m49.htm",
      "code" : "001"
    }]
  }],
  "library" : ["http://fhir.org/guides/who/smart-immunization/Library/IMMZDT03"],
  "action" : [{
    "title" : "Immunize Patient for Polio (bOPV) - No Doses at birth (polio-endemic country and high risk of spread)",
    "description" : "Provide birth dose Polio (bOPV) vaccination – using the zero dose recommendation at birth (until 2 weeks old) due to patient being in a polio-endemic country with high risk of spread. Patient will continue the \"bOPV-IPV-bOPV-IPV-bOPV\" schedule (5 doses scheme)",
    "condition" : [{
      "kind" : "applicability",
      "expression" : {
        "description" : "\"Polio (IPV) vaccine immunization history\" = \"No-doses\"",
        "language" : "text/cql",
        "expression" : "Should vaccinate patient for Polio (bOPV) because no doses at birth (up to 2 weeks old) and patient is in a polio-endemic country with high risk of spread"
      }
    },
    {
      "kind" : "applicability",
      "expression" : {
        "description" : "\"Polio (bOPV) vaccine immunization history\" = \"No-doses\"",
        "language" : "text/cql",
        "expression" : "Should vaccinate patient for Polio (bOPV) because no doses at birth (up to 2 weeks old) and patient is in a polio-endemic country with high risk of spread"
      }
    },
    {
      "kind" : "applicability",
      "expression" : {
        "description" : "\"Current Patient Age in Weeks\" < 2",
        "language" : "text/cql",
        "expression" : "Should vaccinate patient for Polio (bOPV) because no doses at birth (up to 2 weeks old) and patient is in a polio-endemic country with high risk of spread"
      }
    },
    {
      "kind" : "applicability",
      "expression" : {
        "description" : "\"Combined bOPV and IPV Schedule\" = TRUE",
        "language" : "text/cql",
        "expression" : "Should vaccinate patient for Polio (bOPV) because no doses at birth (up to 2 weeks old) and patient is in a polio-endemic country with high risk of spread"
      }
    },
    {
      "kind" : "applicability",
      "expression" : {
        "description" : "\"Polio-endemic country with high risk of spread\" = TRUE",
        "language" : "text/cql",
        "expression" : "Should vaccinate patient for Polio (bOPV) because no doses at birth (up to 2 weeks old) and patient is in a polio-endemic country with high risk of spread"
      }
    }],
    "definitionCanonical" : "http://fhir.org/guides/who/smart-immunization/ActivityDefinition/IMMZ.DT.03.Polio.01"
  },
  {
    "title" : "Immunize Patient for Polio (bOPV) - No Doses at 6 weeks old",
    "description" : "Provide 1st dose Polio (bOPV) vaccination – using the \"bOPV-IPV-bOPV-IPV-bOPV\" schedule (5 doses scheme)",
    "condition" : [{
      "kind" : "applicability",
      "expression" : {
        "description" : "\"Polio (bOPV) vaccine immunization history\" = \"No-doses\"",
        "language" : "text/cql",
        "expression" : "Should vaccinate patient for Polio (bOPV) because no doses at 6 weeks old"
      }
    },
    {
      "kind" : "applicability",
      "expression" : {
        "description" : "\"Current Patient Age in Weeks\" >= 6",
        "language" : "text/cql",
        "expression" : "Should vaccinate patient for Polio (bOPV) because no doses at 6 weeks old"
      }
    },
    {
      "kind" : "applicability",
      "expression" : {
        "description" : "\"Combined bOPV and IPV Schedule\" = TRUE",
        "language" : "text/cql",
        "expression" : "Should vaccinate patient for Polio (bOPV) because no doses at 6 weeks old"
      }
    }],
    "definitionCanonical" : "http://fhir.org/guides/who/smart-immunization/ActivityDefinition/IMMZ.DT.03.Polio.02"
  },
  {
    "title" : "Immunize Patient for Polio (IPV) - No Doses at 14 weeks old",
    "description" : "Provide 1st dose Polio (IPV) vaccination – using the \"bOPV-IPV-bOPV-IPV-bOPV\" schedule (5 doses scheme)",
    "condition" : [{
      "kind" : "applicability",
      "expression" : {
        "description" : "\"Polio (IPV) vaccine immunization history\" = \"No-doses\"",
        "language" : "text/cql",
        "expression" : "Should vaccinate patient for Polio (IPV) because no doses at 14 weeks old"
      }
    },
    {
      "kind" : "applicability",
      "expression" : {
        "description" : "\"Current Patient Age in Weeks\" >= 14",
        "language" : "text/cql",
        "expression" : "Should vaccinate patient for Polio (IPV) because no doses at 14 weeks old"
      }
    },
    {
      "kind" : "applicability",
      "expression" : {
        "description" : "\"Combined bOPV and IPV Schedule\" = TRUE",
        "language" : "text/cql",
        "expression" : "Should vaccinate patient for Polio (IPV) because no doses at 14 weeks old"
      }
    }],
    "definitionCanonical" : "http://fhir.org/guides/who/smart-immunization/ActivityDefinition/IMMZ.DT.03.Polio.03"
  },
  {
    "title" : "Immunize Patient for Polio (bOPV) - 1 Dose given 4 weeks ago",
    "description" : "Provide 2nd dose Polio (bOPV) vaccination – using the \"bOPV-IPV-bOPV-IPV-bOPV\" schedule (5 doses scheme)",
    "condition" : [{
      "kind" : "applicability",
      "expression" : {
        "description" : "\"Polio (bOPV) vaccine immunization history\" = \"1 dose\"",
        "language" : "text/cql",
        "expression" : "Should vaccinate patient for Polio (bOPV) because 1 dose bOPV given 4 weeks ago"
      }
    },
    {
      "kind" : "applicability",
      "expression" : {
        "description" : "\"Date last bOPV dose given\" >= \"4 weeks\"",
        "language" : "text/cql",
        "expression" : "Should vaccinate patient for Polio (bOPV) because 1 dose bOPV given 4 weeks ago"
      }
    },
    {
      "kind" : "applicability",
      "expression" : {
        "description" : "\"Combined bOPV and IPV Schedule\" = TRUE",
        "language" : "text/cql",
        "expression" : "Should vaccinate patient for Polio (bOPV) because 1 dose bOPV given 4 weeks ago"
      }
    }],
    "definitionCanonical" : "http://fhir.org/guides/who/smart-immunization/ActivityDefinition/IMMZ.DT.03.Polio.04"
  },
  {
    "title" : "Immunize Patient for Polio (IPV) - 1 Dose given at least 4 months ago",
    "description" : "Provide 2nd dose Polio (IPV) vaccination – using the \"bOPV-IPV-bOPV-IPV-bOPV\" schedule (5 doses scheme)",
    "condition" : [{
      "kind" : "applicability",
      "expression" : {
        "description" : "\"Polio (IPV) vaccine immunization history\" = \"1 dose\"",
        "language" : "text/cql",
        "expression" : "Should vaccinate patient for Polio (IPV) because 1 dose IPV given at least 4 months ago"
      }
    },
    {
      "kind" : "applicability",
      "expression" : {
        "description" : "\"Date last IPV dose given\" >= \"4 months\"",
        "language" : "text/cql",
        "expression" : "Should vaccinate patient for Polio (IPV) because 1 dose IPV given at least 4 months ago"
      }
    },
    {
      "kind" : "applicability",
      "expression" : {
        "description" : "\"Combined bOPV and IPV Schedule\" = TRUE",
        "language" : "text/cql",
        "expression" : "Should vaccinate patient for Polio (IPV) because 1 dose IPV given at least 4 months ago"
      }
    }],
    "definitionCanonical" : "http://fhir.org/guides/who/smart-immunization/ActivityDefinition/IMMZ.DT.03.Polio.05"
  },
  {
    "title" : "Immunize Patient for Polio (bOPV) - 2 Doses given 4 weeks ago",
    "description" : "Provide 3rd dose Polio (bOPV) vaccination – using the \"bOPV-IPV-bOPV-IPV-bOPV\" schedule (5 doses scheme)",
    "condition" : [{
      "kind" : "applicability",
      "expression" : {
        "description" : "\"Polio (bOPV) vaccine immunization history\" = \"2 doses\"",
        "language" : "text/cql",
        "expression" : "Should vaccinate patient for Polio (bOPV) because 2nd dose bOPV given 4 weeks ago"
      }
    },
    {
      "kind" : "applicability",
      "expression" : {
        "description" : "\"Date last bOPV dose given\" >= \"4 weeks\"",
        "language" : "text/cql",
        "expression" : "Should vaccinate patient for Polio (bOPV) because 2nd dose bOPV given 4 weeks ago"
      }
    },
    {
      "kind" : "applicability",
      "expression" : {
        "description" : "\"Combined bOPV and IPV Schedule\" = TRUE",
        "language" : "text/cql",
        "expression" : "Should vaccinate patient for Polio (bOPV) because 2nd dose bOPV given 4 weeks ago"
      }
    }],
    "definitionCanonical" : "http://fhir.org/guides/who/smart-immunization/ActivityDefinition/IMMZ.DT.03.Polio.06"
  },
  {
    "title" : "Immunize Patient for Polio (IPV) - No Doses at 8 weeks old",
    "description" : "Provide 1st dose Polio (IPV) vaccination – using the \"IPV-bOPV-bOPV\" schedule (3 doses scheme)",
    "condition" : [{
      "kind" : "applicability",
      "expression" : {
        "description" : "\"Polio (IPV) vaccine immunization history\" = \"No-doses\"",
        "language" : "text/cql",
        "expression" : "Should vaccinate patient for Polio (IPV) because no doses at 8 weeks old"
      }
    },
    {
      "kind" : "applicability",
      "expression" : {
        "description" : "\"Current Patient Age in Weeks\" >= 8",
        "language" : "text/cql",
        "expression" : "Should vaccinate patient for Polio (IPV) because no doses at 8 weeks old"
      }
    },
    {
      "kind" : "applicability",
      "expression" : {
        "description" : "\"Sequential IPV-OPV Schedule\" = TRUE",
        "language" : "text/cql",
        "expression" : "Should vaccinate patient for Polio (IPV) because no doses at 8 weeks old"
      }
    }],
    "definitionCanonical" : "http://fhir.org/guides/who/smart-immunization/ActivityDefinition/IMMZ.DT.03.Polio.07"
  },
  {
    "title" : "Immunize Patient for Polio (IPV) - 1st Dose given 4-8 weeks ago (High risk of exposure scenario)",
    "description" : "Provide 1st dose Polio (bOPV) vaccination – using the \"IPV-bOPV-bOPV\" schedule (3 doses scheme)",
    "condition" : [{
      "kind" : "applicability",
      "expression" : {
        "description" : "\"Polio (IPV) vaccine immunization history\" = \"1 dose\"",
        "language" : "text/cql",
        "expression" : "Should vaccinate patient for Polio (bOPV) because 1st dose IPV given 4-8 weeks ago"
      }
    },
    {
      "kind" : "applicability",
      "expression" : {
        "description" : "\"Date last IPV dose given\" >= \"4 weeks\"",
        "language" : "text/cql",
        "expression" : "Should vaccinate patient for Polio (bOPV) because 1st dose IPV given 4-8 weeks ago"
      }
    },
    {
      "kind" : "applicability",
      "expression" : {
        "description" : "\"Date last IPV dose given\" <= \"8 weeks\"",
        "language" : "text/cql",
        "expression" : "Should vaccinate patient for Polio (bOPV) because 1st dose IPV given 4-8 weeks ago"
      }
    },
    {
      "kind" : "applicability",
      "expression" : {
        "description" : "\"Sequential IPV-OPV Schedule\" = TRUE",
        "language" : "text/cql",
        "expression" : "Should vaccinate patient for Polio (bOPV) because 1st dose IPV given 4-8 weeks ago"
      }
    }],
    "definitionCanonical" : "http://fhir.org/guides/who/smart-immunization/ActivityDefinition/IMMZ.DT.03.Polio.08"
  },
  {
    "title" : "Immunize Patient for Polio (IPV) - 1st Dose given 4-8 weeks ago (High risk of exposure scenario)",
    "description" : "Provide 2nd dose Polio (IPV) vaccination – using the \"IPV-IPV-bOPV-bOPV\" schedule (4 doses scheme)",
    "condition" : [{
      "kind" : "applicability",
      "expression" : {
        "description" : "\"Polio (IPV) vaccine immunization history\" = \"1 dose\"",
        "language" : "text/cql",
        "expression" : "Should vaccinate patient for Polio (IPV) because 1st dose IPV given 4-8 weeks ago (High risk of exposure scenario)"
      }
    },
    {
      "kind" : "applicability",
      "expression" : {
        "description" : "\"Date last IPV dose given\" >= \"4 weeks\"",
        "language" : "text/cql",
        "expression" : "Should vaccinate patient for Polio (IPV) because 1st dose IPV given 4-8 weeks ago (High risk of exposure scenario)"
      }
    },
    {
      "kind" : "applicability",
      "expression" : {
        "description" : "\"Date last IPV dose given\" <= \"8 weeks\"",
        "language" : "text/cql",
        "expression" : "Should vaccinate patient for Polio (IPV) because 1st dose IPV given 4-8 weeks ago (High risk of exposure scenario)"
      }
    },
    {
      "kind" : "applicability",
      "expression" : {
        "description" : "\"Sequential IPV-OPV Schedule\" = TRUE",
        "language" : "text/cql",
        "expression" : "Should vaccinate patient for Polio (IPV) because 1st dose IPV given 4-8 weeks ago (High risk of exposure scenario)"
      }
    },
    {
      "kind" : "applicability",
      "expression" : {
        "description" : "\"Country has a high risk of exposure to polio\" = TRUE",
        "language" : "text/cql",
        "expression" : "Should vaccinate patient for Polio (IPV) because 1st dose IPV given 4-8 weeks ago (High risk of exposure scenario)"
      }
    }],
    "definitionCanonical" : "http://fhir.org/guides/who/smart-immunization/ActivityDefinition/IMMZ.DT.03.Polio.09"
  },
  {
    "title" : "Immunize Patient for Polio (bOPV) - 1st Dose (Second dose in 3-dose schedule) given 4-8 weeks ago",
    "description" : "Provide 2nd dose Polio (bOPV) vaccination – using the \"IPV-bOPV-bOPV\" schedule (3 doses scheme)",
    "condition" : [{
      "kind" : "applicability",
      "expression" : {
        "description" : "\"Polio (bOPV) vaccine immunization history\" = \"1 dose\"",
        "language" : "text/cql",
        "expression" : "Should vaccinate patient for Polio (bOPV) because 1st dose bOPV (Second dose in 3-dose schedule) given 4-8 weeks ago"
      }
    },
    {
      "kind" : "applicability",
      "expression" : {
        "description" : "\"Date last bOPV dose given\" >= \"4 weeks\"",
        "language" : "text/cql",
        "expression" : "Should vaccinate patient for Polio (bOPV) because 1st dose bOPV (Second dose in 3-dose schedule) given 4-8 weeks ago"
      }
    },
    {
      "kind" : "applicability",
      "expression" : {
        "description" : "\"Date last bOPV dose given\" <= \"8 weeks\"",
        "language" : "text/cql",
        "expression" : "Should vaccinate patient for Polio (bOPV) because 1st dose bOPV (Second dose in 3-dose schedule) given 4-8 weeks ago"
      }
    },
    {
      "kind" : "applicability",
      "expression" : {
        "description" : "\"Sequential IPV-OPV Schedule\" = TRUE",
        "language" : "text/cql",
        "expression" : "Should vaccinate patient for Polio (bOPV) because 1st dose bOPV (Second dose in 3-dose schedule) given 4-8 weeks ago"
      }
    }],
    "definitionCanonical" : "http://fhir.org/guides/who/smart-immunization/ActivityDefinition/IMMZ.DT.03.Polio.10"
  },
  {
    "title" : "Immunize Patient for Polio (IPV) - 2nd Dose given 4-8 weeks ago (High risk of exposure scenario)",
    "description" : "Provide 3rd dose Polio (bOPV) vaccination – using the \"IPV-IPV-bOPV-bOPV\" schedule (4 doses scheme)",
    "condition" : [{
      "kind" : "applicability",
      "expression" : {
        "description" : "\"Polio (IPV) vaccine immunization history\" = \"2 doses\"",
        "language" : "text/cql",
        "expression" : "Should vaccinate patient for Polio (bOPV) because 2nd dose IPV given 4-8 weeks ago (High risk of exposure scenario)"
      }
    },
    {
      "kind" : "applicability",
      "expression" : {
        "description" : "\"Date last IPV dose given\" >= \"4 weeks\"",
        "language" : "text/cql",
        "expression" : "Should vaccinate patient for Polio (bOPV) because 2nd dose IPV given 4-8 weeks ago (High risk of exposure scenario)"
      }
    },
    {
      "kind" : "applicability",
      "expression" : {
        "description" : "\"Date last IPV dose given\" <= \"8 weeks\"",
        "language" : "text/cql",
        "expression" : "Should vaccinate patient for Polio (bOPV) because 2nd dose IPV given 4-8 weeks ago (High risk of exposure scenario)"
      }
    },
    {
      "kind" : "applicability",
      "expression" : {
        "description" : "\"Sequential IPV-OPV Schedule\" = TRUE",
        "language" : "text/cql",
        "expression" : "Should vaccinate patient for Polio (bOPV) because 2nd dose IPV given 4-8 weeks ago (High risk of exposure scenario)"
      }
    },
    {
      "kind" : "applicability",
      "expression" : {
        "description" : "\"Country has a high risk of exposure to polio\" = TRUE",
        "language" : "text/cql",
        "expression" : "Should vaccinate patient for Polio (bOPV) because 2nd dose IPV given 4-8 weeks ago (High risk of exposure scenario)"
      }
    }],
    "definitionCanonical" : "http://fhir.org/guides/who/smart-immunization/ActivityDefinition/IMMZ.DT.03.Polio.11"
  },
  {
    "title" : "Immunize Patient for Polio (bOPV) - 1st Dose (Third dose in 4-dose schedule) given 4-8 weeks ago",
    "description" : "Provide 4th dose Polio (bOPV) vaccination – using the \"IPV-IPV-bOPV-bOPV\" schedule (4 doses scheme)",
    "condition" : [{
      "kind" : "applicability",
      "expression" : {
        "description" : "\"Polio (bOPV) vaccine immunization history\" = \"1 dose\"",
        "language" : "text/cql",
        "expression" : "Should vaccinate patient for Polio (bOPV) because 1st dose bOPV (Third dose in 4-dose schedule) given 4-8 weeks ago"
      }
    },
    {
      "kind" : "applicability",
      "expression" : {
        "description" : "\"Polio (IPV) vaccine immunization history\" = \"2 doses\"",
        "language" : "text/cql",
        "expression" : "Should vaccinate patient for Polio (bOPV) because 1st dose bOPV (Third dose in 4-dose schedule) given 4-8 weeks ago"
      }
    },
    {
      "kind" : "applicability",
      "expression" : {
        "description" : "\"Date last bOPV dose given\" >= \"4 weeks\"",
        "language" : "text/cql",
        "expression" : "Should vaccinate patient for Polio (bOPV) because 1st dose bOPV (Third dose in 4-dose schedule) given 4-8 weeks ago"
      }
    },
    {
      "kind" : "applicability",
      "expression" : {
        "description" : "\"Date last bOPV dose given\" <= \"8 weeks\"",
        "language" : "text/cql",
        "expression" : "Should vaccinate patient for Polio (bOPV) because 1st dose bOPV (Third dose in 4-dose schedule) given 4-8 weeks ago"
      }
    },
    {
      "kind" : "applicability",
      "expression" : {
        "description" : "\"Sequential IPV-OPV Schedule\" = TRUE",
        "language" : "text/cql",
        "expression" : "Should vaccinate patient for Polio (bOPV) because 1st dose bOPV (Third dose in 4-dose schedule) given 4-8 weeks ago"
      }
    },
    {
      "kind" : "applicability",
      "expression" : {
        "description" : "\"Country has a high risk of exposure to polio\" = TRUE",
        "language" : "text/cql",
        "expression" : "Should vaccinate patient for Polio (bOPV) because 1st dose bOPV (Third dose in 4-dose schedule) given 4-8 weeks ago"
      }
    }],
    "definitionCanonical" : "http://fhir.org/guides/who/smart-immunization/ActivityDefinition/IMMZ.DT.03.Polio.12"
  },
  {
    "title" : "Immunize Patient for Polio - No Doses",
    "description" : "Provide 1st dose Polio (IPV) vaccination – using the \"IPV Only\" schedule",
    "condition" : [{
      "kind" : "applicability",
      "expression" : {
        "description" : "\"Polio (IPV) vaccine immunization history\" = \"No-doses\"",
        "language" : "text/cql",
        "expression" : "Should vaccinate patient with IPV 1st dose"
      }
    },
    {
      "kind" : "applicability",
      "expression" : {
        "description" : "\"Current Patient Age in Weeks\" <= 8",
        "language" : "text/cql",
        "expression" : "Should vaccinate patient with IPV 1st dose"
      }
    },
    {
      "kind" : "applicability",
      "expression" : {
        "description" : "\"High Coverage of Polio and Risk of Wild Importation\" = TRUE",
        "language" : "text/cql",
        "expression" : "Should vaccinate patient with IPV 1st dose"
      }
    }],
    "definitionCanonical" : "http://fhir.org/guides/who/smart-immunization/ActivityDefinition/IMMZ.DT.03.Polio.13"
  },
  {
    "title" : "Immunize Patient for Polio - 2nd dose",
    "description" : "Provide 2nd dose Polio (IPV) vaccination - using the \"IPV Only\" schedule - minimum of 4 weeks after previous dose",
    "condition" : [{
      "kind" : "applicability",
      "expression" : {
        "description" : "\"Polio (IPV) vaccine immunization history\" = \"1 dose\"",
        "language" : "text/cql",
        "expression" : "Should vaccinate patient with IPV 2nd dose"
      }
    },
    {
      "kind" : "applicability",
      "expression" : {
        "description" : "\"High Coverage of Polio and Risk of Wild Importation\" = TRUE",
        "language" : "text/cql",
        "expression" : "Should vaccinate patient with IPV 2nd dose"
      }
    },
    {
      "kind" : "applicability",
      "expression" : {
        "description" : "\"Date last IPV dose given\" >= \"4 weeks\"",
        "language" : "text/cql",
        "expression" : "Should vaccinate patient with IPV 2nd dose"
      }
    },
    {
      "kind" : "applicability",
      "expression" : {
        "description" : "\"Date last IPV dose given\" <= \"8 weeks\"",
        "language" : "text/cql",
        "expression" : "Should vaccinate patient with IPV 2nd dose"
      }
    }],
    "definitionCanonical" : "http://fhir.org/guides/who/smart-immunization/ActivityDefinition/IMMZ.DT.03.Polio.14"
  },
  {
    "title" : "Immunize Patient for Polio - 3rd dose",
    "description" : "Provide 3rd dose Polio (IPV) vaccination - using the \"IPV Only\" schedule - minimum of 4 weeks after previous dose",
    "condition" : [{
      "kind" : "applicability",
      "expression" : {
        "description" : "\"Polio (IPV) vaccine immunization history\" = \"2 doses\"",
        "language" : "text/cql",
        "expression" : "Should vaccinate patient with IPV 3rd dose"
      }
    },
    {
      "kind" : "applicability",
      "expression" : {
        "description" : "\"High Coverage of Polio and Risk of Wild Importation\" = TRUE",
        "language" : "text/cql",
        "expression" : "Should vaccinate patient with IPV 3rd dose"
      }
    },
    {
      "kind" : "applicability",
      "expression" : {
        "description" : "\"Date last IPV dose given\" >= \"4 weeks\"",
        "language" : "text/cql",
        "expression" : "Should vaccinate patient with IPV 3rd dose"
      }
    },
    {
      "kind" : "applicability",
      "expression" : {
        "description" : "\"Date last IPV dose given\" <= \"8 weeks\"",
        "language" : "text/cql",
        "expression" : "Should vaccinate patient with IPV 3rd dose"
      }
    }],
    "definitionCanonical" : "http://fhir.org/guides/who/smart-immunization/ActivityDefinition/IMMZ.DT.03.Polio.15"
  },
  {
    "title" : "Immunize Patient for Polio - 4th dose (booster)",
    "description" : "Provide 4th dose Polio (IPV) vaccination - using the \"IPV Only\" schedule - minimum of 4 weeks after previous dose",
    "condition" : [{
      "kind" : "applicability",
      "expression" : {
        "description" : "\"Polio (IPV) vaccine immunization history\" = \"3 doses\"",
        "language" : "text/cql",
        "expression" : "Should vaccinate patient with IPV 4th dose (booster)"
      }
    },
    {
      "kind" : "applicability",
      "expression" : {
        "description" : "\"Age when 1st IPV dose was given\" < \"8 weeks\"",
        "language" : "text/cql",
        "expression" : "Should vaccinate patient with IPV 4th dose (booster)"
      }
    },
    {
      "kind" : "applicability",
      "expression" : {
        "description" : "\"Current Patient Age in Months\" >= 6",
        "language" : "text/cql",
        "expression" : "Should vaccinate patient with IPV 4th dose (booster)"
      }
    },
    {
      "kind" : "applicability",
      "expression" : {
        "description" : "\"High Coverage of Polio and Risk of Wild Importation\" = TRUE",
        "language" : "text/cql",
        "expression" : "Should vaccinate patient with IPV 4th dose (booster)"
      }
    }],
    "definitionCanonical" : "http://fhir.org/guides/who/smart-immunization/ActivityDefinition/IMMZ.DT.03.Polio.16"
  }]
}