{
  "resourceType" : "PlanDefinition",
  "id" : "IMMZ.DT.01.BCG",
  "text" : {
    "status" : "generated",
    "div" : "<div xmlns=\"http://www.w3.org/1999/xhtml\"><p><b>Generated Narrative: PlanDefinition</b><a name=\"IMMZ.DT.01.BCG\"> </a></p><div style=\"display: inline-block; background-color: #d9e0e7; padding: 6px; margin: 4px; border: 1px solid #8da1b4; border-radius: 5px; line-height: 60%\"><p style=\"margin-bottom: 0px\">Resource PlanDefinition &quot;IMMZ.DT.01.BCG&quot; </p></div><p><b>url</b>: <code>http://fhir.org/guides/who/smart-immunization/PlanDefinition/IMMZ.DT.01.BCG</code></p><p><b>version</b>: 0.1.0</p><p><b>name</b>: IMMZ.DT.01.BCG</p><p><b>title</b>: IMMZ.DT.01.BCG</p><p><b>status</b>: draft</p><p><b>date</b>: 2023-04-01 05:56:31+0000</p><p><b>publisher</b>: World Health Organization (WHO)</p><p><b>description</b>: If child or person has not been vaccinated, give BCG vaccine as soon as possible after birth</p><p><b>jurisdiction</b>: Global (Whole world) <span style=\"background: LightGoldenRodYellow; margin: 4px; border: 1px solid khaki\"> (m49.htm#001)</span></p><p><b>library</b>: <a href=\"Library-IMMZDT01.html\">IMMZDT01</a></p><blockquote><p><b>action</b></p><p><b>title</b>: Immunize Patient for BCG - TST-negative</p><p><b>description</b>: Provide BCG immunizations – using the &quot;BCG vaccine immunization – NO PREVIOUS&quot; schedule (1 dose scheme)</p><blockquote><p><b>condition</b></p><p><b>kind</b>: applicability</p><h3>Expressions</h3><table class=\"grid\"><tr><td>-</td><td><b>Description</b></td><td><b>Language</b></td><td><b>Expression</b></td></tr><tr><td>*</td><td>&quot;TST Test Result&quot; = &quot;TST-negative&quot;</td><td>text/cql</td><td>Should vaccinate patient for BCG</td></tr></table></blockquote><blockquote><p><b>condition</b></p><p><b>kind</b>: applicability</p><h3>Expressions</h3><table class=\"grid\"><tr><td>-</td><td><b>Description</b></td><td><b>Language</b></td><td><b>Expression</b></td></tr><tr><td>*</td><td>&quot;High incidence of TB and/or high leprosy burden&quot; = TRUE</td><td>text/cql</td><td>Should vaccinate patient for BCG</td></tr></table></blockquote><p><b>definition</b>: <a href=\"ActivityDefinition-IMMZ.DT.01.BCG.01.html\">IMMZ.DT.01.BCG.01</a></p></blockquote><blockquote><p><b>action</b></p><p><b>title</b>: Immunize Patient for BCG - IGRA-negative</p><p><b>description</b>: Provide BCG immunizations – using the &quot;BCG vaccine immunization – NO PREVIOUS&quot; schedule (1 dose scheme)</p><blockquote><p><b>condition</b></p><p><b>kind</b>: applicability</p><h3>Expressions</h3><table class=\"grid\"><tr><td>-</td><td><b>Description</b></td><td><b>Language</b></td><td><b>Expression</b></td></tr><tr><td>*</td><td>&quot;IGRA Test Result&quot; = &quot;IGRA-negative&quot;</td><td>text/cql</td><td>Should vaccinate patient for BCG</td></tr></table></blockquote><blockquote><p><b>condition</b></p><p><b>kind</b>: applicability</p><h3>Expressions</h3><table class=\"grid\"><tr><td>-</td><td><b>Description</b></td><td><b>Language</b></td><td><b>Expression</b></td></tr><tr><td>*</td><td>&quot;High incidence \nof TB and/or high leprosy burden&quot; = TRUE</td><td>text/cql</td><td>Should vaccinate patient for BCG</td></tr></table></blockquote><p><b>definition</b>: <a href=\"ActivityDefinition-IMMZ.DT.01.BCG.02.html\">IMMZ.DT.01.BCG.02</a></p></blockquote><blockquote><p><b>action</b></p><p><b>title</b>: Immunize Patient for BCG - No Doses</p><p><b>description</b>: Provide BCG immunizations – using the &quot;BCG vaccine immunization – NO PREVIOUS&quot; schedule (1 dose scheme)</p><blockquote><p><b>condition</b></p><p><b>kind</b>: applicability</p><h3>Expressions</h3><table class=\"grid\"><tr><td>-</td><td><b>Description</b></td><td><b>Language</b></td><td><b>Expression</b></td></tr><tr><td>*</td><td>&quot;BCG vaccine immunization history&quot; = &quot;No-doses&quot;</td><td>text/cql</td><td>Should vaccinate patient for BCG</td></tr></table></blockquote><blockquote><p><b>condition</b></p><p><b>kind</b>: applicability</p><h3>Expressions</h3><table class=\"grid\"><tr><td>-</td><td><b>Description</b></td><td><b>Language</b></td><td><b>Expression</b></td></tr><tr><td>*</td><td>&quot;High incidence \nof TB and/or high leprosy burden&quot; = TRUE</td><td>text/cql</td><td>Should vaccinate patient for BCG</td></tr></table></blockquote><p><b>definition</b>: <a href=\"ActivityDefinition-IMMZ.DT.01.BCG.03.html\">IMMZ.DT.01.BCG.03</a></p></blockquote><blockquote><p><b>action</b></p><p><b>title</b>: Immunize Patient for BCG - History Unknown</p><p><b>description</b>: Provide BCG immunizations – using the &quot;BCG vaccine immunization – NO PREVIOUS&quot; schedule (1 dose scheme)</p><blockquote><p><b>condition</b></p><p><b>kind</b>: applicability</p><h3>Expressions</h3><table class=\"grid\"><tr><td>-</td><td><b>Description</b></td><td><b>Language</b></td><td><b>Expression</b></td></tr><tr><td>*</td><td>&quot;BCG vaccine immunization history&quot; = &quot;Unknown&quot;</td><td>text/cql</td><td>Should vaccinate patient for BCG</td></tr></table></blockquote><blockquote><p><b>condition</b></p><p><b>kind</b>: applicability</p><h3>Expressions</h3><table class=\"grid\"><tr><td>-</td><td><b>Description</b></td><td><b>Language</b></td><td><b>Expression</b></td></tr><tr><td>*</td><td>&quot;High incidence \nof TB and/or high leprosy burden&quot; = TRUE</td><td>text/cql</td><td>Should vaccinate patient for BCG</td></tr></table></blockquote><p><b>definition</b>: <a href=\"ActivityDefinition-IMMZ.DT.01.BCG.04.html\">IMMZ.DT.01.BCG.04</a></p></blockquote><blockquote><p><b>action</b></p><p><b>title</b>: Immunize Patient for BCG - No Doses and HIV Status Positive and immunicologically stable</p><p><b>description</b>: Provide BCG immunizations – using the &quot;BCG vaccine immunization – NO PREVIOUS&quot; schedule (1 dose scheme) if CD4% &gt;25% for children aged &lt;5 years or CD4 count ≥200 if aged &gt;5  years</p><blockquote><p><b>condition</b></p><p><b>kind</b>: applicability</p><h3>Expressions</h3><table class=\"grid\"><tr><td>-</td><td><b>Description</b></td><td><b>Language</b></td><td><b>Expression</b></td></tr><tr><td>*</td><td>&quot;BCG vaccine immunization history&quot; = &quot;No-doses&quot;</td><td>text/cql</td><td>Should vaccinate patient for BCG</td></tr></table></blockquote><blockquote><p><b>condition</b></p><p><b>kind</b>: applicability</p><h3>Expressions</h3><table class=\"grid\"><tr><td>-</td><td><b>Description</b></td><td><b>Language</b></td><td><b>Expression</b></td></tr><tr><td>*</td><td>&quot;HIV Status&quot; = &quot;Positive&quot;</td><td>text/cql</td><td>Should vaccinate patient for BCG</td></tr></table></blockquote><blockquote><p><b>condition</b></p><p><b>kind</b>: applicability</p><h3>Expressions</h3><table class=\"grid\"><tr><td>-</td><td><b>Description</b></td><td><b>Language</b></td><td><b>Expression</b></td></tr><tr><td>*</td><td>&quot;CD4%&quot; &gt;&quot;25%&quot;</td><td>text/cql</td><td>Should vaccinate patient for BCG</td></tr></table></blockquote><blockquote><p><b>condition</b></p><p><b>kind</b>: applicability</p><h3>Expressions</h3><table class=\"grid\"><tr><td>-</td><td><b>Description</b></td><td><b>Language</b></td><td><b>Expression</b></td></tr><tr><td>*</td><td>&quot;Current Patient Age in Years&quot; &lt; 5</td><td>text/cql</td><td>Should vaccinate patient for BCG</td></tr></table></blockquote><blockquote><p><b>condition</b></p><p><b>kind</b>: applicability</p><h3>Expressions</h3><table class=\"grid\"><tr><td>-</td><td><b>Description</b></td><td><b>Language</b></td><td><b>Expression</b></td></tr><tr><td>*</td><td>&quot;High incidence \nof TB and/or high leprosy burden&quot; = TRUE</td><td>text/cql</td><td>Should vaccinate patient for BCG</td></tr></table></blockquote><p><b>definition</b>: <a href=\"ActivityDefinition-IMMZ.DT.01.BCG.05.html\">IMMZ.DT.01.BCG.05</a></p></blockquote></div>"
  },
  "url" : "http://fhir.org/guides/who/smart-immunization/PlanDefinition/IMMZ.DT.01.BCG",
  "version" : "0.1.0",
  "name" : "IMMZ.DT.01.BCG",
  "title" : "IMMZ.DT.01.BCG",
  "status" : "draft",
  "date" : "2023-04-01T05:56:31+00:00",
  "publisher" : "World Health Organization (WHO)",
  "description" : "If child or person has not been vaccinated, give BCG vaccine as soon as possible after birth",
  "jurisdiction" : [{
    "coding" : [{
      "system" : "http://unstats.un.org/unsd/methods/m49/m49.htm",
      "code" : "001"
    }]
  }],
  "library" : ["http://fhir.org/guides/who/smart-immunization/Library/IMMZDT01"],
  "action" : [{
    "title" : "Immunize Patient for BCG - TST-negative",
    "description" : "Provide BCG immunizations – using the \"BCG vaccine immunization – NO PREVIOUS\" schedule (1 dose scheme)",
    "condition" : [{
      "kind" : "applicability",
      "expression" : {
        "description" : "\"TST Test Result\" = \"TST-negative\"",
        "language" : "text/cql",
        "expression" : "Should vaccinate patient for BCG"
      }
    },
    {
      "kind" : "applicability",
      "expression" : {
        "description" : "\"High incidence of TB and/or high leprosy burden\" = TRUE",
        "language" : "text/cql",
        "expression" : "Should vaccinate patient for BCG"
      }
    }],
    "definitionCanonical" : "http://fhir.org/guides/who/smart-immunization/ActivityDefinition/IMMZ.DT.01.BCG.01"
  },
  {
    "title" : "Immunize Patient for BCG - IGRA-negative",
    "description" : "Provide BCG immunizations – using the \"BCG vaccine immunization – NO PREVIOUS\" schedule (1 dose scheme)",
    "condition" : [{
      "kind" : "applicability",
      "expression" : {
        "description" : "\"IGRA Test Result\" = \"IGRA-negative\"",
        "language" : "text/cql",
        "expression" : "Should vaccinate patient for BCG"
      }
    },
    {
      "kind" : "applicability",
      "expression" : {
        "description" : "\"High incidence \nof TB and/or high leprosy burden\" = TRUE",
        "language" : "text/cql",
        "expression" : "Should vaccinate patient for BCG"
      }
    }],
    "definitionCanonical" : "http://fhir.org/guides/who/smart-immunization/ActivityDefinition/IMMZ.DT.01.BCG.02"
  },
  {
    "title" : "Immunize Patient for BCG - No Doses",
    "description" : "Provide BCG immunizations – using the \"BCG vaccine immunization – NO PREVIOUS\" schedule (1 dose scheme)",
    "condition" : [{
      "kind" : "applicability",
      "expression" : {
        "description" : "\"BCG vaccine immunization history\" = \"No-doses\"",
        "language" : "text/cql",
        "expression" : "Should vaccinate patient for BCG"
      }
    },
    {
      "kind" : "applicability",
      "expression" : {
        "description" : "\"High incidence \nof TB and/or high leprosy burden\" = TRUE",
        "language" : "text/cql",
        "expression" : "Should vaccinate patient for BCG"
      }
    }],
    "definitionCanonical" : "http://fhir.org/guides/who/smart-immunization/ActivityDefinition/IMMZ.DT.01.BCG.03"
  },
  {
    "title" : "Immunize Patient for BCG - History Unknown",
    "description" : "Provide BCG immunizations – using the \"BCG vaccine immunization – NO PREVIOUS\" schedule (1 dose scheme)",
    "condition" : [{
      "kind" : "applicability",
      "expression" : {
        "description" : "\"BCG vaccine immunization history\" = \"Unknown\"",
        "language" : "text/cql",
        "expression" : "Should vaccinate patient for BCG"
      }
    },
    {
      "kind" : "applicability",
      "expression" : {
        "description" : "\"High incidence \nof TB and/or high leprosy burden\" = TRUE",
        "language" : "text/cql",
        "expression" : "Should vaccinate patient for BCG"
      }
    }],
    "definitionCanonical" : "http://fhir.org/guides/who/smart-immunization/ActivityDefinition/IMMZ.DT.01.BCG.04"
  },
  {
    "title" : "Immunize Patient for BCG - No Doses and HIV Status Positive and immunicologically stable",
    "description" : "Provide BCG immunizations – using the \"BCG vaccine immunization – NO PREVIOUS\" schedule (1 dose scheme) if CD4% >25% for children aged <5 years or CD4 count ≥200 if aged >5  years",
    "condition" : [{
      "kind" : "applicability",
      "expression" : {
        "description" : "\"BCG vaccine immunization history\" = \"No-doses\"",
        "language" : "text/cql",
        "expression" : "Should vaccinate patient for BCG"
      }
    },
    {
      "kind" : "applicability",
      "expression" : {
        "description" : "\"HIV Status\" = \"Positive\"",
        "language" : "text/cql",
        "expression" : "Should vaccinate patient for BCG"
      }
    },
    {
      "kind" : "applicability",
      "expression" : {
        "description" : "\"CD4%\" >\"25%\"",
        "language" : "text/cql",
        "expression" : "Should vaccinate patient for BCG"
      }
    },
    {
      "kind" : "applicability",
      "expression" : {
        "description" : "\"Current Patient Age in Years\" < 5",
        "language" : "text/cql",
        "expression" : "Should vaccinate patient for BCG"
      }
    },
    {
      "kind" : "applicability",
      "expression" : {
        "description" : "\"High incidence \nof TB and/or high leprosy burden\" = TRUE",
        "language" : "text/cql",
        "expression" : "Should vaccinate patient for BCG"
      }
    }],
    "definitionCanonical" : "http://fhir.org/guides/who/smart-immunization/ActivityDefinition/IMMZ.DT.01.BCG.05"
  }]
}