{
  "resourceType" : "ValueSet",
  "id" : "VNAlevelsRabies-values",
  "text" : {
    "status" : "generated",
    "div" : "<div xmlns=\"http://www.w3.org/1999/xhtml\"><p>This value set includes codes based on the following rules:</p><ul><li>Include these codes as defined in <a href=\"http://loinc.org\"><code>http://loinc.org</code></a><table class=\"none\"><tr><td style=\"white-space:nowrap\"><b>Code</b></td><td><b>Display</b></td></tr><tr><td><a href=\"https://loinc.org/70859-4/\">70859-4</a></td><td>Rabies virus neutralizing antibody [Presence] in Cerebral spinal fluid by Neutralization test</td></tr><tr><td><a href=\"https://loinc.org/6527-6/\">6527-6</a></td><td>Rabies virus neutralizing antibody [Units/volume] in Specimen by Neutralization test</td></tr><tr><td><a href=\"https://loinc.org/6523-5/\">6523-5</a></td><td>Rabies virus neutralizing antibody [Units/volume] in Cerebral spinal fluid by Neutralization test</td></tr><tr><td><a href=\"https://loinc.org/6525-0/\">6525-0</a></td><td>Rabies virus neutralizing antibody [Units/volume] in Tissue by Neutralization test</td></tr><tr><td><a href=\"https://loinc.org/6524-3/\">6524-3</a></td><td>Rabies virus neutralizing antibody [Units/volume] in Serum by Neutralization test</td></tr><tr><td><a href=\"https://loinc.org/43980-2/\">43980-2</a></td><td>Rabies virus neutralizing antibody [Titer] in Serum by Neutralization test</td></tr></table></li><li>Include these codes as defined in <a href=\"http://www.snomed.org/\"><code>http://snomed.info/sct</code></a><table class=\"none\"><tr><td style=\"white-space:nowrap\"><b>Code</b></td><td><b>Display</b></td></tr><tr><td><a href=\"http://snomed.info/id/122078009\">122078009</a></td><td>Measurement of Rabies virus antibody (procedure)</td></tr></table></li></ul></div>"
  },
  "url" : "http://fhir.org/guides/who/smart-immunization/ValueSet/VNAlevelsRabies-values",
  "version" : "0.1.0",
  "name" : "VNAlevelsRabiesvalues",
  "title" : "VNA Level Rabies valueset",
  "status" : "draft",
  "experimental" : false,
  "date" : "2023-04-01T05:56:31+00:00",
  "publisher" : "World Health Organization (WHO)",
  "description" : "Codes representing Virus Neutralizing Antibody Levels values",
  "jurisdiction" : [{
    "coding" : [{
      "system" : "http://unstats.un.org/unsd/methods/m49/m49.htm",
      "code" : "001"
    }]
  }],
  "immutable" : true,
  "compose" : {
    "include" : [{
      "system" : "http://loinc.org",
      "concept" : [{
        "code" : "70859-4",
        "display" : "Rabies virus neutralizing antibody [Presence] in Cerebral spinal fluid by Neutralization test"
      },
      {
        "code" : "6527-6",
        "display" : "Rabies virus neutralizing antibody [Units/volume] in Specimen by Neutralization test"
      },
      {
        "code" : "6523-5",
        "display" : "Rabies virus neutralizing antibody [Units/volume] in Cerebral spinal fluid by Neutralization test"
      },
      {
        "code" : "6525-0",
        "display" : "Rabies virus neutralizing antibody [Units/volume] in Tissue by Neutralization test"
      },
      {
        "code" : "6524-3",
        "display" : "Rabies virus neutralizing antibody [Units/volume] in Serum by Neutralization test"
      },
      {
        "code" : "43980-2",
        "display" : "Rabies virus neutralizing antibody [Titer] in Serum by Neutralization test"
      }]
    },
    {
      "system" : "http://snomed.info/sct",
      "concept" : [{
        "code" : "122078009",
        "display" : "Measurement of Rabies virus antibody (procedure)"
      }]
    }]
  }
}