{"resourceType":"ActivityDefinition","id":"IMMZ.DT.01.BCG.06","meta":{"profile":["http://hl7.org/fhir/uv/cpg/StructureDefinition/cpg-immunizationactivity"]},"url":"http://fhir.org/guides/who/smart-immunization/ActivityDefinition/IMMZ.DT.01.BCG.06","version":"0.1.0","title":"IMMZ.DT.01.BCG.06","status":"draft","experimental":true,"date":"2022-05-06T12:05:47.1530018-04:00","publisher":"World Health Organization (WHO)","contact":[{"telecom":[{"system":"url","value":"https://who.int"}]}],"description":"Provide BCG immunizations – using the \"BCG vaccine immunization – NO PREVIOUS\" schedule (1 dose scheme) if CD4% >25% for children aged <5 years or CD4 count ≥200 if aged >5  years","jurisdiction":[{"coding":[{"system":"http://unstats.un.org/unsd/methods/m49/m49.htm","code":"001"}]}],"kind":"ImmunizationRecommendation","code":{"coding":[{"system":"http://snomed.info/sct","code":"33879002","display":"Administration of vaccine to produce active immunity"}]},"intent":"proposal","doNotPerform":false}