{"resourceType":"ActivityDefinition","id":"IMMZ.DT.07.Rotavirus.04","meta":{"profile":["http://hl7.org/fhir/uv/cpg/StructureDefinition/cpg-immunizationactivity"]},"url":"http://fhir.org/guides/who/smart-immunization/ActivityDefinition/IMMZ.DT.07.Rotavirus.04","version":"0.1.0","title":"IMMZ.DT.07.Rotavirus.04","status":"draft","experimental":true,"date":"2022-05-06T12:05:48.3333689-04:00","publisher":"World Health Organization (WHO)","contact":[{"telecom":[{"system":"url","value":"https://who.int"}]}],"description":"Provide Rotavirus immunizations – using the \"Rotavirus vaccine immunization schedule\" – minimum of 4 weeks after previous dose assuming 3 dose scheme","jurisdiction":[{"coding":[{"system":"http://unstats.un.org/unsd/methods/m49/m49.htm","code":"001"}]}],"kind":"ImmunizationRecommendation","code":{"coding":[{"system":"http://snomed.info/sct","code":"33879002","display":"Administration of vaccine to produce active immunity"}]},"intent":"proposal","doNotPerform":false}