{"resourceType":"ActivityDefinition","id":"IMMZ.DT.04.DTP.07","meta":{"profile":["http://hl7.org/fhir/uv/cpg/StructureDefinition/cpg-immunizationactivity"]},"url":"http://fhir.org/guides/who/smart-immunization/ActivityDefinition/IMMZ.DT.04.DTP.07","version":"0.1.0","title":"IMMZ.DT.04.DTP.07","status":"draft","experimental":true,"date":"2022-05-06T12:05:47.7339277-04:00","publisher":"World Health Organization (WHO)","contact":[{"telecom":[{"system":"url","value":"https://who.int"}]}],"description":"Provide booster at 9-15 years (Td containing vaccine), if >7 years use only aP containing vaccine - if patient has completed primary 3 dose scheme and 2 boosters","jurisdiction":[{"coding":[{"system":"http://unstats.un.org/unsd/methods/m49/m49.htm","code":"001"}]}],"kind":"ImmunizationRecommendation","code":{"coding":[{"system":"http://snomed.info/sct","code":"33879002","display":"Administration of vaccine to produce active immunity"}]},"intent":"proposal","doNotPerform":false}