{"resourceType":"PlanDefinition","id":"IMMZ.DT.13.Tick-BorneEncephalitis","url":"http://fhir.org/guides/who/smart-immunization/PlanDefinition/IMMZ.DT.13.Tick-BorneEncephalitis","version":"0.1.0","name":"IMMZ.DT.13.Tick-BorneEncephalitis","title":"IMMZ.DT.13.Tick-BorneEncephalitis","status":"draft","date":"2023-04-01T05:56:31+00:00","publisher":"World Health Organization (WHO)","description":"If child or person has not been vaccinated, give Tick-Borne Encephalitis vaccine according to the defined schedule","jurisdiction":[{"coding":[{"system":"http://unstats.un.org/unsd/methods/m49/m49.htm","code":"001"}]}],"library":["http://fhir.org/guides/who/smart-immunization/Library/IMMZDT13"],"action":[{"title":"Immunize Patient for Tick-Borne Encephalitis - No Doses","description":"Provide Tick-Borne Encephalitis immunizations – using the \"FSME-Immun vaccine immunization – NO PREVIOUS\" schedule (3 dose scheme)","condition":[{"kind":"applicability","expression":{"description":"\"Tick-Borne Encephalitis immunization history\" = \"No-doses\"","language":"text/cql","expression":"Should vaccinate patient for Tick-Borne Encephalitis using FSME-Immun because no doses on a 3 dose scheme"}},{"kind":"applicability","expression":{"description":"\"Current Patient Age in Years\" >= 1","language":"text/cql","expression":"Should vaccinate patient for Tick-Borne Encephalitis using FSME-Immun because no doses on a 3 dose scheme"}},{"kind":"applicability","expression":{"description":"\"Country recognizes TBE as a priority\" = TRUE","language":"text/cql","expression":"Should vaccinate patient for Tick-Borne Encephalitis using FSME-Immun because no doses on a 3 dose scheme"}}],"definitionCanonical":"http://fhir.org/guides/who/smart-immunization/ActivityDefinition/IMMZ.DT.13.TBE.01"},{"title":"Immunize Patient for Tick-Borne Encephalitis - 1st Dose given 1-3 months ago","description":"Provide Tick-Borne Encephalitis immunizations – using the \"FSME-Immun vaccine immunization – 1 PREVIOUS\" schedule (3 dose scheme)","condition":[{"kind":"applicability","expression":{"description":"\"Tick-Borne Encephalitis immunization history\" = \"1 dose\"","language":"text/cql","expression":"Should vaccinate patient for Tick-Borne Encephalitis using FSME-Immun because 1st dose given 1-3 months ago on a 3 dose scheme"}},{"kind":"applicability","expression":{"description":"\"Date last TBE dose given\" >= \"1 month\"","language":"text/cql","expression":"Should vaccinate patient for Tick-Borne Encephalitis using FSME-Immun because 1st dose given 1-3 months ago on a 3 dose scheme"}},{"kind":"applicability","expression":{"description":"\"Type of last TBE dose\" = \"FSME-Immun\"","language":"text/cql","expression":"Should vaccinate patient for Tick-Borne Encephalitis using FSME-Immun because 1st dose given 1-3 months ago on a 3 dose scheme"}}],"definitionCanonical":"http://fhir.org/guides/who/smart-immunization/ActivityDefinition/IMMZ.DT.13.TBE.02"},{"title":"Immunize Patient for Tick-Borne Encephalitis - 2nd Dose given between 5 months to 12 months ago","description":"Provide Tick-Borne Encephalitis immunizations – using the \"FSME-Immun vaccine immunization – 2 PREVIOUS\" schedule (3 dose scheme)","condition":[{"kind":"applicability","expression":{"description":"\"Tick-Borne Encephalitis immunization history\" = \"2 doses\"","language":"text/cql","expression":"Should vaccinate patient for Tick-Borne Encephalitis using FSME-Immun because 2nd doses given 5 months to 12 months ago on a 3 dose scheme"}},{"kind":"applicability","expression":{"description":"\"Date last TBE dose given\" >= \"5 months\"","language":"text/cql","expression":"Should vaccinate patient for Tick-Borne Encephalitis using FSME-Immun because 2nd doses given 5 months to 12 months ago on a 3 dose scheme"}},{"kind":"applicability","expression":{"description":"\"Type of last TBE dose\" = \"FSME-Immun\"","language":"text/cql","expression":"Should vaccinate patient for Tick-Borne Encephalitis using FSME-Immun because 2nd doses given 5 months to 12 months ago on a 3 dose scheme"}}],"definitionCanonical":"http://fhir.org/guides/who/smart-immunization/ActivityDefinition/IMMZ.DT.13.TBE.03"},{"title":"Immunize Patient for Tick-Borne Encephalitis - Last dose given 3 years ago","description":"Provide Tick-Borne Encephalitis immunizations – using the \"FSME-Immun vaccine immunization – BOOSTER\" schedule (1 every 3-5 years)","condition":[{"kind":"applicability","expression":{"description":"\"Patient has completed TBE primary series\" = TRUE","language":"text/cql","expression":"Should vaccinate patient for Tick-Borne Encephalitis Booster using FSME-Immun because last dose given 3 years ago"}},{"kind":"applicability","expression":{"description":"\"Date last TBE dose given\" >= \"3 years\"","language":"text/cql","expression":"Should vaccinate patient for Tick-Borne Encephalitis Booster using FSME-Immun because last dose given 3 years ago"}},{"kind":"applicability","expression":{"description":"\"Type of last TBE dose\" = \"FSME-Immun\"","language":"text/cql","expression":"Should vaccinate patient for Tick-Borne Encephalitis Booster using FSME-Immun because last dose given 3 years ago"}},{"kind":"applicability","expression":{"description":"\"Country recognizes TBE as a priority\" = TRUE","language":"text/cql","expression":"Should vaccinate patient for Tick-Borne Encephalitis Booster using FSME-Immun because last dose given 3 years ago"}}],"definitionCanonical":"http://fhir.org/guides/who/smart-immunization/ActivityDefinition/IMMZ.DT.13.TBE.04"},{"title":"Immunize Patient for Tick-Borne Encephalitis - No Doses","description":"Provide Tick-Borne Encephalitis immunizations – using the \"Encepur vaccine immunization – NO PREVIOUS\" schedule (3 dose scheme)","condition":[{"kind":"applicability","expression":{"description":"\"Tick-Borne Encephalitis immunization history\" = \"No-doses\"","language":"text/cql","expression":"Should vaccinate patient for Tick-Borne Encephalitis using Encepur because no doses on a 3 dose scheme"}},{"kind":"applicability","expression":{"description":"\"Current Patient Age in Years\" >= 1","language":"text/cql","expression":"Should vaccinate patient for Tick-Borne Encephalitis using Encepur because no doses on a 3 dose scheme"}},{"kind":"applicability","expression":{"description":"\"Country recognizes TBE as a priority\" = TRUE","language":"text/cql","expression":"Should vaccinate patient for Tick-Borne Encephalitis using Encepur because no doses on a 3 dose scheme"}}],"definitionCanonical":"http://fhir.org/guides/who/smart-immunization/ActivityDefinition/IMMZ.DT.13.TBE.05"},{"title":"Immunize Patient for Tick-Borne Encephalitis - 1st Dose given 1-3 months ago","description":"Provide Tick-Borne Encephalitis immunizations – using the \"Encepur vaccine immunization – 1 PREVIOUS\" schedule (3 dose scheme)","condition":[{"kind":"applicability","expression":{"description":"\"Tick-Borne Encephalitis immunization history\" = \"1 dose\"","language":"text/cql","expression":"Should vaccinate patient for Tick-Borne Encephalitis using Encepur because 1st dose given 1-3 months ago on a 3 dose scheme"}},{"kind":"applicability","expression":{"description":"\"Date last TBE dose given\" >= \"1 month\"","language":"text/cql","expression":"Should vaccinate patient for Tick-Borne Encephalitis using Encepur because 1st dose given 1-3 months ago on a 3 dose scheme"}},{"kind":"applicability","expression":{"description":"\"Type of last TBE dose\" = \"Encepur\"","language":"text/cql","expression":"Should vaccinate patient for Tick-Borne Encephalitis using Encepur because 1st dose given 1-3 months ago on a 3 dose scheme"}}],"definitionCanonical":"http://fhir.org/guides/who/smart-immunization/ActivityDefinition/IMMZ.DT.13.TBE.06"},{"title":"Immunize Patient for Tick-Borne Encephalitis - 2nd Dose given between 5 months to 12 months ago","description":"Provide Tick-Borne Encephalitis immunizations – using the \"Encepur vaccine immunization – 2 PREVIOUS\" schedule (3 dose scheme)","condition":[{"kind":"applicability","expression":{"description":"\"Tick-Borne Encephalitis immunization history\" = \"2 doses\"","language":"text/cql","expression":"Should vaccinate patient for Tick-Borne Encephalitis using Encepur because 2nd doses given 5 months to 12 months ago on a 3 dose scheme"}},{"kind":"applicability","expression":{"description":"\"Date last TBE dose given\" >= \"5 months\"","language":"text/cql","expression":"Should vaccinate patient for Tick-Borne Encephalitis using Encepur because 2nd doses given 5 months to 12 months ago on a 3 dose scheme"}},{"kind":"applicability","expression":{"description":"\"Type of last TBE dose\" = \"Encepur\"","language":"text/cql","expression":"Should vaccinate patient for Tick-Borne Encephalitis using Encepur because 2nd doses given 5 months to 12 months ago on a 3 dose scheme"}}],"definitionCanonical":"http://fhir.org/guides/who/smart-immunization/ActivityDefinition/IMMZ.DT.13.TBE.07"},{"title":"Immunize Patient for Tick-Borne Encephalitis - Last dose given 3 years ago","description":"Provide Tick-Borne Encephalitis immunizations – using the \"Encepur vaccine immunization – BOOSTER\" schedule (1 every 3-5 years)","condition":[{"kind":"applicability","expression":{"description":"\"Patient has completed TBE primary series\" = TRUE","language":"text/cql","expression":"Should vaccinate patient for Tick-Borne Encephalitis Booster using Encepur because last dose given 3 years ago"}},{"kind":"applicability","expression":{"description":"\"Date last TBE dose given\" >= \"3 years\"","language":"text/cql","expression":"Should vaccinate patient for Tick-Borne Encephalitis Booster using Encepur because last dose given 3 years ago"}},{"kind":"applicability","expression":{"description":"\"Type of last TBE dose\" = \"Encepur\"","language":"text/cql","expression":"Should vaccinate patient for Tick-Borne Encephalitis Booster using Encepur because last dose given 3 years ago"}},{"kind":"applicability","expression":{"description":"\"Country recognizes TBE as a priority\" = TRUE","language":"text/cql","expression":"Should vaccinate patient for Tick-Borne Encephalitis Booster using Encepur because last dose given 3 years ago"}}],"definitionCanonical":"http://fhir.org/guides/who/smart-immunization/ActivityDefinition/IMMZ.DT.13.TBE.08"},{"title":"Immunize Patient for Tick-Borne Encephalitis - No Doses","description":"Provide Tick-Borne Encephalitis immunizations – using the \"TBE-Moscow vaccine immunization – NO PREVIOUS\" schedule (3 dose scheme)","condition":[{"kind":"applicability","expression":{"description":"\"Tick-Borne Encephalitis immunization history\" = \"No-doses\"","language":"text/cql","expression":"Should vaccinate patient for Tick-Borne Encephalitis using TBE-Moscow because no doses on a 3 dose scheme"}},{"kind":"applicability","expression":{"description":"\"Current Patient Age in Years\" >= 3","language":"text/cql","expression":"Should vaccinate patient for Tick-Borne Encephalitis using TBE-Moscow because no doses on a 3 dose scheme"}},{"kind":"applicability","expression":{"description":"\"Country recognizes TBE as a priority\" = TRUE","language":"text/cql","expression":"Should vaccinate patient for Tick-Borne Encephalitis using TBE-Moscow because no doses on a 3 dose scheme"}}],"definitionCanonical":"http://fhir.org/guides/who/smart-immunization/ActivityDefinition/IMMZ.DT.13.TBE.09"},{"title":"Immunize Patient for Tick-Borne Encephalitis - 1st Dose given 1 month ago","description":"Provide Tick-Borne Encephalitis immunizations – using the \"TBE-Moscow vaccine immunization – 1 PREVIOUS\" schedule (3 dose scheme)","condition":[{"kind":"applicability","expression":{"description":"\"Tick-Borne Encephalitis immunization history\" = \"1 dose\"","language":"text/cql","expression":"Should vaccinate patient for Tick-Borne Encephalitis using TBE-Moscow because 1st dose given 1 month to 7 months ago on a 3 dose scheme"}},{"kind":"applicability","expression":{"description":"\"Date last TBE dose given\" >=  \"1 month\"","language":"text/cql","expression":"Should vaccinate patient for Tick-Borne Encephalitis using TBE-Moscow because 1st dose given 1 month to 7 months ago on a 3 dose scheme"}},{"kind":"applicability","expression":{"description":"\"Type of last TBE dose\" = \"TBE-Moscow\"","language":"text/cql","expression":"Should vaccinate patient for Tick-Borne Encephalitis using TBE-Moscow because 1st dose given 1 month to 7 months ago on a 3 dose scheme"}}],"definitionCanonical":"http://fhir.org/guides/who/smart-immunization/ActivityDefinition/IMMZ.DT.13.TBE.10"},{"title":"Immunize Patient for Tick-Borne Encephalitis - 2nd Dose given 12 months ago","description":"Provide Tick-Borne Encephalitis immunizations – using the \"TBE-Moscow vaccine immunization – 2 PREVIOUS\" schedule (3 dose scheme)","condition":[{"kind":"applicability","expression":{"description":"\"Tick-Borne Encephalitis immunization history\" = \"2 doses\"","language":"text/cql","expression":"Should vaccinate patient for Tick-Borne Encephalitis using TBE-Moscow because 2nd dose given 12 months ago on a 3 dose scheme"}},{"kind":"applicability","expression":{"description":"\"Date last TBE dose given\" >=  \"12 months\"","language":"text/cql","expression":"Should vaccinate patient for Tick-Borne Encephalitis using TBE-Moscow because 2nd dose given 12 months ago on a 3 dose scheme"}},{"kind":"applicability","expression":{"description":"\"Type of last TBE dose\" = \"TBE-Moscow\"","language":"text/cql","expression":"Should vaccinate patient for Tick-Borne Encephalitis using TBE-Moscow because 2nd dose given 12 months ago on a 3 dose scheme"}}],"definitionCanonical":"http://fhir.org/guides/who/smart-immunization/ActivityDefinition/IMMZ.DT.13.TBE.11"},{"title":"Immunize Patient for Tick-Borne Encephalitis - Last TBE-Moscow dose given 3 years ago","description":"Provide Tick-Borne Encephalitis immunizations – using the \"TBE-Moscow vaccine immunization – BOOSTER\" schedule (1 every 3 years)","condition":[{"kind":"applicability","expression":{"description":"\"Patient has completed TBE primary series\" = TRUE","language":"text/cql","expression":"Should vaccinate patient for TBE-Moscow Booster because last dose given 3 years ago"}},{"kind":"applicability","expression":{"description":"\"Date last TBE dose given\" >= \"3 years\"","language":"text/cql","expression":"Should vaccinate patient for TBE-Moscow Booster because last dose given 3 years ago"}},{"kind":"applicability","expression":{"description":"\"Type of last TBE dose\" = \"TBE-Moscow\"","language":"text/cql","expression":"Should vaccinate patient for TBE-Moscow Booster because last dose given 3 years ago"}},{"kind":"applicability","expression":{"description":"\"Country recognizes TBE as a priority\" = TRUE","language":"text/cql","expression":"Should vaccinate patient for TBE-Moscow Booster because last dose given 3 years ago"}}],"definitionCanonical":"http://fhir.org/guides/who/smart-immunization/ActivityDefinition/IMMZ.DT.13.TBE.12"},{"title":"Immunize Patient for Tick-Borne Encephalitis - No Doses","description":"Provide Tick-Borne Encephalitis immunizations – using the \"EnceVir vaccine immunization – NO PREVIOUS\" schedule (3 dose scheme)","condition":[{"kind":"applicability","expression":{"description":"\"Tick-Borne Encephalitis immunization history\" = \"No-doses\"","language":"text/cql","expression":"Should vaccinate patient for Tick-Borne Encephalitis using EnceVir because no doses on a 3 dose scheme"}},{"kind":"applicability","expression":{"description":"\"Current Patient Age in Years\" >= 3","language":"text/cql","expression":"Should vaccinate patient for Tick-Borne Encephalitis using EnceVir because no doses on a 3 dose scheme"}},{"kind":"applicability","expression":{"description":"\"Country recognizes TBE as a priority\" = TRUE","language":"text/cql","expression":"Should vaccinate patient for Tick-Borne Encephalitis using EnceVir because no doses on a 3 dose scheme"}}],"definitionCanonical":"http://fhir.org/guides/who/smart-immunization/ActivityDefinition/IMMZ.DT.13.TBE.13"},{"title":"Immunize Patient for Tick-Borne Encephalitis - 1st Dose given 1 month ago","description":"Provide Tick-Borne Encephalitis immunizations – using the \"EnceVir vaccine immunization – 1 PREVIOUS\" schedule (3 dose scheme)","condition":[{"kind":"applicability","expression":{"description":"\"Tick-Borne Encephalitis immunization history\" = \"1 dose\"","language":"text/cql","expression":"Should vaccinate patient for Tick-Borne Encephalitis using EnceVir because 1st dose given 1 month to 7 months ago on a 3 dose scheme"}},{"kind":"applicability","expression":{"description":"\"Date last TBE dose given\" >=  \"1 month\"","language":"text/cql","expression":"Should vaccinate patient for Tick-Borne Encephalitis using EnceVir because 1st dose given 1 month to 7 months ago on a 3 dose scheme"}},{"kind":"applicability","expression":{"description":"\"Type of last TBE dose\" = \"EnceVir\"","language":"text/cql","expression":"Should vaccinate patient for Tick-Borne Encephalitis using EnceVir because 1st dose given 1 month to 7 months ago on a 3 dose scheme"}}],"definitionCanonical":"http://fhir.org/guides/who/smart-immunization/ActivityDefinition/IMMZ.DT.13.TBE.14"},{"title":"Immunize Patient for Tick-Borne Encephalitis - 2nd Dose given 12 months ago","description":"Provide Tick-Borne Encephalitis immunizations – using the \"EnceVir vaccine immunization – 2 PREVIOUS\" schedule (3 dose scheme)","condition":[{"kind":"applicability","expression":{"description":"\"Tick-Borne Encephalitis immunization history\" = \"2 doses\"","language":"text/cql","expression":"Should vaccinate patient for Tick-Borne Encephalitis using EnceVir because 2nd dose given 12 months ago on a 3 dose scheme"}},{"kind":"applicability","expression":{"description":"\"Date last TBE dose given\" >=  \"12 months\"","language":"text/cql","expression":"Should vaccinate patient for Tick-Borne Encephalitis using EnceVir because 2nd dose given 12 months ago on a 3 dose scheme"}},{"kind":"applicability","expression":{"description":"\"Type of last TBE dose\" = \"EnceVir\"","language":"text/cql","expression":"Should vaccinate patient for Tick-Borne Encephalitis using EnceVir because 2nd dose given 12 months ago on a 3 dose scheme"}}],"definitionCanonical":"http://fhir.org/guides/who/smart-immunization/ActivityDefinition/IMMZ.DT.13.TBE.15"},{"title":"Immunize Patient for Tick-Borne Encephalitis - Last dose given 3 years ago","description":"Provide Tick-Borne Encephalitis immunizations – using the \"EnceVir vaccine immunization – BOOSTER\" schedule (1 every 3 years)","condition":[{"kind":"applicability","expression":{"description":"\"Patient has completed TBE primary series\" = TRUE","language":"text/cql","expression":"Should vaccinate patient for Tick-Borne Encephalitis Booster using EnceVir because last dose given 3 years ago"}},{"kind":"applicability","expression":{"description":"\"Date last TBE dose given\" >= \"3 years\"","language":"text/cql","expression":"Should vaccinate patient for Tick-Borne Encephalitis Booster using EnceVir because last dose given 3 years ago"}},{"kind":"applicability","expression":{"description":"\"Type of last TBE dose\" = \"EnceVir\"","language":"text/cql","expression":"Should vaccinate patient for Tick-Borne Encephalitis Booster using EnceVir because last dose given 3 years ago"}},{"kind":"applicability","expression":{"description":"\"Country recognizes TBE as a priority\" = TRUE","language":"text/cql","expression":"Should vaccinate patient for Tick-Borne Encephalitis Booster using EnceVir because last dose given 3 years ago"}}],"definitionCanonical":"http://fhir.org/guides/who/smart-immunization/ActivityDefinition/IMMZ.DT.13.TBE.16"}]}