{"resourceType":"PlanDefinition","id":"IMMZ.DT.01.BCG","url":"http://fhir.org/guides/who/smart-immunization/PlanDefinition/IMMZ.DT.01.BCG","version":"0.1.0","name":"IMMZ.DT.01.BCG","title":"IMMZ.DT.01.BCG","status":"draft","date":"2023-04-01T05:56:31+00:00","publisher":"World Health Organization (WHO)","description":"If child or person has not been vaccinated, give BCG vaccine as soon as possible after birth","jurisdiction":[{"coding":[{"system":"http://unstats.un.org/unsd/methods/m49/m49.htm","code":"001"}]}],"library":["http://fhir.org/guides/who/smart-immunization/Library/IMMZDT01"],"action":[{"title":"Immunize Patient for BCG - TST-negative","description":"Provide BCG immunizations – using the \"BCG vaccine immunization – NO PREVIOUS\" schedule (1 dose scheme)","condition":[{"kind":"applicability","expression":{"description":"\"TST Test Result\" = \"TST-negative\"","language":"text/cql","expression":"Should vaccinate patient for BCG"}},{"kind":"applicability","expression":{"description":"\"High incidence of TB and/or high leprosy burden\" = TRUE","language":"text/cql","expression":"Should vaccinate patient for BCG"}}],"definitionCanonical":"http://fhir.org/guides/who/smart-immunization/ActivityDefinition/IMMZ.DT.01.BCG.01"},{"title":"Immunize Patient for BCG - IGRA-negative","description":"Provide BCG immunizations – using the \"BCG vaccine immunization – NO PREVIOUS\" schedule (1 dose scheme)","condition":[{"kind":"applicability","expression":{"description":"\"IGRA Test Result\" = \"IGRA-negative\"","language":"text/cql","expression":"Should vaccinate patient for BCG"}},{"kind":"applicability","expression":{"description":"\"High incidence \nof TB and/or high leprosy burden\" = TRUE","language":"text/cql","expression":"Should vaccinate patient for BCG"}}],"definitionCanonical":"http://fhir.org/guides/who/smart-immunization/ActivityDefinition/IMMZ.DT.01.BCG.02"},{"title":"Immunize Patient for BCG - No Doses","description":"Provide BCG immunizations – using the \"BCG vaccine immunization – NO PREVIOUS\" schedule (1 dose scheme)","condition":[{"kind":"applicability","expression":{"description":"\"BCG vaccine immunization history\" = \"No-doses\"","language":"text/cql","expression":"Should vaccinate patient for BCG"}},{"kind":"applicability","expression":{"description":"\"High incidence \nof TB and/or high leprosy burden\" = TRUE","language":"text/cql","expression":"Should vaccinate patient for BCG"}}],"definitionCanonical":"http://fhir.org/guides/who/smart-immunization/ActivityDefinition/IMMZ.DT.01.BCG.03"},{"title":"Immunize Patient for BCG - History Unknown","description":"Provide BCG immunizations – using the \"BCG vaccine immunization – NO PREVIOUS\" schedule (1 dose scheme)","condition":[{"kind":"applicability","expression":{"description":"\"BCG vaccine immunization history\" = \"Unknown\"","language":"text/cql","expression":"Should vaccinate patient for BCG"}},{"kind":"applicability","expression":{"description":"\"High incidence \nof TB and/or high leprosy burden\" = TRUE","language":"text/cql","expression":"Should vaccinate patient for BCG"}}],"definitionCanonical":"http://fhir.org/guides/who/smart-immunization/ActivityDefinition/IMMZ.DT.01.BCG.04"},{"title":"Immunize Patient for BCG - No Doses and HIV Status Positive and immunicologically stable","description":"Provide BCG immunizations – using the \"BCG vaccine immunization – NO PREVIOUS\" schedule (1 dose scheme) if CD4% >25% for children aged <5 years or CD4 count ≥200 if aged >5  years","condition":[{"kind":"applicability","expression":{"description":"\"BCG vaccine immunization history\" = \"No-doses\"","language":"text/cql","expression":"Should vaccinate patient for BCG"}},{"kind":"applicability","expression":{"description":"\"HIV Status\" = \"Positive\"","language":"text/cql","expression":"Should vaccinate patient for BCG"}},{"kind":"applicability","expression":{"description":"\"CD4%\" >\"25%\"","language":"text/cql","expression":"Should vaccinate patient for BCG"}},{"kind":"applicability","expression":{"description":"\"Current Patient Age in Years\" < 5","language":"text/cql","expression":"Should vaccinate patient for BCG"}},{"kind":"applicability","expression":{"description":"\"High incidence \nof TB and/or high leprosy burden\" = TRUE","language":"text/cql","expression":"Should vaccinate patient for BCG"}}],"definitionCanonical":"http://fhir.org/guides/who/smart-immunization/ActivityDefinition/IMMZ.DT.01.BCG.05"}]}