{"resourceType":"ValueSet","id":"Quadrivalentconjugate-values","text":{"status":"generated","div":"<div xmlns=\"http://www.w3.org/1999/xhtml\"><p>This value set includes codes based on the following rules:</p><ul><li>Include these codes as defined in <code>http://hl7.org/fhir/sid/icd-11</code><table class=\"none\"><tr><td style=\"white-space:nowrap\"><b>Code</b></td><td><b>Display</b></td></tr><tr><td>XM2WV4</td><td>Meningococcal vaccines</td></tr><tr><td>XM5LC2</td><td>Meningococcal polyvalent purified polysaccharides antigen</td></tr><tr><td>XM3T39</td><td>Meningococcus A, C, bivalent purified polysaccharides antigen</td></tr><tr><td>XM5XP9</td><td>Diphtheria, hemophilus influenzae B, pertussis, tetanus-hepatitis B, meningococcus A + C vaccine</td></tr><tr><td>XM2AR0</td><td>Meningococcus A, C, Y, W-135, tetravalent purified polysaccharides antigen</td></tr><tr><td>XM2EH7</td><td>Meningococcus A, C, Y, W-135, tetravalent purified polysaccharides antigen conjugated</td></tr></table></li><li>Include these codes as defined in <a href=\"http://www.snomed.org/\"><code>http://snomed.info/sct</code></a><table class=\"none\"><tr><td style=\"white-space:nowrap\"><b>Code</b></td><td><b>Display</b></td></tr><tr><td><a href=\"http://snomed.info/id/871871008\">871871008</a></td><td>Vaccine product containing only Neisseria meningitidis serogroup A and C antigens (medicinal product)</td></tr><tr><td><a href=\"http://snomed.info/id/871873006\">871873006</a></td><td>Vaccine product containing only Neisseria meningitidis serogroup A, C, W135 and Y antigens (medicinal product)</td></tr><tr><td><a href=\"http://snomed.info/id/871916006\">871916006</a></td><td>Vaccine product containing only Neisseria meningitidis serogroup A, C, W135 and Y capsular oligosaccharide conjugated antigens (medicinal product)</td></tr><tr><td><a href=\"http://snomed.info/id/1971000221105\">1971000221105</a></td><td>Vaccine product containing only Neisseria meningitidis serogroup A, C, W135 and Y capsular polysaccharide conjugated antigens (medicinal product)</td></tr></table></li></ul></div>"},"url":"http://fhir.org/guides/who/smart-immunization/ValueSet/Quadrivalentconjugate-values","version":"0.1.0","name":"Quadrivalentconjugatevalues","title":"Quadrivalent conjugate values","status":"draft","experimental":false,"date":"2023-04-01T05:56:31+00:00","publisher":"World Health Organization (WHO)","description":"Codes representing Quadrivalent conjugate values","jurisdiction":[{"coding":[{"system":"http://unstats.un.org/unsd/methods/m49/m49.htm","code":"001"}]}],"immutable":true,"compose":{"include":[{"system":"http://hl7.org/fhir/sid/icd-11","concept":[{"code":"XM2WV4","display":"Meningococcal vaccines"},{"code":"XM5LC2","display":"Meningococcal polyvalent purified polysaccharides antigen"},{"code":"XM3T39","display":"Meningococcus A, C, bivalent purified polysaccharides antigen"},{"code":"XM5XP9","display":"Diphtheria, hemophilus influenzae B, pertussis, tetanus-hepatitis B, meningococcus A + C vaccine"},{"code":"XM2AR0","display":"Meningococcus A, C, Y, W-135, tetravalent purified polysaccharides antigen"},{"code":"XM2EH7","display":"Meningococcus A, C, Y, W-135, tetravalent purified polysaccharides antigen conjugated"}]},{"system":"http://snomed.info/sct","concept":[{"code":"871871008","display":"Vaccine product containing only Neisseria meningitidis serogroup A and C antigens (medicinal product)"},{"code":"871873006","display":"Vaccine product containing only Neisseria meningitidis serogroup A, C, W135 and Y antigens (medicinal product)"},{"code":"871916006","display":"Vaccine product containing only Neisseria meningitidis serogroup A, C, W135 and Y capsular oligosaccharide conjugated antigens (medicinal product)"},{"code":"1971000221105","display":"Vaccine product containing only Neisseria meningitidis serogroup A, C, W135 and Y capsular polysaccharide conjugated antigens (medicinal product)"}]}]}}