{"resourceType":"ValueSet","id":"InactivatedJE-values","text":{"status":"generated","div":"<div xmlns=\"http://www.w3.org/1999/xhtml\"><ul><li>Include these codes as defined in <a href=\"http://www.snomed.org/\"><code>http://snomed.info/sct</code></a><table class=\"none\"><tr><td style=\"white-space:nowrap\"><b>Code</b></td><td><b>Display</b></td></tr><tr><td><a href=\"http://snomed.info/id/871725009\">871725009</a></td><td>Vaccine product containing only inactivated whole Japanese encephalitis virus antigen (medicinal product)</td></tr></table></li></ul></div>"},"url":"http://fhir.org/guides/who/smart-immunization/ValueSet/InactivatedJE-values","version":"0.1.0","name":"InactivatedJEvalues","title":"Inactivated Vero cell-derived Japanese Encephalitis vaccines valueset","status":"draft","experimental":false,"date":"2023-04-01T05:56:31+00:00","publisher":"World Health Organization (WHO)","description":"Codes representing Inactivated Vero cell-derived Japanese Encephalitis vaccines values","jurisdiction":[{"coding":[{"system":"http://unstats.un.org/unsd/methods/m49/m49.htm","code":"001"}]}],"immutable":true,"compose":{"include":[{"system":"http://snomed.info/sct","concept":[{"code":"871725009","display":"Vaccine product containing only inactivated whole Japanese encephalitis virus antigen (medicinal product)"}]}]}}