{"resourceType":"ValueSet","id":"Seronegative-values","text":{"status":"generated","div":"<div xmlns=\"http://www.w3.org/1999/xhtml\"><ul><li>Include these codes as defined in <a href=\"http://www.snomed.org/\"><code>http://snomed.info/sct</code></a><table class=\"none\"><tr><td style=\"white-space:nowrap\"><b>Code</b></td><td><b>Display</b></td></tr><tr><td><a href=\"http://snomed.info/id/81321002\">81321002</a></td><td>Seronegative (qualifier value)</td></tr></table></li></ul></div>"},"url":"http://fhir.org/guides/who/smart-immunization/ValueSet/Seronegative-values","version":"0.1.0","name":"Seronegativevalues","title":"Seronegative valuest","status":"draft","experimental":false,"date":"2023-04-01T05:56:31+00:00","publisher":"World Health Organization (WHO)","description":"Codes representing Seronegative values","jurisdiction":[{"coding":[{"system":"http://unstats.un.org/unsd/methods/m49/m49.htm","code":"001"}]}],"immutable":true,"compose":{"include":[{"system":"http://snomed.info/sct","concept":[{"code":"81321002","display":"Seronegative (qualifier value)"}]}]}}