<?xml version="1.0" encoding="UTF-8"?>

<PlanDefinition xmlns="http://hl7.org/fhir">
  <id value="IMMZ.DT.05.Hib"/>
  <text>
    <status value="generated"/><div xmlns="http://www.w3.org/1999/xhtml"><p><b>Generated Narrative: PlanDefinition</b><a name="IMMZ.DT.05.Hib"> </a></p><div style="display: inline-block; background-color: #d9e0e7; padding: 6px; margin: 4px; border: 1px solid #8da1b4; border-radius: 5px; line-height: 60%"><p style="margin-bottom: 0px">Resource PlanDefinition &quot;IMMZ.DT.05.Hib&quot; </p></div><p><b>url</b>: <code>http://fhir.org/guides/who/smart-immunization/PlanDefinition/IMMZ.DT.05.Hib</code></p><p><b>version</b>: 0.1.0</p><p><b>name</b>: IMMZ.DT.05.Hib</p><p><b>title</b>: IMMZ.DT.05.Hib</p><p><b>status</b>: draft</p><p><b>date</b>: 2023-04-01 05:56:31+0000</p><p><b>publisher</b>: World Health Organization (WHO)</p><p><b>description</b>: if child or person has not been vaccinated, give Hib vaccine between 6 weeks and 59 months</p><p><b>jurisdiction</b>: Global (Whole world) <span style="background: LightGoldenRodYellow; margin: 4px; border: 1px solid khaki"> (m49.htm#001)</span></p><p><b>library</b>: <a href="Library-IMMZDT05.html">IMMZDT05</a></p><blockquote><p><b>action</b></p><p><b>title</b>: Immunize Patient for Hib - No Doses</p><p><b>description</b>: Provide Hib immunizations – using the &quot;Hib Vaccine immunization – NO PREVIOUS&quot; schedule (1 dose scheme)</p><blockquote><p><b>condition</b></p><p><b>kind</b>: applicability</p><h3>Expressions</h3><table class="grid"><tr><td>-</td><td><b>Description</b></td><td><b>Language</b></td><td><b>Expression</b></td></tr><tr><td>*</td><td>&quot;Hib vaccine immunization history&quot; = &quot;No-doses&quot;</td><td>text/cql</td><td>Should vaccinate patient for Hib because no doses on 1 dose scheme</td></tr></table></blockquote><blockquote><p><b>condition</b></p><p><b>kind</b>: applicability</p><h3>Expressions</h3><table class="grid"><tr><td>-</td><td><b>Description</b></td><td><b>Language</b></td><td><b>Expression</b></td></tr><tr><td>*</td><td>&quot;Current Patient Age in Months&quot; &gt; 12</td><td>text/cql</td><td>Should vaccinate patient for Hib because no doses on 1 dose scheme</td></tr></table></blockquote><p><b>definition</b>: <a href="ActivityDefinition-IMMZ.DT.05.Hib.01.html">IMMZ.DT.05.Hib.01</a></p></blockquote><blockquote><p><b>action</b></p><p><b>title</b>: Immunize Patient for Hib - No Doses</p><p><b>description</b>: Provide Hib immunizations – using the &quot;Hib Vaccine immunization 3p schedule – NO PREVIOUS&quot; schedule (3 dose scheme)</p><blockquote><p><b>condition</b></p><p><b>kind</b>: applicability</p><h3>Expressions</h3><table class="grid"><tr><td>-</td><td><b>Description</b></td><td><b>Language</b></td><td><b>Expression</b></td></tr><tr><td>*</td><td>&quot;Hib vaccine immunization history&quot; = &quot;No-doses&quot;</td><td>text/cql</td><td>Should vaccinate patient for Hib because no doses on 3p dose scheme</td></tr></table></blockquote><blockquote><p><b>condition</b></p><p><b>kind</b>: applicability</p><h3>Expressions</h3><table class="grid"><tr><td>-</td><td><b>Description</b></td><td><b>Language</b></td><td><b>Expression</b></td></tr><tr><td>*</td><td>&quot;Current Patient Age in Weeks&quot; &gt;= 6</td><td>text/cql</td><td>Should vaccinate patient for Hib because no doses on 3p dose scheme</td></tr></table></blockquote><blockquote><p><b>condition</b></p><p><b>kind</b>: applicability</p><h3>Expressions</h3><table class="grid"><tr><td>-</td><td><b>Description</b></td><td><b>Language</b></td><td><b>Expression</b></td></tr><tr><td>*</td><td>&quot;In a country where the peak burden of severe Hib disease occurs in young infants&quot; = TRUE</td><td>text/cql</td><td>Should vaccinate patient for Hib because no doses on 3p dose scheme</td></tr></table></blockquote><p><b>definition</b>: <a href="ActivityDefinition-IMMZ.DT.05.Hib.02.html">IMMZ.DT.05.Hib.02</a></p></blockquote><blockquote><p><b>action</b></p><p><b>title</b>: Immunize Patient for Hib - 1 Dose</p><p><b>description</b>: Provide Hib immunizations – using the &quot;Hib Vaccine immunization 3p schedule – 1 PREVIOUS&quot; schedule (3 dose scheme)</p><blockquote><p><b>condition</b></p><p><b>kind</b>: applicability</p><h3>Expressions</h3><table class="grid"><tr><td>-</td><td><b>Description</b></td><td><b>Language</b></td><td><b>Expression</b></td></tr><tr><td>*</td><td>&quot;Hib vaccine immunization history&quot; = &quot;1 dose&quot;</td><td>text/cql</td><td>Should vaccinate patient for Hib because 1 dose on 3p dose scheme</td></tr></table></blockquote><blockquote><p><b>condition</b></p><p><b>kind</b>: applicability</p><h3>Expressions</h3><table class="grid"><tr><td>-</td><td><b>Description</b></td><td><b>Language</b></td><td><b>Expression</b></td></tr><tr><td>*</td><td>&quot;Date last Hib dose given&quot; &gt;= &quot;4 weeks&quot;</td><td>text/cql</td><td>Should vaccinate patient for Hib because 1 dose on 3p dose scheme</td></tr></table></blockquote><blockquote><p><b>condition</b></p><p><b>kind</b>: applicability</p><h3>Expressions</h3><table class="grid"><tr><td>-</td><td><b>Description</b></td><td><b>Language</b></td><td><b>Expression</b></td></tr><tr><td>*</td><td>&quot;In a country where the peak burden of severe Hib disease occurs in young infants&quot; = TRUE</td><td>text/cql</td><td>Should vaccinate patient for Hib because 1 dose on 3p dose scheme</td></tr></table></blockquote><blockquote><p><b>condition</b></p><p><b>kind</b>: applicability</p><h3>Expressions</h3><table class="grid"><tr><td>-</td><td><b>Description</b></td><td><b>Language</b></td><td><b>Expression</b></td></tr><tr><td>*</td><td>&quot;Age when patient received 1st dose&quot; &lt;= &quot;12 months&quot;</td><td>text/cql</td><td>Should vaccinate patient for Hib because 1 dose on 3p dose scheme</td></tr></table></blockquote><p><b>definition</b>: <a href="ActivityDefinition-IMMZ.DT.05.Hib.03.html">IMMZ.DT.05.Hib.03</a></p></blockquote><blockquote><p><b>action</b></p><p><b>title</b>: Immunize Patient for Hib - 2 Doses</p><p><b>description</b>: Provide Hib immunizations – using the &quot;Hib Vaccine immunization 3p schedule – 2 PREVIOUS&quot; schedule (3 dose scheme)</p><blockquote><p><b>condition</b></p><p><b>kind</b>: applicability</p><h3>Expressions</h3><table class="grid"><tr><td>-</td><td><b>Description</b></td><td><b>Language</b></td><td><b>Expression</b></td></tr><tr><td>*</td><td>&quot;Hib vaccine immunization history&quot; = &quot;2 doses&quot;</td><td>text/cql</td><td>Should vaccinate patient for Hib because 2 doses on 3p dose scheme</td></tr></table></blockquote><blockquote><p><b>condition</b></p><p><b>kind</b>: applicability</p><h3>Expressions</h3><table class="grid"><tr><td>-</td><td><b>Description</b></td><td><b>Language</b></td><td><b>Expression</b></td></tr><tr><td>*</td><td>&quot;Date last Hib dose given&quot; &gt;= &quot;4 weeks&quot;</td><td>text/cql</td><td>Should vaccinate patient for Hib because 2 doses on 3p dose scheme</td></tr></table></blockquote><blockquote><p><b>condition</b></p><p><b>kind</b>: applicability</p><h3>Expressions</h3><table class="grid"><tr><td>-</td><td><b>Description</b></td><td><b>Language</b></td><td><b>Expression</b></td></tr><tr><td>*</td><td>&quot;In a country where the peak burden of severe Hib disease occurs in young infants&quot; = TRUE</td><td>text/cql</td><td>Should vaccinate patient for Hib because 2 doses on 3p dose scheme</td></tr></table></blockquote><p><b>definition</b>: <a href="ActivityDefinition-IMMZ.DT.05.Hib.04.html">IMMZ.DT.05.Hib.04</a></p></blockquote><blockquote><p><b>action</b></p><p><b>title</b>: Immunize Patient for Hib - No Doses</p><p><b>description</b>: Provide Hib immunizations – using the &quot;Hib Vaccine immunization 3p + 1 schedule – NO PREVIOUS&quot; schedule (3p+1 dose scheme)</p><blockquote><p><b>condition</b></p><p><b>kind</b>: applicability</p><h3>Expressions</h3><table class="grid"><tr><td>-</td><td><b>Description</b></td><td><b>Language</b></td><td><b>Expression</b></td></tr><tr><td>*</td><td>&quot;Hib vaccine immunization history&quot; = &quot;No-doses&quot;</td><td>text/cql</td><td>Should vaccinate patient for Hib because No dose on 3p+1 dose scheme</td></tr></table></blockquote><blockquote><p><b>condition</b></p><p><b>kind</b>: applicability</p><h3>Expressions</h3><table class="grid"><tr><td>-</td><td><b>Description</b></td><td><b>Language</b></td><td><b>Expression</b></td></tr><tr><td>*</td><td>&quot;Current Patient Age in Weeks&quot; &gt;= 6</td><td>text/cql</td><td>Should vaccinate patient for Hib because No dose on 3p+1 dose scheme</td></tr></table></blockquote><blockquote><p><b>condition</b></p><p><b>kind</b>: applicability</p><h3>Expressions</h3><table class="grid"><tr><td>-</td><td><b>Description</b></td><td><b>Language</b></td><td><b>Expression</b></td></tr><tr><td>*</td><td>&quot;In a setting where the greatest disease morbidity and mortality occur later, or where rate reductions of disease are not fully sustained after the routine use of Hib vaccine&quot; = TRUE</td><td>text/cql</td><td>Should vaccinate patient for Hib because No dose on 3p+1 dose scheme</td></tr></table></blockquote><p><b>definition</b>: <a href="ActivityDefinition-IMMZ.DT.05.Hib.05.html">IMMZ.DT.05.Hib.05</a></p></blockquote><blockquote><p><b>action</b></p><p><b>title</b>: Immunize Patient for Hib - 1 Dose</p><p><b>description</b>: Provide Hib immunizations – using the &quot;Hib Vaccine immunization 3p + 1 schedule – 1 PREVIOUS&quot; schedule (3p+1 dose scheme)</p><blockquote><p><b>condition</b></p><p><b>kind</b>: applicability</p><h3>Expressions</h3><table class="grid"><tr><td>-</td><td><b>Description</b></td><td><b>Language</b></td><td><b>Expression</b></td></tr><tr><td>*</td><td>&quot;Hib vaccine immunization history&quot; = &quot;1 dose&quot;</td><td>text/cql</td><td>Should vaccinate patient for Hib because 1 dose on 3p+1 dose scheme</td></tr></table></blockquote><blockquote><p><b>condition</b></p><p><b>kind</b>: applicability</p><h3>Expressions</h3><table class="grid"><tr><td>-</td><td><b>Description</b></td><td><b>Language</b></td><td><b>Expression</b></td></tr><tr><td>*</td><td>&quot;Date last Hib dose given&quot; &gt;= &quot;4 weeks&quot;</td><td>text/cql</td><td>Should vaccinate patient for Hib because 1 dose on 3p+1 dose scheme</td></tr></table></blockquote><blockquote><p><b>condition</b></p><p><b>kind</b>: applicability</p><h3>Expressions</h3><table class="grid"><tr><td>-</td><td><b>Description</b></td><td><b>Language</b></td><td><b>Expression</b></td></tr><tr><td>*</td><td>&quot;In a setting where the greatest disease morbidity and mortality occur later, or where rate reductions of disease are not fully sustained after the routine use of Hib vaccine&quot; = TRUE</td><td>text/cql</td><td>Should vaccinate patient for Hib because 1 dose on 3p+1 dose scheme</td></tr></table></blockquote><blockquote><p><b>condition</b></p><p><b>kind</b>: applicability</p><h3>Expressions</h3><table class="grid"><tr><td>-</td><td><b>Description</b></td><td><b>Language</b></td><td><b>Expression</b></td></tr><tr><td>*</td><td>&quot;Age when patient received 1st dose&quot; &lt;= &quot;12 months&quot;</td><td>text/cql</td><td>Should vaccinate patient for Hib because 1 dose on 3p+1 dose scheme</td></tr></table></blockquote><p><b>definition</b>: <a href="ActivityDefinition-IMMZ.DT.05.Hib.06.html">IMMZ.DT.05.Hib.06</a></p></blockquote><blockquote><p><b>action</b></p><p><b>title</b>: Immunize Patient for Hib - 2 Doses</p><p><b>description</b>: Provide Hib immunizations – using the &quot;Hib Vaccine immunization 3p + 1 schedule – 2 PREVIOUS&quot; schedule (3p+1 dose scheme)</p><blockquote><p><b>condition</b></p><p><b>kind</b>: applicability</p><h3>Expressions</h3><table class="grid"><tr><td>-</td><td><b>Description</b></td><td><b>Language</b></td><td><b>Expression</b></td></tr><tr><td>*</td><td>&quot;Hib vaccine immunization history&quot; = &quot;2 doses&quot;</td><td>text/cql</td><td>Should vaccinate patient for Hib because 2 doses on 3p+1 dose scheme</td></tr></table></blockquote><blockquote><p><b>condition</b></p><p><b>kind</b>: applicability</p><h3>Expressions</h3><table class="grid"><tr><td>-</td><td><b>Description</b></td><td><b>Language</b></td><td><b>Expression</b></td></tr><tr><td>*</td><td>&quot;Date last Hib dose given&quot; &gt;= &quot;4 weeks&quot;</td><td>text/cql</td><td>Should vaccinate patient for Hib because 2 doses on 3p+1 dose scheme</td></tr></table></blockquote><blockquote><p><b>condition</b></p><p><b>kind</b>: applicability</p><h3>Expressions</h3><table class="grid"><tr><td>-</td><td><b>Description</b></td><td><b>Language</b></td><td><b>Expression</b></td></tr><tr><td>*</td><td>&quot;In a setting where the greatest disease morbidity and mortality occur later, or where rate reductions of disease are not fully sustained after the routine use of Hib vaccine&quot; = TRUE</td><td>text/cql</td><td>Should vaccinate patient for Hib because 2 doses on 3p+1 dose scheme</td></tr></table></blockquote><p><b>definition</b>: <a href="ActivityDefinition-IMMZ.DT.05.Hib.07.html">IMMZ.DT.05.Hib.07</a></p></blockquote><blockquote><p><b>action</b></p><p><b>title</b>: Immunize Patient for Hib - Booster</p><p><b>description</b>: Provide Hib immunizations – using the &quot;Hib Vaccine immunization 3p + 1 schedule – 3 PREVIOUS&quot; schedule (3p+1 dose scheme)</p><blockquote><p><b>condition</b></p><p><b>kind</b>: applicability</p><h3>Expressions</h3><table class="grid"><tr><td>-</td><td><b>Description</b></td><td><b>Language</b></td><td><b>Expression</b></td></tr><tr><td>*</td><td>&quot;Hib vaccine immunization history&quot; = &quot;3 doses&quot;</td><td>text/cql</td><td>Should vaccinate patient for Hib because 3 doses on 3p+1 dose scheme</td></tr></table></blockquote><blockquote><p><b>condition</b></p><p><b>kind</b>: applicability</p><h3>Expressions</h3><table class="grid"><tr><td>-</td><td><b>Description</b></td><td><b>Language</b></td><td><b>Expression</b></td></tr><tr><td>*</td><td>&quot;Date last Hib dose given&quot; &gt;= &quot;6 months&quot;</td><td>text/cql</td><td>Should vaccinate patient for Hib because 3 doses on 3p+1 dose scheme</td></tr></table></blockquote><blockquote><p><b>condition</b></p><p><b>kind</b>: applicability</p><h3>Expressions</h3><table class="grid"><tr><td>-</td><td><b>Description</b></td><td><b>Language</b></td><td><b>Expression</b></td></tr><tr><td>*</td><td>&quot;In a setting where the greatest disease morbidity and mortality occur later, or where rate reductions of disease are not fully sustained after the routine use of Hib vaccine&quot; = TRUE</td><td>text/cql</td><td>Should vaccinate patient for Hib because 3 doses on 3p+1 dose scheme</td></tr></table></blockquote><p><b>definition</b>: <a href="ActivityDefinition-IMMZ.DT.05.Hib.08.html">IMMZ.DT.05.Hib.08</a></p></blockquote><blockquote><p><b>action</b></p><p><b>title</b>: Immunize Patient for Hib - No Doses</p><p><b>description</b>: Provide Hib immunizations – using the &quot;Hib Vaccine immunization 2p + 1 schedule – NO PREVIOUS&quot; schedule (2p+1 dose scheme)</p><blockquote><p><b>condition</b></p><p><b>kind</b>: applicability</p><h3>Expressions</h3><table class="grid"><tr><td>-</td><td><b>Description</b></td><td><b>Language</b></td><td><b>Expression</b></td></tr><tr><td>*</td><td>&quot;Hib vaccine immunization history&quot; = &quot;No-doses&quot;</td><td>text/cql</td><td>Should vaccinate patient for Hib because No dose on 2p+1 dose scheme</td></tr></table></blockquote><blockquote><p><b>condition</b></p><p><b>kind</b>: applicability</p><h3>Expressions</h3><table class="grid"><tr><td>-</td><td><b>Description</b></td><td><b>Language</b></td><td><b>Expression</b></td></tr><tr><td>*</td><td>&quot;Current Patient Age in Weeks&quot; &gt;= 6</td><td>text/cql</td><td>Should vaccinate patient for Hib because No dose on 2p+1 dose scheme</td></tr></table></blockquote><blockquote><p><b>condition</b></p><p><b>kind</b>: applicability</p><h3>Expressions</h3><table class="grid"><tr><td>-</td><td><b>Description</b></td><td><b>Language</b></td><td><b>Expression</b></td></tr><tr><td>*</td><td>&quot;In a setting where the greatest disease morbidity and mortality occur later, or where rate reductions of disease are not fully sustained after the routine use of Hib vaccine&quot; = TRUE</td><td>text/cql</td><td>Should vaccinate patient for Hib because No dose on 2p+1 dose scheme</td></tr></table></blockquote><p><b>definition</b>: <a href="ActivityDefinition-IMMZ.DT.05.Hib.09.html">IMMZ.DT.05.Hib.09</a></p></blockquote><blockquote><p><b>action</b></p><p><b>title</b>: Immunize Patient for Hib - 1 Dose</p><p><b>description</b>: Provide Hib immunizations – using the &quot;Hib Vaccine immunization 2p + 1 schedule – 1 PREVIOUS&quot; schedule (2p+1 dose scheme)</p><blockquote><p><b>condition</b></p><p><b>kind</b>: applicability</p><h3>Expressions</h3><table class="grid"><tr><td>-</td><td><b>Description</b></td><td><b>Language</b></td><td><b>Expression</b></td></tr><tr><td>*</td><td>&quot;Hib vaccine immunization history&quot; = &quot;1 dose&quot;</td><td>text/cql</td><td>Should vaccinate patient for Hib because 1 dose on 2p+1 dose scheme</td></tr></table></blockquote><blockquote><p><b>condition</b></p><p><b>kind</b>: applicability</p><h3>Expressions</h3><table class="grid"><tr><td>-</td><td><b>Description</b></td><td><b>Language</b></td><td><b>Expression</b></td></tr><tr><td>*</td><td>&quot;Date last Hib dose given&quot; &gt;= &quot;8 weeks&quot;</td><td>text/cql</td><td>Should vaccinate patient for Hib because 1 dose on 2p+1 dose scheme</td></tr></table></blockquote><blockquote><p><b>condition</b></p><p><b>kind</b>: applicability</p><h3>Expressions</h3><table class="grid"><tr><td>-</td><td><b>Description</b></td><td><b>Language</b></td><td><b>Expression</b></td></tr><tr><td>*</td><td>&quot;In a setting where the greatest disease morbidity and mortality occur later, or where rate reductions of disease are not fully sustained after the routine use of Hib vaccine&quot; = TRUE</td><td>text/cql</td><td>Should vaccinate patient for Hib because 1 dose on 2p+1 dose scheme</td></tr></table></blockquote><blockquote><p><b>condition</b></p><p><b>kind</b>: applicability</p><h3>Expressions</h3><table class="grid"><tr><td>-</td><td><b>Description</b></td><td><b>Language</b></td><td><b>Expression</b></td></tr><tr><td>*</td><td>&quot;Age when patient received 1st dose&quot; &lt;= &quot;12 months&quot;</td><td>text/cql</td><td>Should vaccinate patient for Hib because 1 dose on 2p+1 dose scheme</td></tr></table></blockquote><p><b>definition</b>: <a href="ActivityDefinition-IMMZ.DT.05.Hib.10.html">IMMZ.DT.05.Hib.10</a></p></blockquote><blockquote><p><b>action</b></p><p><b>title</b>: Immunize Patient for Hib - Booster</p><p><b>description</b>: Provide Hib immunizations – using the &quot;Hib Vaccine immunization 2p + 1 schedule – 2 PREVIOUS&quot; schedule (2p+1 dose scheme)</p><blockquote><p><b>condition</b></p><p><b>kind</b>: applicability</p><h3>Expressions</h3><table class="grid"><tr><td>-</td><td><b>Description</b></td><td><b>Language</b></td><td><b>Expression</b></td></tr><tr><td>*</td><td>&quot;Hib vaccine immunization history&quot; = &quot;2 doses&quot;</td><td>text/cql</td><td>Should vaccinate patient for Hib because 2 dose on 2p+1 dose scheme</td></tr></table></blockquote><blockquote><p><b>condition</b></p><p><b>kind</b>: applicability</p><h3>Expressions</h3><table class="grid"><tr><td>-</td><td><b>Description</b></td><td><b>Language</b></td><td><b>Expression</b></td></tr><tr><td>*</td><td>&quot;Date last Hib dose given&quot; &gt;= &quot;6 months&quot;</td><td>text/cql</td><td>Should vaccinate patient for Hib because 2 dose on 2p+1 dose scheme</td></tr></table></blockquote><blockquote><p><b>condition</b></p><p><b>kind</b>: applicability</p><h3>Expressions</h3><table class="grid"><tr><td>-</td><td><b>Description</b></td><td><b>Language</b></td><td><b>Expression</b></td></tr><tr><td>*</td><td>&quot;In a setting where the greatest disease morbidity and mortality occur later, or where rate reductions of disease are not fully sustained after the routine use of Hib vaccine&quot; = TRUE</td><td>text/cql</td><td>Should vaccinate patient for Hib because 2 dose on 2p+1 dose scheme</td></tr></table></blockquote><p><b>definition</b>: <a href="ActivityDefinition-IMMZ.DT.05.Hib.11.html">IMMZ.DT.05.Hib.11</a></p></blockquote></div>
  </text>
  <url value="http://fhir.org/guides/who/smart-immunization/PlanDefinition/IMMZ.DT.05.Hib"/>
  <version value="0.1.0"/>
  <name value="IMMZ.DT.05.Hib"/>
  <title value="IMMZ.DT.05.Hib"/>
  <status value="draft"/>
  <date value="2023-04-01T05:56:31+00:00"/>
  <publisher value="World Health Organization (WHO)"/>
  <description value="if child or person has not been vaccinated, give Hib vaccine between 6 weeks and 59 months"/>
  <jurisdiction>
    <coding>
      <system value="http://unstats.un.org/unsd/methods/m49/m49.htm"/>
      <code value="001"/>
    </coding>
  </jurisdiction>
  <library value="http://fhir.org/guides/who/smart-immunization/Library/IMMZDT05"/>
  <action>
    <title value="Immunize Patient for Hib - No Doses"/>
    <description value="Provide Hib immunizations – using the &quot;Hib Vaccine immunization – NO PREVIOUS&quot; schedule (1 dose scheme)"/>
    <condition>
      <kind value="applicability"/>
      <expression>
        <description value="&quot;Hib vaccine immunization history&quot; = &quot;No-doses&quot;"/>
        <language value="text/cql"/>
        <expression value="Should vaccinate patient for Hib because no doses on 1 dose scheme"/>
      </expression>
    </condition>
    <condition>
      <kind value="applicability"/>
      <expression>
        <description value="&quot;Current Patient Age in Months&quot; &gt; 12"/>
        <language value="text/cql"/>
        <expression value="Should vaccinate patient for Hib because no doses on 1 dose scheme"/>
      </expression>
    </condition>
    <definitionCanonical value="http://fhir.org/guides/who/smart-immunization/ActivityDefinition/IMMZ.DT.05.Hib.01"/>
  </action>
  <action>
    <title value="Immunize Patient for Hib - No Doses"/>
    <description value="Provide Hib immunizations – using the &quot;Hib Vaccine immunization 3p schedule – NO PREVIOUS&quot; schedule (3 dose scheme)"/>
    <condition>
      <kind value="applicability"/>
      <expression>
        <description value="&quot;Hib vaccine immunization history&quot; = &quot;No-doses&quot;"/>
        <language value="text/cql"/>
        <expression value="Should vaccinate patient for Hib because no doses on 3p dose scheme"/>
      </expression>
    </condition>
    <condition>
      <kind value="applicability"/>
      <expression>
        <description value="&quot;Current Patient Age in Weeks&quot; &gt;= 6"/>
        <language value="text/cql"/>
        <expression value="Should vaccinate patient for Hib because no doses on 3p dose scheme"/>
      </expression>
    </condition>
    <condition>
      <kind value="applicability"/>
      <expression>
        <description value="&quot;In a country where the peak burden of severe Hib disease occurs in young infants&quot; = TRUE"/>
        <language value="text/cql"/>
        <expression value="Should vaccinate patient for Hib because no doses on 3p dose scheme"/>
      </expression>
    </condition>
    <definitionCanonical value="http://fhir.org/guides/who/smart-immunization/ActivityDefinition/IMMZ.DT.05.Hib.02"/>
  </action>
  <action>
    <title value="Immunize Patient for Hib - 1 Dose"/>
    <description value="Provide Hib immunizations – using the &quot;Hib Vaccine immunization 3p schedule – 1 PREVIOUS&quot; schedule (3 dose scheme)"/>
    <condition>
      <kind value="applicability"/>
      <expression>
        <description value="&quot;Hib vaccine immunization history&quot; = &quot;1 dose&quot;"/>
        <language value="text/cql"/>
        <expression value="Should vaccinate patient for Hib because 1 dose on 3p dose scheme"/>
      </expression>
    </condition>
    <condition>
      <kind value="applicability"/>
      <expression>
        <description value="&quot;Date last Hib dose given&quot; &gt;= &quot;4 weeks&quot;"/>
        <language value="text/cql"/>
        <expression value="Should vaccinate patient for Hib because 1 dose on 3p dose scheme"/>
      </expression>
    </condition>
    <condition>
      <kind value="applicability"/>
      <expression>
        <description value="&quot;In a country where the peak burden of severe Hib disease occurs in young infants&quot; = TRUE"/>
        <language value="text/cql"/>
        <expression value="Should vaccinate patient for Hib because 1 dose on 3p dose scheme"/>
      </expression>
    </condition>
    <condition>
      <kind value="applicability"/>
      <expression>
        <description value="&quot;Age when patient received 1st dose&quot; &lt;= &quot;12 months&quot;"/>
        <language value="text/cql"/>
        <expression value="Should vaccinate patient for Hib because 1 dose on 3p dose scheme"/>
      </expression>
    </condition>
    <definitionCanonical value="http://fhir.org/guides/who/smart-immunization/ActivityDefinition/IMMZ.DT.05.Hib.03"/>
  </action>
  <action>
    <title value="Immunize Patient for Hib - 2 Doses"/>
    <description value="Provide Hib immunizations – using the &quot;Hib Vaccine immunization 3p schedule – 2 PREVIOUS&quot; schedule (3 dose scheme)"/>
    <condition>
      <kind value="applicability"/>
      <expression>
        <description value="&quot;Hib vaccine immunization history&quot; = &quot;2 doses&quot;"/>
        <language value="text/cql"/>
        <expression value="Should vaccinate patient for Hib because 2 doses on 3p dose scheme"/>
      </expression>
    </condition>
    <condition>
      <kind value="applicability"/>
      <expression>
        <description value="&quot;Date last Hib dose given&quot; &gt;= &quot;4 weeks&quot;"/>
        <language value="text/cql"/>
        <expression value="Should vaccinate patient for Hib because 2 doses on 3p dose scheme"/>
      </expression>
    </condition>
    <condition>
      <kind value="applicability"/>
      <expression>
        <description value="&quot;In a country where the peak burden of severe Hib disease occurs in young infants&quot; = TRUE"/>
        <language value="text/cql"/>
        <expression value="Should vaccinate patient for Hib because 2 doses on 3p dose scheme"/>
      </expression>
    </condition>
    <definitionCanonical value="http://fhir.org/guides/who/smart-immunization/ActivityDefinition/IMMZ.DT.05.Hib.04"/>
  </action>
  <action>
    <title value="Immunize Patient for Hib - No Doses"/>
    <description value="Provide Hib immunizations – using the &quot;Hib Vaccine immunization 3p + 1 schedule – NO PREVIOUS&quot; schedule (3p+1 dose scheme)"/>
    <condition>
      <kind value="applicability"/>
      <expression>
        <description value="&quot;Hib vaccine immunization history&quot; = &quot;No-doses&quot;"/>
        <language value="text/cql"/>
        <expression value="Should vaccinate patient for Hib because No dose on 3p+1 dose scheme"/>
      </expression>
    </condition>
    <condition>
      <kind value="applicability"/>
      <expression>
        <description value="&quot;Current Patient Age in Weeks&quot; &gt;= 6"/>
        <language value="text/cql"/>
        <expression value="Should vaccinate patient for Hib because No dose on 3p+1 dose scheme"/>
      </expression>
    </condition>
    <condition>
      <kind value="applicability"/>
      <expression>
        <description value="&quot;In a setting where the greatest disease morbidity and mortality occur later, or where rate reductions of disease are not fully sustained after the routine use of Hib vaccine&quot; = TRUE"/>
        <language value="text/cql"/>
        <expression value="Should vaccinate patient for Hib because No dose on 3p+1 dose scheme"/>
      </expression>
    </condition>
    <definitionCanonical value="http://fhir.org/guides/who/smart-immunization/ActivityDefinition/IMMZ.DT.05.Hib.05"/>
  </action>
  <action>
    <title value="Immunize Patient for Hib - 1 Dose"/>
    <description value="Provide Hib immunizations – using the &quot;Hib Vaccine immunization 3p + 1 schedule – 1 PREVIOUS&quot; schedule (3p+1 dose scheme)"/>
    <condition>
      <kind value="applicability"/>
      <expression>
        <description value="&quot;Hib vaccine immunization history&quot; = &quot;1 dose&quot;"/>
        <language value="text/cql"/>
        <expression value="Should vaccinate patient for Hib because 1 dose on 3p+1 dose scheme"/>
      </expression>
    </condition>
    <condition>
      <kind value="applicability"/>
      <expression>
        <description value="&quot;Date last Hib dose given&quot; &gt;= &quot;4 weeks&quot;"/>
        <language value="text/cql"/>
        <expression value="Should vaccinate patient for Hib because 1 dose on 3p+1 dose scheme"/>
      </expression>
    </condition>
    <condition>
      <kind value="applicability"/>
      <expression>
        <description value="&quot;In a setting where the greatest disease morbidity and mortality occur later, or where rate reductions of disease are not fully sustained after the routine use of Hib vaccine&quot; = TRUE"/>
        <language value="text/cql"/>
        <expression value="Should vaccinate patient for Hib because 1 dose on 3p+1 dose scheme"/>
      </expression>
    </condition>
    <condition>
      <kind value="applicability"/>
      <expression>
        <description value="&quot;Age when patient received 1st dose&quot; &lt;= &quot;12 months&quot;"/>
        <language value="text/cql"/>
        <expression value="Should vaccinate patient for Hib because 1 dose on 3p+1 dose scheme"/>
      </expression>
    </condition>
    <definitionCanonical value="http://fhir.org/guides/who/smart-immunization/ActivityDefinition/IMMZ.DT.05.Hib.06"/>
  </action>
  <action>
    <title value="Immunize Patient for Hib - 2 Doses"/>
    <description value="Provide Hib immunizations – using the &quot;Hib Vaccine immunization 3p + 1 schedule – 2 PREVIOUS&quot; schedule (3p+1 dose scheme)"/>
    <condition>
      <kind value="applicability"/>
      <expression>
        <description value="&quot;Hib vaccine immunization history&quot; = &quot;2 doses&quot;"/>
        <language value="text/cql"/>
        <expression value="Should vaccinate patient for Hib because 2 doses on 3p+1 dose scheme"/>
      </expression>
    </condition>
    <condition>
      <kind value="applicability"/>
      <expression>
        <description value="&quot;Date last Hib dose given&quot; &gt;= &quot;4 weeks&quot;"/>
        <language value="text/cql"/>
        <expression value="Should vaccinate patient for Hib because 2 doses on 3p+1 dose scheme"/>
      </expression>
    </condition>
    <condition>
      <kind value="applicability"/>
      <expression>
        <description value="&quot;In a setting where the greatest disease morbidity and mortality occur later, or where rate reductions of disease are not fully sustained after the routine use of Hib vaccine&quot; = TRUE"/>
        <language value="text/cql"/>
        <expression value="Should vaccinate patient for Hib because 2 doses on 3p+1 dose scheme"/>
      </expression>
    </condition>
    <definitionCanonical value="http://fhir.org/guides/who/smart-immunization/ActivityDefinition/IMMZ.DT.05.Hib.07"/>
  </action>
  <action>
    <title value="Immunize Patient for Hib - Booster"/>
    <description value="Provide Hib immunizations – using the &quot;Hib Vaccine immunization 3p + 1 schedule – 3 PREVIOUS&quot; schedule (3p+1 dose scheme)"/>
    <condition>
      <kind value="applicability"/>
      <expression>
        <description value="&quot;Hib vaccine immunization history&quot; = &quot;3 doses&quot;"/>
        <language value="text/cql"/>
        <expression value="Should vaccinate patient for Hib because 3 doses on 3p+1 dose scheme"/>
      </expression>
    </condition>
    <condition>
      <kind value="applicability"/>
      <expression>
        <description value="&quot;Date last Hib dose given&quot; &gt;= &quot;6 months&quot;"/>
        <language value="text/cql"/>
        <expression value="Should vaccinate patient for Hib because 3 doses on 3p+1 dose scheme"/>
      </expression>
    </condition>
    <condition>
      <kind value="applicability"/>
      <expression>
        <description value="&quot;In a setting where the greatest disease morbidity and mortality occur later, or where rate reductions of disease are not fully sustained after the routine use of Hib vaccine&quot; = TRUE"/>
        <language value="text/cql"/>
        <expression value="Should vaccinate patient for Hib because 3 doses on 3p+1 dose scheme"/>
      </expression>
    </condition>
    <definitionCanonical value="http://fhir.org/guides/who/smart-immunization/ActivityDefinition/IMMZ.DT.05.Hib.08"/>
  </action>
  <action>
    <title value="Immunize Patient for Hib - No Doses"/>
    <description value="Provide Hib immunizations – using the &quot;Hib Vaccine immunization 2p + 1 schedule – NO PREVIOUS&quot; schedule (2p+1 dose scheme)"/>
    <condition>
      <kind value="applicability"/>
      <expression>
        <description value="&quot;Hib vaccine immunization history&quot; = &quot;No-doses&quot;"/>
        <language value="text/cql"/>
        <expression value="Should vaccinate patient for Hib because No dose on 2p+1 dose scheme"/>
      </expression>
    </condition>
    <condition>
      <kind value="applicability"/>
      <expression>
        <description value="&quot;Current Patient Age in Weeks&quot; &gt;= 6"/>
        <language value="text/cql"/>
        <expression value="Should vaccinate patient for Hib because No dose on 2p+1 dose scheme"/>
      </expression>
    </condition>
    <condition>
      <kind value="applicability"/>
      <expression>
        <description value="&quot;In a setting where the greatest disease morbidity and mortality occur later, or where rate reductions of disease are not fully sustained after the routine use of Hib vaccine&quot; = TRUE"/>
        <language value="text/cql"/>
        <expression value="Should vaccinate patient for Hib because No dose on 2p+1 dose scheme"/>
      </expression>
    </condition>
    <definitionCanonical value="http://fhir.org/guides/who/smart-immunization/ActivityDefinition/IMMZ.DT.05.Hib.09"/>
  </action>
  <action>
    <title value="Immunize Patient for Hib - 1 Dose"/>
    <description value="Provide Hib immunizations – using the &quot;Hib Vaccine immunization 2p + 1 schedule – 1 PREVIOUS&quot; schedule (2p+1 dose scheme)"/>
    <condition>
      <kind value="applicability"/>
      <expression>
        <description value="&quot;Hib vaccine immunization history&quot; = &quot;1 dose&quot;"/>
        <language value="text/cql"/>
        <expression value="Should vaccinate patient for Hib because 1 dose on 2p+1 dose scheme"/>
      </expression>
    </condition>
    <condition>
      <kind value="applicability"/>
      <expression>
        <description value="&quot;Date last Hib dose given&quot; &gt;= &quot;8 weeks&quot;"/>
        <language value="text/cql"/>
        <expression value="Should vaccinate patient for Hib because 1 dose on 2p+1 dose scheme"/>
      </expression>
    </condition>
    <condition>
      <kind value="applicability"/>
      <expression>
        <description value="&quot;In a setting where the greatest disease morbidity and mortality occur later, or where rate reductions of disease are not fully sustained after the routine use of Hib vaccine&quot; = TRUE"/>
        <language value="text/cql"/>
        <expression value="Should vaccinate patient for Hib because 1 dose on 2p+1 dose scheme"/>
      </expression>
    </condition>
    <condition>
      <kind value="applicability"/>
      <expression>
        <description value="&quot;Age when patient received 1st dose&quot; &lt;= &quot;12 months&quot;"/>
        <language value="text/cql"/>
        <expression value="Should vaccinate patient for Hib because 1 dose on 2p+1 dose scheme"/>
      </expression>
    </condition>
    <definitionCanonical value="http://fhir.org/guides/who/smart-immunization/ActivityDefinition/IMMZ.DT.05.Hib.10"/>
  </action>
  <action>
    <title value="Immunize Patient for Hib - Booster"/>
    <description value="Provide Hib immunizations – using the &quot;Hib Vaccine immunization 2p + 1 schedule – 2 PREVIOUS&quot; schedule (2p+1 dose scheme)"/>
    <condition>
      <kind value="applicability"/>
      <expression>
        <description value="&quot;Hib vaccine immunization history&quot; = &quot;2 doses&quot;"/>
        <language value="text/cql"/>
        <expression value="Should vaccinate patient for Hib because 2 dose on 2p+1 dose scheme"/>
      </expression>
    </condition>
    <condition>
      <kind value="applicability"/>
      <expression>
        <description value="&quot;Date last Hib dose given&quot; &gt;= &quot;6 months&quot;"/>
        <language value="text/cql"/>
        <expression value="Should vaccinate patient for Hib because 2 dose on 2p+1 dose scheme"/>
      </expression>
    </condition>
    <condition>
      <kind value="applicability"/>
      <expression>
        <description value="&quot;In a setting where the greatest disease morbidity and mortality occur later, or where rate reductions of disease are not fully sustained after the routine use of Hib vaccine&quot; = TRUE"/>
        <language value="text/cql"/>
        <expression value="Should vaccinate patient for Hib because 2 dose on 2p+1 dose scheme"/>
      </expression>
    </condition>
    <definitionCanonical value="http://fhir.org/guides/who/smart-immunization/ActivityDefinition/IMMZ.DT.05.Hib.11"/>
  </action>
</PlanDefinition>