<?xml version="1.0" encoding="UTF-8"?>

<PlanDefinition xmlns="http://hl7.org/fhir">
  <id value="IMMZ.DT.01.BCG"/>
  <text>
    <status value="generated"/><div xmlns="http://www.w3.org/1999/xhtml"><p><b>Generated Narrative: PlanDefinition</b><a name="IMMZ.DT.01.BCG"> </a></p><div style="display: inline-block; background-color: #d9e0e7; padding: 6px; margin: 4px; border: 1px solid #8da1b4; border-radius: 5px; line-height: 60%"><p style="margin-bottom: 0px">Resource PlanDefinition &quot;IMMZ.DT.01.BCG&quot; </p></div><p><b>url</b>: <code>http://fhir.org/guides/who/smart-immunization/PlanDefinition/IMMZ.DT.01.BCG</code></p><p><b>version</b>: 0.1.0</p><p><b>name</b>: IMMZ.DT.01.BCG</p><p><b>title</b>: IMMZ.DT.01.BCG</p><p><b>status</b>: draft</p><p><b>date</b>: 2023-04-01 05:56:31+0000</p><p><b>publisher</b>: World Health Organization (WHO)</p><p><b>description</b>: If child or person has not been vaccinated, give BCG vaccine as soon as possible after birth</p><p><b>jurisdiction</b>: Global (Whole world) <span style="background: LightGoldenRodYellow; margin: 4px; border: 1px solid khaki"> (m49.htm#001)</span></p><p><b>library</b>: <a href="Library-IMMZDT01.html">IMMZDT01</a></p><blockquote><p><b>action</b></p><p><b>title</b>: Immunize Patient for BCG - TST-negative</p><p><b>description</b>: Provide BCG immunizations – using the &quot;BCG vaccine immunization – NO PREVIOUS&quot; schedule (1 dose scheme)</p><blockquote><p><b>condition</b></p><p><b>kind</b>: applicability</p><h3>Expressions</h3><table class="grid"><tr><td>-</td><td><b>Description</b></td><td><b>Language</b></td><td><b>Expression</b></td></tr><tr><td>*</td><td>&quot;TST Test Result&quot; = &quot;TST-negative&quot;</td><td>text/cql</td><td>Should vaccinate patient for BCG</td></tr></table></blockquote><blockquote><p><b>condition</b></p><p><b>kind</b>: applicability</p><h3>Expressions</h3><table class="grid"><tr><td>-</td><td><b>Description</b></td><td><b>Language</b></td><td><b>Expression</b></td></tr><tr><td>*</td><td>&quot;High incidence of TB and/or high leprosy burden&quot; = TRUE</td><td>text/cql</td><td>Should vaccinate patient for BCG</td></tr></table></blockquote><p><b>definition</b>: <a href="ActivityDefinition-IMMZ.DT.01.BCG.01.html">IMMZ.DT.01.BCG.01</a></p></blockquote><blockquote><p><b>action</b></p><p><b>title</b>: Immunize Patient for BCG - IGRA-negative</p><p><b>description</b>: Provide BCG immunizations – using the &quot;BCG vaccine immunization – NO PREVIOUS&quot; schedule (1 dose scheme)</p><blockquote><p><b>condition</b></p><p><b>kind</b>: applicability</p><h3>Expressions</h3><table class="grid"><tr><td>-</td><td><b>Description</b></td><td><b>Language</b></td><td><b>Expression</b></td></tr><tr><td>*</td><td>&quot;IGRA Test Result&quot; = &quot;IGRA-negative&quot;</td><td>text/cql</td><td>Should vaccinate patient for BCG</td></tr></table></blockquote><blockquote><p><b>condition</b></p><p><b>kind</b>: applicability</p><h3>Expressions</h3><table class="grid"><tr><td>-</td><td><b>Description</b></td><td><b>Language</b></td><td><b>Expression</b></td></tr><tr><td>*</td><td>&quot;High incidence 
of TB and/or high leprosy burden&quot; = TRUE</td><td>text/cql</td><td>Should vaccinate patient for BCG</td></tr></table></blockquote><p><b>definition</b>: <a href="ActivityDefinition-IMMZ.DT.01.BCG.02.html">IMMZ.DT.01.BCG.02</a></p></blockquote><blockquote><p><b>action</b></p><p><b>title</b>: Immunize Patient for BCG - No Doses</p><p><b>description</b>: Provide BCG immunizations – using the &quot;BCG vaccine immunization – NO PREVIOUS&quot; schedule (1 dose scheme)</p><blockquote><p><b>condition</b></p><p><b>kind</b>: applicability</p><h3>Expressions</h3><table class="grid"><tr><td>-</td><td><b>Description</b></td><td><b>Language</b></td><td><b>Expression</b></td></tr><tr><td>*</td><td>&quot;BCG vaccine immunization history&quot; = &quot;No-doses&quot;</td><td>text/cql</td><td>Should vaccinate patient for BCG</td></tr></table></blockquote><blockquote><p><b>condition</b></p><p><b>kind</b>: applicability</p><h3>Expressions</h3><table class="grid"><tr><td>-</td><td><b>Description</b></td><td><b>Language</b></td><td><b>Expression</b></td></tr><tr><td>*</td><td>&quot;High incidence 
of TB and/or high leprosy burden&quot; = TRUE</td><td>text/cql</td><td>Should vaccinate patient for BCG</td></tr></table></blockquote><p><b>definition</b>: <a href="ActivityDefinition-IMMZ.DT.01.BCG.03.html">IMMZ.DT.01.BCG.03</a></p></blockquote><blockquote><p><b>action</b></p><p><b>title</b>: Immunize Patient for BCG - History Unknown</p><p><b>description</b>: Provide BCG immunizations – using the &quot;BCG vaccine immunization – NO PREVIOUS&quot; schedule (1 dose scheme)</p><blockquote><p><b>condition</b></p><p><b>kind</b>: applicability</p><h3>Expressions</h3><table class="grid"><tr><td>-</td><td><b>Description</b></td><td><b>Language</b></td><td><b>Expression</b></td></tr><tr><td>*</td><td>&quot;BCG vaccine immunization history&quot; = &quot;Unknown&quot;</td><td>text/cql</td><td>Should vaccinate patient for BCG</td></tr></table></blockquote><blockquote><p><b>condition</b></p><p><b>kind</b>: applicability</p><h3>Expressions</h3><table class="grid"><tr><td>-</td><td><b>Description</b></td><td><b>Language</b></td><td><b>Expression</b></td></tr><tr><td>*</td><td>&quot;High incidence 
of TB and/or high leprosy burden&quot; = TRUE</td><td>text/cql</td><td>Should vaccinate patient for BCG</td></tr></table></blockquote><p><b>definition</b>: <a href="ActivityDefinition-IMMZ.DT.01.BCG.04.html">IMMZ.DT.01.BCG.04</a></p></blockquote><blockquote><p><b>action</b></p><p><b>title</b>: Immunize Patient for BCG - No Doses and HIV Status Positive and immunicologically stable</p><p><b>description</b>: Provide BCG immunizations – using the &quot;BCG vaccine immunization – NO PREVIOUS&quot; schedule (1 dose scheme) if CD4% &gt;25% for children aged &lt;5 years or CD4 count ≥200 if aged &gt;5  years</p><blockquote><p><b>condition</b></p><p><b>kind</b>: applicability</p><h3>Expressions</h3><table class="grid"><tr><td>-</td><td><b>Description</b></td><td><b>Language</b></td><td><b>Expression</b></td></tr><tr><td>*</td><td>&quot;BCG vaccine immunization history&quot; = &quot;No-doses&quot;</td><td>text/cql</td><td>Should vaccinate patient for BCG</td></tr></table></blockquote><blockquote><p><b>condition</b></p><p><b>kind</b>: applicability</p><h3>Expressions</h3><table class="grid"><tr><td>-</td><td><b>Description</b></td><td><b>Language</b></td><td><b>Expression</b></td></tr><tr><td>*</td><td>&quot;HIV Status&quot; = &quot;Positive&quot;</td><td>text/cql</td><td>Should vaccinate patient for BCG</td></tr></table></blockquote><blockquote><p><b>condition</b></p><p><b>kind</b>: applicability</p><h3>Expressions</h3><table class="grid"><tr><td>-</td><td><b>Description</b></td><td><b>Language</b></td><td><b>Expression</b></td></tr><tr><td>*</td><td>&quot;CD4%&quot; &gt;&quot;25%&quot;</td><td>text/cql</td><td>Should vaccinate patient for BCG</td></tr></table></blockquote><blockquote><p><b>condition</b></p><p><b>kind</b>: applicability</p><h3>Expressions</h3><table class="grid"><tr><td>-</td><td><b>Description</b></td><td><b>Language</b></td><td><b>Expression</b></td></tr><tr><td>*</td><td>&quot;Current Patient Age in Years&quot; &lt; 5</td><td>text/cql</td><td>Should vaccinate patient for BCG</td></tr></table></blockquote><blockquote><p><b>condition</b></p><p><b>kind</b>: applicability</p><h3>Expressions</h3><table class="grid"><tr><td>-</td><td><b>Description</b></td><td><b>Language</b></td><td><b>Expression</b></td></tr><tr><td>*</td><td>&quot;High incidence 
of TB and/or high leprosy burden&quot; = TRUE</td><td>text/cql</td><td>Should vaccinate patient for BCG</td></tr></table></blockquote><p><b>definition</b>: <a href="ActivityDefinition-IMMZ.DT.01.BCG.05.html">IMMZ.DT.01.BCG.05</a></p></blockquote></div>
  </text>
  <url value="http://fhir.org/guides/who/smart-immunization/PlanDefinition/IMMZ.DT.01.BCG"/>
  <version value="0.1.0"/>
  <name value="IMMZ.DT.01.BCG"/>
  <title value="IMMZ.DT.01.BCG"/>
  <status value="draft"/>
  <date value="2023-04-01T05:56:31+00:00"/>
  <publisher value="World Health Organization (WHO)"/>
  <description value="If child or person has not been vaccinated, give BCG vaccine as soon as possible after birth"/>
  <jurisdiction>
    <coding>
      <system value="http://unstats.un.org/unsd/methods/m49/m49.htm"/>
      <code value="001"/>
    </coding>
  </jurisdiction>
  <library value="http://fhir.org/guides/who/smart-immunization/Library/IMMZDT01"/>
  <action>
    <title value="Immunize Patient for BCG - TST-negative"/>
    <description value="Provide BCG immunizations – using the &quot;BCG vaccine immunization – NO PREVIOUS&quot; schedule (1 dose scheme)"/>
    <condition>
      <kind value="applicability"/>
      <expression>
        <description value="&quot;TST Test Result&quot; = &quot;TST-negative&quot;"/>
        <language value="text/cql"/>
        <expression value="Should vaccinate patient for BCG"/>
      </expression>
    </condition>
    <condition>
      <kind value="applicability"/>
      <expression>
        <description value="&quot;High incidence of TB and/or high leprosy burden&quot; = TRUE"/>
        <language value="text/cql"/>
        <expression value="Should vaccinate patient for BCG"/>
      </expression>
    </condition>
    <definitionCanonical value="http://fhir.org/guides/who/smart-immunization/ActivityDefinition/IMMZ.DT.01.BCG.01"/>
  </action>
  <action>
    <title value="Immunize Patient for BCG - IGRA-negative"/>
    <description value="Provide BCG immunizations – using the &quot;BCG vaccine immunization – NO PREVIOUS&quot; schedule (1 dose scheme)"/>
    <condition>
      <kind value="applicability"/>
      <expression>
        <description value="&quot;IGRA Test Result&quot; = &quot;IGRA-negative&quot;"/>
        <language value="text/cql"/>
        <expression value="Should vaccinate patient for BCG"/>
      </expression>
    </condition>
    <condition>
      <kind value="applicability"/>
      <expression>
        <description value="&quot;High incidence &#xA;of TB and/or high leprosy burden&quot; = TRUE"/>
        <language value="text/cql"/>
        <expression value="Should vaccinate patient for BCG"/>
      </expression>
    </condition>
    <definitionCanonical value="http://fhir.org/guides/who/smart-immunization/ActivityDefinition/IMMZ.DT.01.BCG.02"/>
  </action>
  <action>
    <title value="Immunize Patient for BCG - No Doses"/>
    <description value="Provide BCG immunizations – using the &quot;BCG vaccine immunization – NO PREVIOUS&quot; schedule (1 dose scheme)"/>
    <condition>
      <kind value="applicability"/>
      <expression>
        <description value="&quot;BCG vaccine immunization history&quot; = &quot;No-doses&quot;"/>
        <language value="text/cql"/>
        <expression value="Should vaccinate patient for BCG"/>
      </expression>
    </condition>
    <condition>
      <kind value="applicability"/>
      <expression>
        <description value="&quot;High incidence &#xA;of TB and/or high leprosy burden&quot; = TRUE"/>
        <language value="text/cql"/>
        <expression value="Should vaccinate patient for BCG"/>
      </expression>
    </condition>
    <definitionCanonical value="http://fhir.org/guides/who/smart-immunization/ActivityDefinition/IMMZ.DT.01.BCG.03"/>
  </action>
  <action>
    <title value="Immunize Patient for BCG - History Unknown"/>
    <description value="Provide BCG immunizations – using the &quot;BCG vaccine immunization – NO PREVIOUS&quot; schedule (1 dose scheme)"/>
    <condition>
      <kind value="applicability"/>
      <expression>
        <description value="&quot;BCG vaccine immunization history&quot; = &quot;Unknown&quot;"/>
        <language value="text/cql"/>
        <expression value="Should vaccinate patient for BCG"/>
      </expression>
    </condition>
    <condition>
      <kind value="applicability"/>
      <expression>
        <description value="&quot;High incidence &#xA;of TB and/or high leprosy burden&quot; = TRUE"/>
        <language value="text/cql"/>
        <expression value="Should vaccinate patient for BCG"/>
      </expression>
    </condition>
    <definitionCanonical value="http://fhir.org/guides/who/smart-immunization/ActivityDefinition/IMMZ.DT.01.BCG.04"/>
  </action>
  <action>
    <title value="Immunize Patient for BCG - No Doses and HIV Status Positive and immunicologically stable"/>
    <description value="Provide BCG immunizations – using the &quot;BCG vaccine immunization – NO PREVIOUS&quot; schedule (1 dose scheme) if CD4% &gt;25% for children aged &lt;5 years or CD4 count ≥200 if aged &gt;5  years"/>
    <condition>
      <kind value="applicability"/>
      <expression>
        <description value="&quot;BCG vaccine immunization history&quot; = &quot;No-doses&quot;"/>
        <language value="text/cql"/>
        <expression value="Should vaccinate patient for BCG"/>
      </expression>
    </condition>
    <condition>
      <kind value="applicability"/>
      <expression>
        <description value="&quot;HIV Status&quot; = &quot;Positive&quot;"/>
        <language value="text/cql"/>
        <expression value="Should vaccinate patient for BCG"/>
      </expression>
    </condition>
    <condition>
      <kind value="applicability"/>
      <expression>
        <description value="&quot;CD4%&quot; &gt;&quot;25%&quot;"/>
        <language value="text/cql"/>
        <expression value="Should vaccinate patient for BCG"/>
      </expression>
    </condition>
    <condition>
      <kind value="applicability"/>
      <expression>
        <description value="&quot;Current Patient Age in Years&quot; &lt; 5"/>
        <language value="text/cql"/>
        <expression value="Should vaccinate patient for BCG"/>
      </expression>
    </condition>
    <condition>
      <kind value="applicability"/>
      <expression>
        <description value="&quot;High incidence &#xA;of TB and/or high leprosy burden&quot; = TRUE"/>
        <language value="text/cql"/>
        <expression value="Should vaccinate patient for BCG"/>
      </expression>
    </condition>
    <definitionCanonical value="http://fhir.org/guides/who/smart-immunization/ActivityDefinition/IMMZ.DT.01.BCG.05"/>
  </action>
</PlanDefinition>