<?xml version="1.0" encoding="UTF-8"?>

<PlanDefinition xmlns="http://hl7.org/fhir">
  <id value="IMMZ.DT.14.Typhoid"/>
  <text>
    <status value="generated"/><div xmlns="http://www.w3.org/1999/xhtml"><p><b>Generated Narrative: PlanDefinition</b><a name="IMMZ.DT.14.Typhoid"> </a></p><div style="display: inline-block; background-color: #d9e0e7; padding: 6px; margin: 4px; border: 1px solid #8da1b4; border-radius: 5px; line-height: 60%"><p style="margin-bottom: 0px">Resource PlanDefinition &quot;IMMZ.DT.14.Typhoid&quot; </p></div><p><b>url</b>: <code>http://fhir.org/guides/who/smart-immunization/PlanDefinition/IMMZ.DT.14.Typhoid</code></p><p><b>version</b>: 0.1.0</p><p><b>name</b>: IMMZ.DT.14.Typhoid</p><p><b>title</b>: IMMZ.DT.14.Typhoid</p><p><b>status</b>: draft</p><p><b>date</b>: 2023-04-01 05:56:31+0000</p><p><b>publisher</b>: World Health Organization (WHO)</p><p><b>description</b>: If child or person has not been vaccinated, give the Typhoid vaccine between age 6 months - 45 years old</p><p><b>jurisdiction</b>: Global (Whole world) <span style="background: LightGoldenRodYellow; margin: 4px; border: 1px solid khaki"> (m49.htm#001)</span></p><p><b>library</b>: <a href="Library-IMMZDT14.html">IMMZDT14</a></p><blockquote><p><b>action</b></p><p><b>title</b>: Immunize Patient for Typhoid -  No doses</p><p><b>description</b>: Provide Typhoid immunizations – using the &quot;TCV vaccine immunization – NO PREVIOUS&quot; schedule (1 dose scheme)</p><blockquote><p><b>condition</b></p><p><b>kind</b>: applicability</p><h3>Expressions</h3><table class="grid"><tr><td>-</td><td><b>Description</b></td><td><b>Language</b></td><td><b>Expression</b></td></tr><tr><td>*</td><td>&quot;Typhoid vaccine immunization history&quot; = &quot;No-doses&quot;</td><td>text/cql</td><td>Should vaccinate patient with TCV vaccine on a 1 dose scheme</td></tr></table></blockquote><blockquote><p><b>condition</b></p><p><b>kind</b>: applicability</p><h3>Expressions</h3><table class="grid"><tr><td>-</td><td><b>Description</b></td><td><b>Language</b></td><td><b>Expression</b></td></tr><tr><td>*</td><td>&quot;Current Patient Age in Months&quot; &gt;= 6</td><td>text/cql</td><td>Should vaccinate patient with TCV vaccine on a 1 dose scheme</td></tr></table></blockquote><blockquote><p><b>condition</b></p><p><b>kind</b>: applicability</p><h3>Expressions</h3><table class="grid"><tr><td>-</td><td><b>Description</b></td><td><b>Language</b></td><td><b>Expression</b></td></tr><tr><td>*</td><td>&quot;Current Patient Age in Years&quot; &lt;= 45</td><td>text/cql</td><td>Should vaccinate patient with TCV vaccine on a 1 dose scheme</td></tr></table></blockquote><blockquote><p><b>condition</b></p><p><b>kind</b>: applicability</p><h3>Expressions</h3><table class="grid"><tr><td>-</td><td><b>Description</b></td><td><b>Language</b></td><td><b>Expression</b></td></tr><tr><td>*</td><td>&quot;Region recommends Typhoid vaccination&quot; = TRUE</td><td>text/cql</td><td>Should vaccinate patient with TCV vaccine on a 1 dose scheme</td></tr></table></blockquote><blockquote><p><b>condition</b></p><p><b>kind</b>: applicability</p><h3>Expressions</h3><table class="grid"><tr><td>-</td><td><b>Description</b></td><td><b>Language</b></td><td><b>Expression</b></td></tr><tr><td>*</td><td>&quot;Country is administering the TCV vaccine&quot; = TRUE</td><td>text/cql</td><td>Should vaccinate patient with TCV vaccine on a 1 dose scheme</td></tr></table></blockquote><p><b>definition</b>: <a href="ActivityDefinition-IMMZ.DT.14.Typhoid.01.html">IMMZ.DT.14.Typhoid.01</a></p></blockquote><blockquote><p><b>action</b></p><p><b>title</b>: Immunize Patient for Typhoid - No Doses</p><p><b>description</b>: Provide Typhoid immunizations – using the &quot;ViPS vaccine immunization – NO PREVIOUS&quot; schedule (1 dose scheme)</p><blockquote><p><b>condition</b></p><p><b>kind</b>: applicability</p><h3>Expressions</h3><table class="grid"><tr><td>-</td><td><b>Description</b></td><td><b>Language</b></td><td><b>Expression</b></td></tr><tr><td>*</td><td>&quot;Typhoid vaccine immunization history&quot; = &quot;No-doses&quot;</td><td>text/cql</td><td>Should vaccinate patient with ViPS vaccine on a 1 dose scheme</td></tr></table></blockquote><blockquote><p><b>condition</b></p><p><b>kind</b>: applicability</p><h3>Expressions</h3><table class="grid"><tr><td>-</td><td><b>Description</b></td><td><b>Language</b></td><td><b>Expression</b></td></tr><tr><td>*</td><td>&quot;Current Patient Age in Years&quot; &gt;= 2</td><td>text/cql</td><td>Should vaccinate patient with ViPS vaccine on a 1 dose scheme</td></tr></table></blockquote><blockquote><p><b>condition</b></p><p><b>kind</b>: applicability</p><h3>Expressions</h3><table class="grid"><tr><td>-</td><td><b>Description</b></td><td><b>Language</b></td><td><b>Expression</b></td></tr><tr><td>*</td><td>&quot;Region recommends Typhoid vaccination&quot; = TRUE</td><td>text/cql</td><td>Should vaccinate patient with ViPS vaccine on a 1 dose scheme</td></tr></table></blockquote><blockquote><p><b>condition</b></p><p><b>kind</b>: applicability</p><h3>Expressions</h3><table class="grid"><tr><td>-</td><td><b>Description</b></td><td><b>Language</b></td><td><b>Expression</b></td></tr><tr><td>*</td><td>&quot;Country is administering the ViPS vaccine&quot; = TRUE</td><td>text/cql</td><td>Should vaccinate patient with ViPS vaccine on a 1 dose scheme</td></tr></table></blockquote><p><b>definition</b>: <a href="ActivityDefinition-IMMZ.DT.14.Typhoid.02.html">IMMZ.DT.14.Typhoid.02</a></p></blockquote><blockquote><p><b>action</b></p><p><b>title</b>: Immunize Patient for Typhoid - Last dose given 3 years ago</p><p><b>description</b>: Provide Typhoid revaccination – using the &quot;ViPS vaccine – Revaccination every 3 years&quot; schedule (1 dose scheme)</p><blockquote><p><b>condition</b></p><p><b>kind</b>: applicability</p><h3>Expressions</h3><table class="grid"><tr><td>-</td><td><b>Description</b></td><td><b>Language</b></td><td><b>Expression</b></td></tr><tr><td>*</td><td>&quot;Patient has completed Typhoid primary series&quot; = TRUE</td><td>text/cql</td><td>Should Re-vaccinate patient with ViPS vaccine on a 1 dose scheme</td></tr></table></blockquote><blockquote><p><b>condition</b></p><p><b>kind</b>: applicability</p><h3>Expressions</h3><table class="grid"><tr><td>-</td><td><b>Description</b></td><td><b>Language</b></td><td><b>Expression</b></td></tr><tr><td>*</td><td>&quot;Date last Typhoid dose given&quot; &gt;=  &quot;3 years&quot;</td><td>text/cql</td><td>Should Re-vaccinate patient with ViPS vaccine on a 1 dose scheme</td></tr></table></blockquote><blockquote><p><b>condition</b></p><p><b>kind</b>: applicability</p><h3>Expressions</h3><table class="grid"><tr><td>-</td><td><b>Description</b></td><td><b>Language</b></td><td><b>Expression</b></td></tr><tr><td>*</td><td>&quot;Type of last Typhoid dose&quot; = &quot;ViPS&quot;</td><td>text/cql</td><td>Should Re-vaccinate patient with ViPS vaccine on a 1 dose scheme</td></tr></table></blockquote><blockquote><p><b>condition</b></p><p><b>kind</b>: applicability</p><h3>Expressions</h3><table class="grid"><tr><td>-</td><td><b>Description</b></td><td><b>Language</b></td><td><b>Expression</b></td></tr><tr><td>*</td><td>&quot;Region recommends Typhoid vaccination&quot; = TRUE</td><td>text/cql</td><td>Should Re-vaccinate patient with ViPS vaccine on a 1 dose scheme</td></tr></table></blockquote><p><b>definition</b>: <a href="ActivityDefinition-IMMZ.DT.14.Typhoid.03.html">IMMZ.DT.14.Typhoid.03</a></p></blockquote><blockquote><p><b>action</b></p><p><b>title</b>: Immunize Patient for Typhoid - No Doses</p><p><b>description</b>: Provide Typhoid immunizations – using the &quot;Ty21a vaccine immunization – NO PREVIOUS&quot; schedule (3 dose scheme)</p><blockquote><p><b>condition</b></p><p><b>kind</b>: applicability</p><h3>Expressions</h3><table class="grid"><tr><td>-</td><td><b>Description</b></td><td><b>Language</b></td><td><b>Expression</b></td></tr><tr><td>*</td><td>&quot;Typhoid vaccine immunization history&quot; = &quot;No-doses&quot;</td><td>text/cql</td><td>Should vaccinate patient with Ty21a vaccine on a 3 dose scheme</td></tr></table></blockquote><blockquote><p><b>condition</b></p><p><b>kind</b>: applicability</p><h3>Expressions</h3><table class="grid"><tr><td>-</td><td><b>Description</b></td><td><b>Language</b></td><td><b>Expression</b></td></tr><tr><td>*</td><td>&quot;Current Patient Age in Years&quot; &gt; 6</td><td>text/cql</td><td>Should vaccinate patient with Ty21a vaccine on a 3 dose scheme</td></tr></table></blockquote><blockquote><p><b>condition</b></p><p><b>kind</b>: applicability</p><h3>Expressions</h3><table class="grid"><tr><td>-</td><td><b>Description</b></td><td><b>Language</b></td><td><b>Expression</b></td></tr><tr><td>*</td><td>&quot;Pregnancy Status&quot; = FALSE</td><td>text/cql</td><td>Should vaccinate patient with Ty21a vaccine on a 3 dose scheme</td></tr></table></blockquote><p><b>definition</b>: <a href="ActivityDefinition-IMMZ.DT.14.Typhoid.04.html">IMMZ.DT.14.Typhoid.04</a></p></blockquote><blockquote><p><b>action</b></p><p><b>title</b>: Immunize Patient for Typhoid -  1 dose</p><p><b>description</b>: Provide Typhoid immunizations – using the &quot;Ty21a vaccine immunization – 1 PREVIOUS&quot; schedule (3 dose scheme)</p><blockquote><p><b>condition</b></p><p><b>kind</b>: applicability</p><h3>Expressions</h3><table class="grid"><tr><td>-</td><td><b>Description</b></td><td><b>Language</b></td><td><b>Expression</b></td></tr><tr><td>*</td><td>&quot;Typhoid vaccine immunization history&quot; = &quot;1 dose&quot;</td><td>text/cql</td><td>Should vaccinate patient with Ty21a vaccine on a 3 dose scheme</td></tr></table></blockquote><blockquote><p><b>condition</b></p><p><b>kind</b>: applicability</p><h3>Expressions</h3><table class="grid"><tr><td>-</td><td><b>Description</b></td><td><b>Language</b></td><td><b>Expression</b></td></tr><tr><td>*</td><td>&quot;Date last Typhoid dose given&quot; &gt;  &quot;1 day&quot;</td><td>text/cql</td><td>Should vaccinate patient with Ty21a vaccine on a 3 dose scheme</td></tr></table></blockquote><blockquote><p><b>condition</b></p><p><b>kind</b>: applicability</p><h3>Expressions</h3><table class="grid"><tr><td>-</td><td><b>Description</b></td><td><b>Language</b></td><td><b>Expression</b></td></tr><tr><td>*</td><td>&quot;Date last Typhoid dose given&quot; &lt;  &quot;21 days&quot;</td><td>text/cql</td><td>Should vaccinate patient with Ty21a vaccine on a 3 dose scheme</td></tr></table></blockquote><blockquote><p><b>condition</b></p><p><b>kind</b>: applicability</p><h3>Expressions</h3><table class="grid"><tr><td>-</td><td><b>Description</b></td><td><b>Language</b></td><td><b>Expression</b></td></tr><tr><td>*</td><td>&quot;Type of last Typhoid dose&quot; = &quot;Ty21a&quot;</td><td>text/cql</td><td>Should vaccinate patient with Ty21a vaccine on a 3 dose scheme</td></tr></table></blockquote><blockquote><p><b>condition</b></p><p><b>kind</b>: applicability</p><h3>Expressions</h3><table class="grid"><tr><td>-</td><td><b>Description</b></td><td><b>Language</b></td><td><b>Expression</b></td></tr><tr><td>*</td><td>&quot;Pregnancy Status&quot; = FALSE</td><td>text/cql</td><td>Should vaccinate patient with Ty21a vaccine on a 3 dose scheme</td></tr></table></blockquote><p><b>definition</b>: <a href="ActivityDefinition-IMMZ.DT.14.Typhoid.05.html">IMMZ.DT.14.Typhoid.05</a></p></blockquote><blockquote><p><b>action</b></p><p><b>title</b>: Immunize Patient for Typhoid -  2 doses</p><p><b>description</b>: Provide Typhoid immunizations – using the &quot;Ty21a vaccine immunization – 2 PREVIOUS&quot; schedule (3 dose scheme)</p><blockquote><p><b>condition</b></p><p><b>kind</b>: applicability</p><h3>Expressions</h3><table class="grid"><tr><td>-</td><td><b>Description</b></td><td><b>Language</b></td><td><b>Expression</b></td></tr><tr><td>*</td><td>&quot;Typhoid vaccine immunization history&quot; = &quot;2 doses&quot;</td><td>text/cql</td><td>Should vaccinate patient with Ty21a vaccine on a 3 dose scheme</td></tr></table></blockquote><blockquote><p><b>condition</b></p><p><b>kind</b>: applicability</p><h3>Expressions</h3><table class="grid"><tr><td>-</td><td><b>Description</b></td><td><b>Language</b></td><td><b>Expression</b></td></tr><tr><td>*</td><td>&quot;Date last Typhoid dose given&quot; &gt;  &quot;1 day&quot;</td><td>text/cql</td><td>Should vaccinate patient with Ty21a vaccine on a 3 dose scheme</td></tr></table></blockquote><blockquote><p><b>condition</b></p><p><b>kind</b>: applicability</p><h3>Expressions</h3><table class="grid"><tr><td>-</td><td><b>Description</b></td><td><b>Language</b></td><td><b>Expression</b></td></tr><tr><td>*</td><td>&quot;Date last Typhoid dose given&quot; &lt;  &quot;21 days&quot;</td><td>text/cql</td><td>Should vaccinate patient with Ty21a vaccine on a 3 dose scheme</td></tr></table></blockquote><blockquote><p><b>condition</b></p><p><b>kind</b>: applicability</p><h3>Expressions</h3><table class="grid"><tr><td>-</td><td><b>Description</b></td><td><b>Language</b></td><td><b>Expression</b></td></tr><tr><td>*</td><td>&quot;Type of last Typhoid dose&quot; = &quot;Ty21a&quot;</td><td>text/cql</td><td>Should vaccinate patient with Ty21a vaccine on a 3 dose scheme</td></tr></table></blockquote><blockquote><p><b>condition</b></p><p><b>kind</b>: applicability</p><h3>Expressions</h3><table class="grid"><tr><td>-</td><td><b>Description</b></td><td><b>Language</b></td><td><b>Expression</b></td></tr><tr><td>*</td><td>&quot;Pregnancy Status&quot; = FALSE</td><td>text/cql</td><td>Should vaccinate patient with Ty21a vaccine on a 3 dose scheme</td></tr></table></blockquote><p><b>definition</b>: <a href="ActivityDefinition-IMMZ.DT.14.Typhoid.06.html">IMMZ.DT.14.Typhoid.06</a></p></blockquote><blockquote><p><b>action</b></p><p><b>title</b>: Immunize Patient for Typhoid - Interrupted series</p><p><b>description</b>: Provide Typhoid immunizations – using the &quot;Ty21a vaccine immunization – INTERRUPTED SERIES&quot; schedule (3 dose scheme)</p><blockquote><p><b>condition</b></p><p><b>kind</b>: applicability</p><h3>Expressions</h3><table class="grid"><tr><td>-</td><td><b>Description</b></td><td><b>Language</b></td><td><b>Expression</b></td></tr><tr><td>*</td><td>&quot;Typhoid vaccine immunization history&quot; = &quot;1 dose&quot;</td><td>text/cql</td><td>Should vaccinate patient with Ty21a vaccine - dose 1 (restart due to interrupted series)</td></tr></table></blockquote><blockquote><p><b>condition</b></p><p><b>kind</b>: applicability</p><h3>Expressions</h3><table class="grid"><tr><td>-</td><td><b>Description</b></td><td><b>Language</b></td><td><b>Expression</b></td></tr><tr><td>*</td><td>&quot;Date last Typhoid dose given&quot; &gt;=  &quot;21 days&quot;</td><td>text/cql</td><td>Should vaccinate patient with Ty21a vaccine - dose 1 (restart due to interrupted series)</td></tr></table></blockquote><blockquote><p><b>condition</b></p><p><b>kind</b>: applicability</p><h3>Expressions</h3><table class="grid"><tr><td>-</td><td><b>Description</b></td><td><b>Language</b></td><td><b>Expression</b></td></tr><tr><td>*</td><td>&quot;Type of last Typhoid dose&quot; = &quot;Ty21a&quot;</td><td>text/cql</td><td>Should vaccinate patient with Ty21a vaccine - dose 1 (restart due to interrupted series)</td></tr></table></blockquote><blockquote><p><b>condition</b></p><p><b>kind</b>: applicability</p><h3>Expressions</h3><table class="grid"><tr><td>-</td><td><b>Description</b></td><td><b>Language</b></td><td><b>Expression</b></td></tr><tr><td>*</td><td>&quot;Pregnancy Status&quot; = FALSE</td><td>text/cql</td><td>Should vaccinate patient with Ty21a vaccine - dose 1 (restart due to interrupted series)</td></tr></table></blockquote><p><b>definition</b>: <a href="ActivityDefinition-IMMZ.DT.14.Typhoid.07.html">IMMZ.DT.14.Typhoid.07</a></p></blockquote><blockquote><p><b>action</b></p><p><b>title</b>: Immunize Patient for Typhoid - Interrupted series</p><p><b>description</b>: Provide Typhoid immunizations – using the &quot;Ty21a vaccine immunization – INTERRUPTED SERIES&quot; schedule (3 dose scheme)</p><blockquote><p><b>condition</b></p><p><b>kind</b>: applicability</p><h3>Expressions</h3><table class="grid"><tr><td>-</td><td><b>Description</b></td><td><b>Language</b></td><td><b>Expression</b></td></tr><tr><td>*</td><td>&quot;Typhoid vaccine immunization history&quot; = &quot;2 doses&quot;</td><td>text/cql</td><td>Should vaccinate patient with Ty21a vaccine - dose 1 (restart due to interrupted series)</td></tr></table></blockquote><blockquote><p><b>condition</b></p><p><b>kind</b>: applicability</p><h3>Expressions</h3><table class="grid"><tr><td>-</td><td><b>Description</b></td><td><b>Language</b></td><td><b>Expression</b></td></tr><tr><td>*</td><td>&quot;Date last Typhoid dose given&quot; &gt;=  &quot;21 days&quot;</td><td>text/cql</td><td>Should vaccinate patient with Ty21a vaccine - dose 1 (restart due to interrupted series)</td></tr></table></blockquote><blockquote><p><b>condition</b></p><p><b>kind</b>: applicability</p><h3>Expressions</h3><table class="grid"><tr><td>-</td><td><b>Description</b></td><td><b>Language</b></td><td><b>Expression</b></td></tr><tr><td>*</td><td>&quot;Type of last Typhoid dose&quot; = &quot;Ty21a&quot;</td><td>text/cql</td><td>Should vaccinate patient with Ty21a vaccine - dose 1 (restart due to interrupted series)</td></tr></table></blockquote><blockquote><p><b>condition</b></p><p><b>kind</b>: applicability</p><h3>Expressions</h3><table class="grid"><tr><td>-</td><td><b>Description</b></td><td><b>Language</b></td><td><b>Expression</b></td></tr><tr><td>*</td><td>&quot;Pregnancy Status&quot; = FALSE</td><td>text/cql</td><td>Should vaccinate patient with Ty21a vaccine - dose 1 (restart due to interrupted series)</td></tr></table></blockquote><p><b>definition</b>: <a href="ActivityDefinition-IMMZ.DT.14.Typhoid.08.html">IMMZ.DT.14.Typhoid.08</a></p></blockquote><blockquote><p><b>action</b></p><p><b>title</b>: Immunize Patient for Typhoid - Last dose given 3 years ago</p><p><b>description</b>: Provide Typhoid revaccination – using the &quot;Ty21a vaccine – Revaccination every 3-7 years&quot; schedule (3 dose scheme)</p><blockquote><p><b>condition</b></p><p><b>kind</b>: applicability</p><h3>Expressions</h3><table class="grid"><tr><td>-</td><td><b>Description</b></td><td><b>Language</b></td><td><b>Expression</b></td></tr><tr><td>*</td><td>&quot;Patient has completed Typhoid primary series&quot; = TRUE</td><td>text/cql</td><td>Should Re-vaccinate patient with Ty21a vaccine on a 3 dose scheme</td></tr></table></blockquote><blockquote><p><b>condition</b></p><p><b>kind</b>: applicability</p><h3>Expressions</h3><table class="grid"><tr><td>-</td><td><b>Description</b></td><td><b>Language</b></td><td><b>Expression</b></td></tr><tr><td>*</td><td>&quot;Date last Typhoid dose given&quot; &gt;=  &quot;3 years&quot;</td><td>text/cql</td><td>Should Re-vaccinate patient with Ty21a vaccine on a 3 dose scheme</td></tr></table></blockquote><blockquote><p><b>condition</b></p><p><b>kind</b>: applicability</p><h3>Expressions</h3><table class="grid"><tr><td>-</td><td><b>Description</b></td><td><b>Language</b></td><td><b>Expression</b></td></tr><tr><td>*</td><td>&quot;Type of last Typhoid dose&quot; = &quot;Ty21a&quot;</td><td>text/cql</td><td>Should Re-vaccinate patient with Ty21a vaccine on a 3 dose scheme</td></tr></table></blockquote><blockquote><p><b>condition</b></p><p><b>kind</b>: applicability</p><h3>Expressions</h3><table class="grid"><tr><td>-</td><td><b>Description</b></td><td><b>Language</b></td><td><b>Expression</b></td></tr><tr><td>*</td><td>&quot;Region recommends Typhoid vaccination&quot; = TRUE</td><td>text/cql</td><td>Should Re-vaccinate patient with Ty21a vaccine on a 3 dose scheme</td></tr></table></blockquote><p><b>definition</b>: <a href="ActivityDefinition-IMMZ.DT.14.Typhoid.09.html">IMMZ.DT.14.Typhoid.09</a></p></blockquote></div>
  </text>
  <url value="http://fhir.org/guides/who/smart-immunization/PlanDefinition/IMMZ.DT.14.Typhoid"/>
  <version value="0.1.0"/>
  <name value="IMMZ.DT.14.Typhoid"/>
  <title value="IMMZ.DT.14.Typhoid"/>
  <status value="draft"/>
  <date value="2023-04-01T05:56:31+00:00"/>
  <publisher value="World Health Organization (WHO)"/>
  <description value="If child or person has not been vaccinated, give the Typhoid vaccine between age 6 months - 45 years old"/>
  <jurisdiction>
    <coding>
      <system value="http://unstats.un.org/unsd/methods/m49/m49.htm"/>
      <code value="001"/>
    </coding>
  </jurisdiction>
  <library value="http://fhir.org/guides/who/smart-immunization/Library/IMMZDT14"/>
  <action>
    <title value="Immunize Patient for Typhoid -  No doses"/>
    <description value="Provide Typhoid immunizations – using the &quot;TCV vaccine immunization – NO PREVIOUS&quot; schedule (1 dose scheme)"/>
    <condition>
      <kind value="applicability"/>
      <expression>
        <description value="&quot;Typhoid vaccine immunization history&quot; = &quot;No-doses&quot;"/>
        <language value="text/cql"/>
        <expression value="Should vaccinate patient with TCV vaccine on a 1 dose scheme"/>
      </expression>
    </condition>
    <condition>
      <kind value="applicability"/>
      <expression>
        <description value="&quot;Current Patient Age in Months&quot; &gt;= 6"/>
        <language value="text/cql"/>
        <expression value="Should vaccinate patient with TCV vaccine on a 1 dose scheme"/>
      </expression>
    </condition>
    <condition>
      <kind value="applicability"/>
      <expression>
        <description value="&quot;Current Patient Age in Years&quot; &lt;= 45"/>
        <language value="text/cql"/>
        <expression value="Should vaccinate patient with TCV vaccine on a 1 dose scheme"/>
      </expression>
    </condition>
    <condition>
      <kind value="applicability"/>
      <expression>
        <description value="&quot;Region recommends Typhoid vaccination&quot; = TRUE"/>
        <language value="text/cql"/>
        <expression value="Should vaccinate patient with TCV vaccine on a 1 dose scheme"/>
      </expression>
    </condition>
    <condition>
      <kind value="applicability"/>
      <expression>
        <description value="&quot;Country is administering the TCV vaccine&quot; = TRUE"/>
        <language value="text/cql"/>
        <expression value="Should vaccinate patient with TCV vaccine on a 1 dose scheme"/>
      </expression>
    </condition>
    <definitionCanonical value="http://fhir.org/guides/who/smart-immunization/ActivityDefinition/IMMZ.DT.14.Typhoid.01"/>
  </action>
  <action>
    <title value="Immunize Patient for Typhoid - No Doses"/>
    <description value="Provide Typhoid immunizations – using the &quot;ViPS vaccine immunization – NO PREVIOUS&quot; schedule (1 dose scheme)"/>
    <condition>
      <kind value="applicability"/>
      <expression>
        <description value="&quot;Typhoid vaccine immunization history&quot; = &quot;No-doses&quot;"/>
        <language value="text/cql"/>
        <expression value="Should vaccinate patient with ViPS vaccine on a 1 dose scheme"/>
      </expression>
    </condition>
    <condition>
      <kind value="applicability"/>
      <expression>
        <description value="&quot;Current Patient Age in Years&quot; &gt;= 2"/>
        <language value="text/cql"/>
        <expression value="Should vaccinate patient with ViPS vaccine on a 1 dose scheme"/>
      </expression>
    </condition>
    <condition>
      <kind value="applicability"/>
      <expression>
        <description value="&quot;Region recommends Typhoid vaccination&quot; = TRUE"/>
        <language value="text/cql"/>
        <expression value="Should vaccinate patient with ViPS vaccine on a 1 dose scheme"/>
      </expression>
    </condition>
    <condition>
      <kind value="applicability"/>
      <expression>
        <description value="&quot;Country is administering the ViPS vaccine&quot; = TRUE"/>
        <language value="text/cql"/>
        <expression value="Should vaccinate patient with ViPS vaccine on a 1 dose scheme"/>
      </expression>
    </condition>
    <definitionCanonical value="http://fhir.org/guides/who/smart-immunization/ActivityDefinition/IMMZ.DT.14.Typhoid.02"/>
  </action>
  <action>
    <title value="Immunize Patient for Typhoid - Last dose given 3 years ago"/>
    <description value="Provide Typhoid revaccination – using the &quot;ViPS vaccine – Revaccination every 3 years&quot; schedule (1 dose scheme)"/>
    <condition>
      <kind value="applicability"/>
      <expression>
        <description value="&quot;Patient has completed Typhoid primary series&quot; = TRUE"/>
        <language value="text/cql"/>
        <expression value="Should Re-vaccinate patient with ViPS vaccine on a 1 dose scheme"/>
      </expression>
    </condition>
    <condition>
      <kind value="applicability"/>
      <expression>
        <description value="&quot;Date last Typhoid dose given&quot; &gt;=  &quot;3 years&quot;"/>
        <language value="text/cql"/>
        <expression value="Should Re-vaccinate patient with ViPS vaccine on a 1 dose scheme"/>
      </expression>
    </condition>
    <condition>
      <kind value="applicability"/>
      <expression>
        <description value="&quot;Type of last Typhoid dose&quot; = &quot;ViPS&quot;"/>
        <language value="text/cql"/>
        <expression value="Should Re-vaccinate patient with ViPS vaccine on a 1 dose scheme"/>
      </expression>
    </condition>
    <condition>
      <kind value="applicability"/>
      <expression>
        <description value="&quot;Region recommends Typhoid vaccination&quot; = TRUE"/>
        <language value="text/cql"/>
        <expression value="Should Re-vaccinate patient with ViPS vaccine on a 1 dose scheme"/>
      </expression>
    </condition>
    <definitionCanonical value="http://fhir.org/guides/who/smart-immunization/ActivityDefinition/IMMZ.DT.14.Typhoid.03"/>
  </action>
  <action>
    <title value="Immunize Patient for Typhoid - No Doses"/>
    <description value="Provide Typhoid immunizations – using the &quot;Ty21a vaccine immunization – NO PREVIOUS&quot; schedule (3 dose scheme)"/>
    <condition>
      <kind value="applicability"/>
      <expression>
        <description value="&quot;Typhoid vaccine immunization history&quot; = &quot;No-doses&quot;"/>
        <language value="text/cql"/>
        <expression value="Should vaccinate patient with Ty21a vaccine on a 3 dose scheme"/>
      </expression>
    </condition>
    <condition>
      <kind value="applicability"/>
      <expression>
        <description value="&quot;Current Patient Age in Years&quot; &gt; 6"/>
        <language value="text/cql"/>
        <expression value="Should vaccinate patient with Ty21a vaccine on a 3 dose scheme"/>
      </expression>
    </condition>
    <condition>
      <kind value="applicability"/>
      <expression>
        <description value="&quot;Pregnancy Status&quot; = FALSE"/>
        <language value="text/cql"/>
        <expression value="Should vaccinate patient with Ty21a vaccine on a 3 dose scheme"/>
      </expression>
    </condition>
    <definitionCanonical value="http://fhir.org/guides/who/smart-immunization/ActivityDefinition/IMMZ.DT.14.Typhoid.04"/>
  </action>
  <action>
    <title value="Immunize Patient for Typhoid -  1 dose"/>
    <description value="Provide Typhoid immunizations – using the &quot;Ty21a vaccine immunization – 1 PREVIOUS&quot; schedule (3 dose scheme)"/>
    <condition>
      <kind value="applicability"/>
      <expression>
        <description value="&quot;Typhoid vaccine immunization history&quot; = &quot;1 dose&quot;"/>
        <language value="text/cql"/>
        <expression value="Should vaccinate patient with Ty21a vaccine on a 3 dose scheme"/>
      </expression>
    </condition>
    <condition>
      <kind value="applicability"/>
      <expression>
        <description value="&quot;Date last Typhoid dose given&quot; &gt;  &quot;1 day&quot;"/>
        <language value="text/cql"/>
        <expression value="Should vaccinate patient with Ty21a vaccine on a 3 dose scheme"/>
      </expression>
    </condition>
    <condition>
      <kind value="applicability"/>
      <expression>
        <description value="&quot;Date last Typhoid dose given&quot; &lt;  &quot;21 days&quot;"/>
        <language value="text/cql"/>
        <expression value="Should vaccinate patient with Ty21a vaccine on a 3 dose scheme"/>
      </expression>
    </condition>
    <condition>
      <kind value="applicability"/>
      <expression>
        <description value="&quot;Type of last Typhoid dose&quot; = &quot;Ty21a&quot;"/>
        <language value="text/cql"/>
        <expression value="Should vaccinate patient with Ty21a vaccine on a 3 dose scheme"/>
      </expression>
    </condition>
    <condition>
      <kind value="applicability"/>
      <expression>
        <description value="&quot;Pregnancy Status&quot; = FALSE"/>
        <language value="text/cql"/>
        <expression value="Should vaccinate patient with Ty21a vaccine on a 3 dose scheme"/>
      </expression>
    </condition>
    <definitionCanonical value="http://fhir.org/guides/who/smart-immunization/ActivityDefinition/IMMZ.DT.14.Typhoid.05"/>
  </action>
  <action>
    <title value="Immunize Patient for Typhoid -  2 doses"/>
    <description value="Provide Typhoid immunizations – using the &quot;Ty21a vaccine immunization – 2 PREVIOUS&quot; schedule (3 dose scheme)"/>
    <condition>
      <kind value="applicability"/>
      <expression>
        <description value="&quot;Typhoid vaccine immunization history&quot; = &quot;2 doses&quot;"/>
        <language value="text/cql"/>
        <expression value="Should vaccinate patient with Ty21a vaccine on a 3 dose scheme"/>
      </expression>
    </condition>
    <condition>
      <kind value="applicability"/>
      <expression>
        <description value="&quot;Date last Typhoid dose given&quot; &gt;  &quot;1 day&quot;"/>
        <language value="text/cql"/>
        <expression value="Should vaccinate patient with Ty21a vaccine on a 3 dose scheme"/>
      </expression>
    </condition>
    <condition>
      <kind value="applicability"/>
      <expression>
        <description value="&quot;Date last Typhoid dose given&quot; &lt;  &quot;21 days&quot;"/>
        <language value="text/cql"/>
        <expression value="Should vaccinate patient with Ty21a vaccine on a 3 dose scheme"/>
      </expression>
    </condition>
    <condition>
      <kind value="applicability"/>
      <expression>
        <description value="&quot;Type of last Typhoid dose&quot; = &quot;Ty21a&quot;"/>
        <language value="text/cql"/>
        <expression value="Should vaccinate patient with Ty21a vaccine on a 3 dose scheme"/>
      </expression>
    </condition>
    <condition>
      <kind value="applicability"/>
      <expression>
        <description value="&quot;Pregnancy Status&quot; = FALSE"/>
        <language value="text/cql"/>
        <expression value="Should vaccinate patient with Ty21a vaccine on a 3 dose scheme"/>
      </expression>
    </condition>
    <definitionCanonical value="http://fhir.org/guides/who/smart-immunization/ActivityDefinition/IMMZ.DT.14.Typhoid.06"/>
  </action>
  <action>
    <title value="Immunize Patient for Typhoid - Interrupted series"/>
    <description value="Provide Typhoid immunizations – using the &quot;Ty21a vaccine immunization – INTERRUPTED SERIES&quot; schedule (3 dose scheme)"/>
    <condition>
      <kind value="applicability"/>
      <expression>
        <description value="&quot;Typhoid vaccine immunization history&quot; = &quot;1 dose&quot;"/>
        <language value="text/cql"/>
        <expression value="Should vaccinate patient with Ty21a vaccine - dose 1 (restart due to interrupted series)"/>
      </expression>
    </condition>
    <condition>
      <kind value="applicability"/>
      <expression>
        <description value="&quot;Date last Typhoid dose given&quot; &gt;=  &quot;21 days&quot;"/>
        <language value="text/cql"/>
        <expression value="Should vaccinate patient with Ty21a vaccine - dose 1 (restart due to interrupted series)"/>
      </expression>
    </condition>
    <condition>
      <kind value="applicability"/>
      <expression>
        <description value="&quot;Type of last Typhoid dose&quot; = &quot;Ty21a&quot;"/>
        <language value="text/cql"/>
        <expression value="Should vaccinate patient with Ty21a vaccine - dose 1 (restart due to interrupted series)"/>
      </expression>
    </condition>
    <condition>
      <kind value="applicability"/>
      <expression>
        <description value="&quot;Pregnancy Status&quot; = FALSE"/>
        <language value="text/cql"/>
        <expression value="Should vaccinate patient with Ty21a vaccine - dose 1 (restart due to interrupted series)"/>
      </expression>
    </condition>
    <definitionCanonical value="http://fhir.org/guides/who/smart-immunization/ActivityDefinition/IMMZ.DT.14.Typhoid.07"/>
  </action>
  <action>
    <title value="Immunize Patient for Typhoid - Interrupted series"/>
    <description value="Provide Typhoid immunizations – using the &quot;Ty21a vaccine immunization – INTERRUPTED SERIES&quot; schedule (3 dose scheme)"/>
    <condition>
      <kind value="applicability"/>
      <expression>
        <description value="&quot;Typhoid vaccine immunization history&quot; = &quot;2 doses&quot;"/>
        <language value="text/cql"/>
        <expression value="Should vaccinate patient with Ty21a vaccine - dose 1 (restart due to interrupted series)"/>
      </expression>
    </condition>
    <condition>
      <kind value="applicability"/>
      <expression>
        <description value="&quot;Date last Typhoid dose given&quot; &gt;=  &quot;21 days&quot;"/>
        <language value="text/cql"/>
        <expression value="Should vaccinate patient with Ty21a vaccine - dose 1 (restart due to interrupted series)"/>
      </expression>
    </condition>
    <condition>
      <kind value="applicability"/>
      <expression>
        <description value="&quot;Type of last Typhoid dose&quot; = &quot;Ty21a&quot;"/>
        <language value="text/cql"/>
        <expression value="Should vaccinate patient with Ty21a vaccine - dose 1 (restart due to interrupted series)"/>
      </expression>
    </condition>
    <condition>
      <kind value="applicability"/>
      <expression>
        <description value="&quot;Pregnancy Status&quot; = FALSE"/>
        <language value="text/cql"/>
        <expression value="Should vaccinate patient with Ty21a vaccine - dose 1 (restart due to interrupted series)"/>
      </expression>
    </condition>
    <definitionCanonical value="http://fhir.org/guides/who/smart-immunization/ActivityDefinition/IMMZ.DT.14.Typhoid.08"/>
  </action>
  <action>
    <title value="Immunize Patient for Typhoid - Last dose given 3 years ago"/>
    <description value="Provide Typhoid revaccination – using the &quot;Ty21a vaccine – Revaccination every 3-7 years&quot; schedule (3 dose scheme)"/>
    <condition>
      <kind value="applicability"/>
      <expression>
        <description value="&quot;Patient has completed Typhoid primary series&quot; = TRUE"/>
        <language value="text/cql"/>
        <expression value="Should Re-vaccinate patient with Ty21a vaccine on a 3 dose scheme"/>
      </expression>
    </condition>
    <condition>
      <kind value="applicability"/>
      <expression>
        <description value="&quot;Date last Typhoid dose given&quot; &gt;=  &quot;3 years&quot;"/>
        <language value="text/cql"/>
        <expression value="Should Re-vaccinate patient with Ty21a vaccine on a 3 dose scheme"/>
      </expression>
    </condition>
    <condition>
      <kind value="applicability"/>
      <expression>
        <description value="&quot;Type of last Typhoid dose&quot; = &quot;Ty21a&quot;"/>
        <language value="text/cql"/>
        <expression value="Should Re-vaccinate patient with Ty21a vaccine on a 3 dose scheme"/>
      </expression>
    </condition>
    <condition>
      <kind value="applicability"/>
      <expression>
        <description value="&quot;Region recommends Typhoid vaccination&quot; = TRUE"/>
        <language value="text/cql"/>
        <expression value="Should Re-vaccinate patient with Ty21a vaccine on a 3 dose scheme"/>
      </expression>
    </condition>
    <definitionCanonical value="http://fhir.org/guides/who/smart-immunization/ActivityDefinition/IMMZ.DT.14.Typhoid.09"/>
  </action>
</PlanDefinition>