<?xml version="1.0" encoding="UTF-8"?>

<ValueSet xmlns="http://hl7.org/fhir">
  <id value="MenAconjugatevaccine-values"/>
  <text>
    <status value="generated"/><div xmlns="http://www.w3.org/1999/xhtml"><p>This value set includes codes based on the following rules:</p><ul><li>Include these codes as defined in <code>http://hl7.org/fhir/sid/icd-11</code><table class="none"><tr><td style="white-space:nowrap"><b>Code</b></td><td><b>Display</b></td></tr><tr><td>XM2WV4</td><td>Meningococcal vaccines</td></tr><tr><td>XM2280</td><td>Meningococcus A, purified polysaccharides antigen conjugated</td></tr><tr><td>XM37L5</td><td>Meningococcus A, purified polysaccharides antigen</td></tr></table></li><li>Include these codes as defined in <a href="http://www.snomed.org/"><code>http://snomed.info/sct</code></a><table class="none"><tr><td style="white-space:nowrap"><b>Code</b></td><td><b>Display</b></td></tr><tr><td><a href="http://snomed.info/id/259839009">259839009</a></td><td>Meningococcal polysaccharide group A antibody (substance)</td></tr></table></li></ul></div>
  </text>
  <url value="http://fhir.org/guides/who/smart-immunization/ValueSet/MenAconjugatevaccine-values"/>
  <version value="0.1.0"/>
  <name value="MenAconjugatevaccinevalues"/>
  <title value="MenA conjugate vaccine values"/>
  <status value="draft"/>
  <experimental value="false"/>
  <date value="2023-04-01T05:56:31+00:00"/>
  <publisher value="World Health Organization (WHO)"/>
  <description value="Codes representing MenA conjugate vaccine values"/>
  <jurisdiction>
    <coding>
      <system value="http://unstats.un.org/unsd/methods/m49/m49.htm"/>
      <code value="001"/>
    </coding>
  </jurisdiction>
  <immutable value="true"/>
  <compose>
    <include>
      <system value="http://hl7.org/fhir/sid/icd-11"/>
      <concept>
        <code value="XM2WV4"/>
        <display value="Meningococcal vaccines"/>
      </concept>
      <concept>
        <code value="XM2280"/>
        <display value="Meningococcus A, purified polysaccharides antigen conjugated"/>
      </concept>
      <concept>
        <code value="XM37L5"/>
        <display value="Meningococcus A, purified polysaccharides antigen"/>
      </concept>
    </include>
    <include>
      <system value="http://snomed.info/sct"/>
      <concept>
        <code value="259839009"/>
        <display value="Meningococcal polysaccharide group A antibody (substance)"/>
      </concept>
    </include>
  </compose>
</ValueSet>