<?xml version="1.0" encoding="UTF-8"?>

<PlanDefinition xmlns="http://hl7.org/fhir">
  <id value="IMMZ.DT.02.HepatitisB"/>
  <text>
    <status value="generated"/><div xmlns="http://www.w3.org/1999/xhtml"><p><b>Generated Narrative: PlanDefinition</b><a name="IMMZ.DT.02.HepatitisB"> </a></p><div style="display: inline-block; background-color: #d9e0e7; padding: 6px; margin: 4px; border: 1px solid #8da1b4; border-radius: 5px; line-height: 60%"><p style="margin-bottom: 0px">Resource PlanDefinition &quot;IMMZ.DT.02.HepatitisB&quot; </p></div><p><b>url</b>: <code>http://fhir.org/guides/who/smart-immunization/PlanDefinition/IMMZ.DT.02.HepatitisB</code></p><p><b>version</b>: 0.1.0</p><p><b>name</b>: IMMZ.DT.02.HepatitisB</p><p><b>title</b>: IMMZ.DT.02.HepatitisB</p><p><b>status</b>: draft</p><p><b>date</b>: 2023-07-11 06:05:13+0000</p><p><b>publisher</b>: World Health Organization (WHO)</p><p><b>description</b>: If child or person has not been vaccinated, give Hepatitis B vaccine as soon as possible after birth</p><p><b>jurisdiction</b>: Global (Whole world) <span style="background: LightGoldenRodYellow; margin: 4px; border: 1px solid khaki"> (m49.htm#001)</span></p><p><b>library</b>: <a href="Library-library-IMMZDT02.html">IMMZDT02</a></p><blockquote><p><b>action</b></p><p><b>title</b>: Provision of the Hepatitis B dose</p><p><b>description</b>: Provision Hepatitis B immunization</p><blockquote><p><b>condition</b></p><p><b>kind</b>: applicability</p><h3>Expressions</h3><table class="grid"><tr><td style="display: none">-</td><td><b>Description</b></td><td><b>Language</b></td><td><b>Expression</b></td></tr><tr><td style="display: none">*</td><td>Provision of the HepB dose</td><td>text/cql-expression</td><td>Provision of the HepB dose</td></tr></table></blockquote><p><b>definition</b>: <a href="ActivityDefinition-IMMZ.DT.02.HepatitisB.01.html">IMMZ.DT.02.HepatitisB.01</a></p></blockquote></div>
  </text>
  <url value="http://fhir.org/guides/who/smart-immunization/PlanDefinition/IMMZ.DT.02.HepatitisB"/>
  <version value="0.1.0"/>
  <name value="IMMZ.DT.02.HepatitisB"/>
  <title value="IMMZ.DT.02.HepatitisB"/>
  <status value="draft"/>
  <date value="2023-07-11T06:05:13+00:00"/>
  <publisher value="World Health Organization (WHO)"/>
  <description value="If child or person has not been vaccinated, give Hepatitis B vaccine as soon as possible after birth"/>
  <jurisdiction>
    <coding>
      <system value="http://unstats.un.org/unsd/methods/m49/m49.htm"/>
      <code value="001"/>
    </coding>
  </jurisdiction>
  <library value="http://fhir.org/guides/who/smart-immunization/Library/IMMZDT02"/>
  <action>
    <title value="Provision of the Hepatitis B dose"/>
    <description value="Provision Hepatitis B immunization"/>
    <condition>
      <kind value="applicability"/>
      <expression>
        <description value="Provision of the HepB dose"/>
        <language value="text/cql-expression"/>
        <expression value="Provision of the HepB dose"/>
      </expression>
    </condition>
    <definitionCanonical value="http://fhir.org/guides/who/smart-immunization/ActivityDefinition/IMMZ.DT.02.HepatitisB.01"/>
  </action>
</PlanDefinition>