<?xml version="1.0" encoding="UTF-8"?>

<PlanDefinition xmlns="http://hl7.org/fhir">
  <id value="IMMZ.DT.03.Polio"/>
  <text>
    <status value="generated"/><div xmlns="http://www.w3.org/1999/xhtml"><p><b>Generated Narrative: PlanDefinition</b><a name="IMMZ.DT.03.Polio"> </a></p><div style="display: inline-block; background-color: #d9e0e7; padding: 6px; margin: 4px; border: 1px solid #8da1b4; border-radius: 5px; line-height: 60%"><p style="margin-bottom: 0px">Resource PlanDefinition &quot;IMMZ.DT.03.Polio&quot; </p></div><p><b>url</b>: <code>http://fhir.org/guides/who/smart-immunization/PlanDefinition/IMMZ.DT.03.Polio</code></p><p><b>version</b>: 0.1.0</p><p><b>name</b>: IMMZ.DT.03.Polio</p><p><b>title</b>: IMMZ.DT.03.Polio</p><p><b>status</b>: draft</p><p><b>date</b>: 2023-07-11 06:05:13+0000</p><p><b>publisher</b>: World Health Organization (WHO)</p><p><b>description</b>: If child or person has not been vaccinated, give Polio vaccine</p><p><b>jurisdiction</b>: Global (Whole world) <span style="background: LightGoldenRodYellow; margin: 4px; border: 1px solid khaki"> (m49.htm#001)</span></p><p><b>library</b>: <a href="Library-IMMZDT03.html">IMMZDT03</a></p><blockquote><p><b>action</b></p><p><b>title</b>: Schedule Patient for Polio (bOPV)</p><p><b>description</b>: Schedule Polio (bOPV) immunizations</p><blockquote><p><b>condition</b></p><p><b>kind</b>: applicability</p><h3>Expressions</h3><table class="grid"><tr><td style="display: none">-</td><td><b>Description</b></td><td><b>Language</b></td><td><b>Expression</b></td></tr><tr><td style="display: none">*</td><td>Provision of the bOPV dose</td><td>text/cql-expression</td><td>Provision of the bOPV dose</td></tr></table></blockquote><p><b>definition</b>: <a href="http://fhir.org/guides/who/smart-immunization/ActivityDefinition/IMMZ.DT.02.HepatitisB.bOPV">http://fhir.org/guides/who/smart-immunization/ActivityDefinition/IMMZ.DT.02.HepatitisB.bOPV</a></p></blockquote><blockquote><p><b>action</b></p><p><b>title</b>: Schedule Patient for Polio (IPV)</p><p><b>description</b>: Schedule Polio (IPV) immunization</p><blockquote><p><b>condition</b></p><p><b>kind</b>: applicability</p><h3>Expressions</h3><table class="grid"><tr><td style="display: none">-</td><td><b>Description</b></td><td><b>Language</b></td><td><b>Expression</b></td></tr><tr><td style="display: none">*</td><td>Provision of the IPV dose</td><td>text/cql-expression</td><td>Provision of the IPV dose</td></tr></table></blockquote><p><b>definition</b>: <a href="http://fhir.org/guides/who/smart-immunization/ActivityDefinition/IMMZ.DT.02.HepatitisB.IPV">http://fhir.org/guides/who/smart-immunization/ActivityDefinition/IMMZ.DT.02.HepatitisB.IPV</a></p></blockquote></div>
  </text>
  <url value="http://fhir.org/guides/who/smart-immunization/PlanDefinition/IMMZ.DT.03.Polio"/>
  <version value="0.1.0"/>
  <name value="IMMZ.DT.03.Polio"/>
  <title value="IMMZ.DT.03.Polio"/>
  <status value="draft"/>
  <date value="2023-07-11T06:05:13+00:00"/>
  <publisher value="World Health Organization (WHO)"/>
  <description value="If child or person has not been vaccinated, give Polio vaccine"/>
  <jurisdiction>
    <coding>
      <system value="http://unstats.un.org/unsd/methods/m49/m49.htm"/>
      <code value="001"/>
    </coding>
  </jurisdiction>
  <library value="http://fhir.org/guides/who/smart-immunization/Library/IMMZDT03"/>
  <action>
    <title value="Schedule Patient for Polio (bOPV)"/>
    <description value="Schedule Polio (bOPV) immunizations"/>
    <condition>
      <kind value="applicability"/>
      <expression>
        <description value="Provision of the bOPV dose"/>
        <language value="text/cql-expression"/>
        <expression value="Provision of the bOPV dose"/>
      </expression>
    </condition>
    <definitionCanonical value="http://fhir.org/guides/who/smart-immunization/ActivityDefinition/IMMZ.DT.02.HepatitisB.bOPV"/>
  </action>
  <action>
    <title value="Schedule Patient for Polio (IPV)"/>
    <description value="Schedule Polio (IPV) immunization"/>
    <condition>
      <kind value="applicability"/>
      <expression>
        <description value="Provision of the IPV dose"/>
        <language value="text/cql-expression"/>
        <expression value="Provision of the IPV dose"/>
      </expression>
    </condition>
    <definitionCanonical value="http://fhir.org/guides/who/smart-immunization/ActivityDefinition/IMMZ.DT.02.HepatitisB.IPV"/>
  </action>
</PlanDefinition>