<?xml version="1.0" encoding="UTF-8"?>

<ValueSet xmlns="http://hl7.org/fhir">
  <id value="IGRATestResult-values"/>
  <text>
    <status value="generated"/><div xmlns="http://www.w3.org/1999/xhtml"><ul><li>Include these codes as defined in <a href="http://www.snomed.org/"><code>http://snomed.info/sct</code></a><table class="none"><tr><td style="white-space:nowrap"><b>Code</b></td><td><b>Display</b></td></tr><tr><td><a href="http://snomed.info/id/458561000124101">458561000124101</a></td><td>Screening for tuberculosis using gamma interferon assay</td></tr><tr><td><a href="http://snomed.info/id/35140007">35140007</a></td><td>Interferon gamma assay (procedure)</td></tr></table></li></ul></div>
  </text>
  <url value="http://fhir.org/guides/who/smart-immunization/ValueSet/IGRATestResult-values"/>
  <version value="0.1.0"/>
  <name value="IGRATestResultvalues"/>
  <title value="IGRA Test Result values"/>
  <status value="draft"/>
  <experimental value="false"/>
  <date value="2023-07-11T06:05:13+00:00"/>
  <publisher value="World Health Organization (WHO)"/>
  <description value="Codes representing IGRA Test Result values"/>
  <jurisdiction>
    <coding>
      <system value="http://unstats.un.org/unsd/methods/m49/m49.htm"/>
      <code value="001"/>
    </coding>
  </jurisdiction>
  <immutable value="true"/>
  <compose>
    <include>
      <system value="http://snomed.info/sct"/>
      <concept>
        <code value="458561000124101"/>
        <display value="Screening for tuberculosis using gamma interferon assay"/>
      </concept>
      <concept>
        <code value="35140007"/>
        <display value="Interferon gamma assay (procedure)"/>
      </concept>
    </include>
  </compose>
</ValueSet>