{
  "resourceType" : "PlanDefinition",
  "id" : "IMMZ.DT.13.Tick-BorneEncephalitis",
  "text" : {
    "status" : "generated",
    "div" : "<div xmlns=\"http://www.w3.org/1999/xhtml\"><p><b>Generated Narrative: PlanDefinition</b><a name=\"IMMZ.DT.13.Tick-BorneEncephalitis\"> </a></p><div style=\"display: inline-block; background-color: #d9e0e7; padding: 6px; margin: 4px; border: 1px solid #8da1b4; border-radius: 5px; line-height: 60%\"><p style=\"margin-bottom: 0px\">Resource PlanDefinition &quot;IMMZ.DT.13.Tick-BorneEncephalitis&quot; </p></div><p><b>url</b>: <code>http://fhir.org/guides/who/smart-immunization/PlanDefinition/IMMZ.DT.13.Tick-BorneEncephalitis</code></p><p><b>version</b>: 0.1.0</p><p><b>name</b>: IMMZ.DT.13.Tick-BorneEncephalitis</p><p><b>title</b>: IMMZ.DT.13.Tick-BorneEncephalitis</p><p><b>status</b>: draft</p><p><b>date</b>: 2023-07-11 06:05:13+0000</p><p><b>publisher</b>: World Health Organization (WHO)</p><p><b>description</b>: If child or person has not been vaccinated, give Tick-Borne Encephalitis vaccine according to the defined schedule</p><p><b>jurisdiction</b>: Global (Whole world) <span style=\"background: LightGoldenRodYellow; margin: 4px; border: 1px solid khaki\"> (m49.htm#001)</span></p><p><b>library</b>: <a href=\"Library-IMMZDT13.html\">IMMZDT13</a></p><blockquote><p><b>action</b></p><p><b>title</b>: Immunize Patient for Tick-Borne Encephalitis</p><p><b>description</b>: Provide Tick-Borne Encephalitis immunizations</p><blockquote><p><b>condition</b></p><p><b>kind</b>: applicability</p><h3>Expressions</h3><table class=\"grid\"><tr><td style=\"display: none\">-</td><td><b>Description</b></td><td><b>Language</b></td><td><b>Expression</b></td></tr><tr><td style=\"display: none\">*</td><td>Provision of the TBE dose</td><td>text/cql</td><td>Provision of the TBE dose</td></tr></table></blockquote><p><b>definition</b>: <a href=\"ActivityDefinition-IMMZ.DT.13.TBE.01.html\">IMMZ.DT.13.TBE.01</a></p></blockquote></div>"
  },
  "url" : "http://fhir.org/guides/who/smart-immunization/PlanDefinition/IMMZ.DT.13.Tick-BorneEncephalitis",
  "version" : "0.1.0",
  "name" : "IMMZ.DT.13.Tick-BorneEncephalitis",
  "title" : "IMMZ.DT.13.Tick-BorneEncephalitis",
  "status" : "draft",
  "date" : "2023-07-11T06:05:13+00:00",
  "publisher" : "World Health Organization (WHO)",
  "description" : "If child or person has not been vaccinated, give Tick-Borne Encephalitis vaccine according to the defined schedule",
  "jurisdiction" : [{
    "coding" : [{
      "system" : "http://unstats.un.org/unsd/methods/m49/m49.htm",
      "code" : "001"
    }]
  }],
  "library" : ["http://fhir.org/guides/who/smart-immunization/Library/IMMZDT13"],
  "action" : [{
    "title" : "Immunize Patient for Tick-Borne Encephalitis",
    "description" : "Provide Tick-Borne Encephalitis immunizations",
    "condition" : [{
      "kind" : "applicability",
      "expression" : {
        "description" : "Provision of the TBE dose",
        "language" : "text/cql",
        "expression" : "Provision of the TBE dose"
      }
    }],
    "definitionCanonical" : "http://fhir.org/guides/who/smart-immunization/ActivityDefinition/IMMZ.DT.13.TBE.01"
  }]
}