{"resourceType":"PlanDefinition","id":"IMMZ.DT.02.HepatitisB","url":"http://fhir.org/guides/who/smart-immunization/PlanDefinition/IMMZ.DT.02.HepatitisB","version":"0.1.0","name":"IMMZ.DT.02.HepatitisB","title":"IMMZ.DT.02.HepatitisB","status":"draft","date":"2023-07-11T06:05:13+00:00","publisher":"World Health Organization (WHO)","description":"If child or person has not been vaccinated, give Hepatitis B vaccine as soon as possible after birth","jurisdiction":[{"coding":[{"system":"http://unstats.un.org/unsd/methods/m49/m49.htm","code":"001"}]}],"library":["http://fhir.org/guides/who/smart-immunization/Library/IMMZDT02"],"action":[{"title":"Provision of the Hepatitis B dose","description":"Provision Hepatitis B immunization","condition":[{"kind":"applicability","expression":{"description":"Provision of the HepB dose","language":"text/cql-expression","expression":"Provision of the HepB dose"}}],"definitionCanonical":"http://fhir.org/guides/who/smart-immunization/ActivityDefinition/IMMZ.DT.02.HepatitisB.01"}]}