{"resourceType":"PlanDefinition","id":"IMMZ.DT.07.Rotavirus","url":"http://fhir.org/guides/who/smart-immunization/PlanDefinition/IMMZ.DT.07.Rotavirus","version":"0.1.0","name":"IMMZ.DT.07.Rotavirus","title":"IMMZ.DT.07.Rotavirus","status":"draft","date":"2023-07-11T06:05:13+00:00","publisher":"World Health Organization (WHO)","description":"If child or person has not been vaccinated, give Rotavirus vaccine according to the defined schedule","jurisdiction":[{"coding":[{"system":"http://unstats.un.org/unsd/methods/m49/m49.htm","code":"001"}]}],"library":["http://fhir.org/guides/who/smart-immunization/Library/IMMZDT07"],"action":[{"title":"Immunize Patient for Rotavirus","description":"Provide Rotavirus immunizations","condition":[{"kind":"applicability","expression":{"description":"Provision of the Rotavirus dose","language":"text/cql-expression","expression":"Provision of the Rotavirus dose"}}],"definitionCanonical":"http://fhir.org/guides/who/smart-immunization/ActivityDefinition/IMMZ.DT.07.Rotavirus.01"}]}