{"resourceType":"PlanDefinition","id":"IMMZ.DT.10.HPV","url":"http://fhir.org/guides/who/smart-immunization/PlanDefinition/IMMZ.DT.10.HPV","version":"0.1.0","name":"IMMZ.DT.10.HPV","title":"IMMZ.DT.10.HPV","status":"draft","date":"2023-07-11T06:05:13+00:00","publisher":"World Health Organization (WHO)","description":"If child or person has not been vaccinated, give HPV vaccine according to the defined schedule","jurisdiction":[{"coding":[{"system":"http://unstats.un.org/unsd/methods/m49/m49.htm","code":"001"}]}],"library":["http://fhir.org/guides/who/smart-immunization/Library/IMMZDT10"],"action":[{"title":"Immunize Patient for HPV","description":"Provide HPV immunizations","condition":[{"kind":"applicability","expression":{"description":"Provision of the HPV dose","language":"text/cql","expression":"Provision of the HPV dose"}}],"definitionCanonical":"http://fhir.org/guides/who/smart-immunization/ActivityDefinition/IMMZ.DT.10.HPV.01"}]}