{"resourceType":"PlanDefinition","id":"IMMZ.DT.05.Hib","url":"http://fhir.org/guides/who/smart-immunization/PlanDefinition/IMMZ.DT.05.Hib","version":"0.1.0","name":"IMMZ.DT.05.Hib","title":"IMMZ.DT.05.Hib","status":"draft","date":"2023-07-11T06:05:13+00:00","publisher":"World Health Organization (WHO)","description":"if child or person has not been vaccinated, give Hib vaccine between 6 weeks and 59 months","jurisdiction":[{"coding":[{"system":"http://unstats.un.org/unsd/methods/m49/m49.htm","code":"001"}]}],"library":["http://fhir.org/guides/who/smart-immunization/Library/IMMZDT05"],"action":[{"title":"Immunize Patient for Hib","description":"Provide Hib immunizations","condition":[{"kind":"applicability","expression":{"description":"Provision of the Hib dose","language":"text/cql-expression","expression":"Provision of the Hib dose"}}],"definitionCanonical":"http://fhir.org/guides/who/smart-immunization/ActivityDefinition/IMMZ.DT.05.Hib.01"}]}