{"resourceType":"PlanDefinition","id":"IMMZ.DT.15.Cholera","url":"http://fhir.org/guides/who/smart-immunization/PlanDefinition/IMMZ.DT.15.Cholera","version":"0.1.0","name":"IMMZ.DT.15.Cholera","title":"IMMZ.DT.15.Cholera","status":"draft","date":"2023-07-11T06:05:13+00:00","publisher":"World Health Organization (WHO)","description":"If child or person has not been vaccinated, give the Cholera vaccine to child greater than or equal to 1 year old and adults","jurisdiction":[{"coding":[{"system":"http://unstats.un.org/unsd/methods/m49/m49.htm","code":"001"}]}],"library":["http://fhir.org/guides/who/smart-immunization/Library/IMMZDT15"],"action":[{"title":"Immunize Patient for Cholera - No Doses","description":"Provide Cholera immunizations – using the \"WC vaccines (Shanchol, Euvchol, and mORCVAX) immunization – NO PREVIOUS\" schedule (2 dose scheme)","condition":[{"kind":"applicability","expression":{"description":"\"Cholera vaccine immunization history\" = \"No-doses\"","language":"text/cql","expression":"Should vaccinate patient with a WC vaccines (Shanchol, Euvchol, and mORCVAX)"}},{"kind":"applicability","expression":{"description":"\"Current Patient Age in Years\" >= 1","language":"text/cql","expression":"Should vaccinate patient with a WC vaccines (Shanchol, Euvchol, and mORCVAX)"}},{"kind":"applicability","expression":{"description":"\"Region recommends Cholera vaccination\" = TRUE","language":"text/cql","expression":"Should vaccinate patient with a WC vaccines (Shanchol, Euvchol, and mORCVAX)"}}],"definitionCanonical":"http://fhir.org/guides/who/smart-immunization/ActivityDefinition/IMMZ.DT.15.Cholera.01"},{"title":"Immunize Patient for Cholera - 1 Dose","description":"Provide Cholera immunizations – using the \"WC vaccines (Shanchol, Euvchol, and mORCVAX) immunization –1 PREVIOUS\" schedule (2 dose scheme)","condition":[{"kind":"applicability","expression":{"description":"\"Cholera vaccine immunization history\" = \"1 dose\"","language":"text/cql","expression":"Should vaccinate patient with a WC vaccines (Shanchol, Euvchol, and mORCVAX)"}},{"kind":"applicability","expression":{"description":"\"Date last Cholera dose given\" >= \"2 weeks\"","language":"text/cql","expression":"Should vaccinate patient with a WC vaccines (Shanchol, Euvchol, and mORCVAX)"}},{"kind":"applicability","expression":{"description":"\"Type of last Cholera dose\" = \"WC vaccines\"","language":"text/cql","expression":"Should vaccinate patient with a WC vaccines (Shanchol, Euvchol, and mORCVAX)"}}],"definitionCanonical":"http://fhir.org/guides/who/smart-immunization/ActivityDefinition/IMMZ.DT.15.Cholera.02"},{"title":"Immunize Patient for Cholera - Last dose given 3 years ago","description":"Provide Cholera revaccination – using the \"WC vaccines (Shanchol, Euvchol, and mORCVAX) immunization – Revaccination every 3 years\" schedule (2 dose scheme)","condition":[{"kind":"applicability","expression":{"description":"\"Patient has completed Cholera primary series\" = TRUE","language":"text/cql","expression":"Should Re-vaccinate patient with a WC vaccines (Shanchol, Euvchol, and mORCVAX) on a 2 dose scheme"}},{"kind":"applicability","expression":{"description":"\"Date last Cholera dose given\" >=  \"3 years\"","language":"text/cql","expression":"Should Re-vaccinate patient with a WC vaccines (Shanchol, Euvchol, and mORCVAX) on a 2 dose scheme"}},{"kind":"applicability","expression":{"description":"\"Type of last Cholera dose\" = \"WC vaccines\"","language":"text/cql","expression":"Should Re-vaccinate patient with a WC vaccines (Shanchol, Euvchol, and mORCVAX) on a 2 dose scheme"}},{"kind":"applicability","expression":{"description":"\"Region recommends Cholera vaccination\" = TRUE","language":"text/cql","expression":"Should Re-vaccinate patient with a WC vaccines (Shanchol, Euvchol, and mORCVAX) on a 2 dose scheme"}}],"definitionCanonical":"http://fhir.org/guides/who/smart-immunization/ActivityDefinition/IMMZ.DT.15.Cholera.03"},{"title":"Immunize Patient for Cholera - No Doses","description":"Provide Cholera immunizations – using the \"WC-rBS vaccine (Dukoral) immunization – NO PREVIOUS\" schedule (3 dose scheme)","condition":[{"kind":"applicability","expression":{"description":"\"Cholera vaccine immunization history\" = \"No-doses\"","language":"text/cql","expression":"Should vaccinate patient with WC-rBS vaccine (Dukoral)"}},{"kind":"applicability","expression":{"description":"\"Current Patient Age in Years\" >= 2","language":"text/cql","expression":"Should vaccinate patient with WC-rBS vaccine (Dukoral)"}},{"kind":"applicability","expression":{"description":"\"Current Patient Age in Years\" <= 5","language":"text/cql","expression":"Should vaccinate patient with WC-rBS vaccine (Dukoral)"}},{"kind":"applicability","expression":{"description":"\"Region recommends Cholera vaccination\" = TRUE","language":"text/cql","expression":"Should vaccinate patient with WC-rBS vaccine (Dukoral)"}}],"definitionCanonical":"http://fhir.org/guides/who/smart-immunization/ActivityDefinition/IMMZ.DT.15.Cholera.04"},{"title":"Immunize Patient for Cholera - 1 dose","description":"Provide Cholera immunizations – using the \"WC-rBS vaccine (Dukoral) immunization – 1 PREVIOUS\" schedule (3 dose scheme), doses to be given in an interval of","condition":[{"kind":"applicability","expression":{"description":"\"Cholera vaccine immunization history\" = \"1 dose\"","language":"text/cql","expression":"Should vaccinate patient with WC-rBS vaccine (Dukoral)"}},{"kind":"applicability","expression":{"description":"\"Date last Cholera dose given\" >= \"1 week\"","language":"text/cql","expression":"Should vaccinate patient with WC-rBS vaccine (Dukoral)"}},{"kind":"applicability","expression":{"description":"\"Date last Cholera dose given\" <= \"6 months\"","language":"text/cql","expression":"Should vaccinate patient with WC-rBS vaccine (Dukoral)"}},{"kind":"applicability","expression":{"description":"\"Type of last Cholera dose\" = \"WC-rBS vaccine\"","language":"text/cql","expression":"Should vaccinate patient with WC-rBS vaccine (Dukoral)"}}],"definitionCanonical":"http://fhir.org/guides/who/smart-immunization/ActivityDefinition/IMMZ.DT.15.Cholera.05"},{"title":"Immunize Patient for Cholera - 2 doses","description":"Provide Cholera immunizations – using the \"WC-rBS vaccine (Dukoral) immunization – 2 PREVIOUS\" schedule (3 dose scheme)","condition":[{"kind":"applicability","expression":{"description":"\"Cholera vaccine immunization history\" = \"2 doses\"","language":"text/cql","expression":"Should vaccinate patient with WC-rBS vaccine (Dukoral)"}},{"kind":"applicability","expression":{"description":"\"Date last Cholera dose given\" >= \"1 week\"","language":"text/cql","expression":"Should vaccinate patient with WC-rBS vaccine (Dukoral)"}},{"kind":"applicability","expression":{"description":"\"Date last Cholera dose given\" <= \"6 months\"","language":"text/cql","expression":"Should vaccinate patient with WC-rBS vaccine (Dukoral)"}},{"kind":"applicability","expression":{"description":"\"Type of last Cholera dose\" = \"WC-rBS vaccine\"","language":"text/cql","expression":"Should vaccinate patient with WC-rBS vaccine (Dukoral)"}}],"definitionCanonical":"http://fhir.org/guides/who/smart-immunization/ActivityDefinition/IMMZ.DT.15.Cholera.06"},{"title":"Immunize Patient for Cholera - revaccination for ages 2-5 within 6 months of last WC-rBS dose","description":"Provide Cholera revaccination – using the \"WC-rBS vaccine (Dukoral) immunization – Revaccination every 6 months\" schedule (1 dose scheme)","condition":[{"kind":"applicability","expression":{"description":"\"Patient has completed Cholera primary series\" = TRUE","language":"text/cql","expression":"Should re-vaccinate patient with WC-rBS vaccine (Dukoral)"}},{"kind":"applicability","expression":{"description":"\"Current Patient Age in Years\" >= 2","language":"text/cql","expression":"Should re-vaccinate patient with WC-rBS vaccine (Dukoral)"}},{"kind":"applicability","expression":{"description":"\"Current Patient Age in Years\" <= 5","language":"text/cql","expression":"Should re-vaccinate patient with WC-rBS vaccine (Dukoral)"}},{"kind":"applicability","expression":{"description":"\"Date last Cholera dose given\" <= \"6 months\"","language":"text/cql","expression":"Should re-vaccinate patient with WC-rBS vaccine (Dukoral)"}},{"kind":"applicability","expression":{"description":"\"Type of last Cholera dose\" = \"WC-rBS vaccine\"","language":"text/cql","expression":"Should re-vaccinate patient with WC-rBS vaccine (Dukoral)"}},{"kind":"applicability","expression":{"description":"\"Region recommends Cholera vaccination\" = TRUE","language":"text/cql","expression":"Should re-vaccinate patient with WC-rBS vaccine (Dukoral)"}}],"definitionCanonical":"http://fhir.org/guides/who/smart-immunization/ActivityDefinition/IMMZ.DT.15.Cholera.07"},{"title":"Immunize Patient for Cholera - revaccination for ages 2-5 where last WC-rBS dose was given more than 6 months ago","description":"Provide Cholera revaccination – using the \"WC-rBS vaccine (Dukoral) immunization – Revaccination\" schedule (3 dose scheme)","condition":[{"kind":"applicability","expression":{"description":"\"Patient has completed Cholera primary series\" = TRUE","language":"text/cql","expression":"Should Re-vaccinate patient with WC-rBS vaccine (Dukoral) on a 3 dose scheme"}},{"kind":"applicability","expression":{"description":"\"Current Patient Age in Years\" >= 2","language":"text/cql","expression":"Should Re-vaccinate patient with WC-rBS vaccine (Dukoral) on a 3 dose scheme"}},{"kind":"applicability","expression":{"description":"\"Current Patient Age in Years\" <= 5","language":"text/cql","expression":"Should Re-vaccinate patient with WC-rBS vaccine (Dukoral) on a 3 dose scheme"}},{"kind":"applicability","expression":{"description":"\"Date last Cholera dose given\" >= \"6 months\"","language":"text/cql","expression":"Should Re-vaccinate patient with WC-rBS vaccine (Dukoral) on a 3 dose scheme"}},{"kind":"applicability","expression":{"description":"\"Type of last Cholera dose\" = \"WC-rBS vaccine\"","language":"text/cql","expression":"Should Re-vaccinate patient with WC-rBS vaccine (Dukoral) on a 3 dose scheme"}},{"kind":"applicability","expression":{"description":"\"Region recommends Cholera vaccination\" = TRUE","language":"text/cql","expression":"Should Re-vaccinate patient with WC-rBS vaccine (Dukoral) on a 3 dose scheme"}}],"definitionCanonical":"http://fhir.org/guides/who/smart-immunization/ActivityDefinition/IMMZ.DT.15.Cholera.08"},{"title":"Immunize Patient for Cholera - No doses","description":"Provide Cholera immunizations – using the \"WC-rBS vaccine (Dukoral) immunization – NO PREVIOUS\" schedule (2 dose scheme)","condition":[{"kind":"applicability","expression":{"description":"\"Cholera vaccine immunization history\" = \"No-doses\"","language":"text/cql","expression":"Should vaccinate patient with WC-rBS vaccine (Dukoral)"}},{"kind":"applicability","expression":{"description":"\"Current Patient Age in Years\" >= 6","language":"text/cql","expression":"Should vaccinate patient with WC-rBS vaccine (Dukoral)"}},{"kind":"applicability","expression":{"description":"\"Region recommends Cholera vaccination\" = TRUE","language":"text/cql","expression":"Should vaccinate patient with WC-rBS vaccine (Dukoral)"}}],"definitionCanonical":"http://fhir.org/guides/who/smart-immunization/ActivityDefinition/IMMZ.DT.15.Cholera.09"},{"title":"Immunize Patient for Cholera - 1 dose","description":"Provide Cholera immunizations – using the \"WC-rBS vaccine (Dukoral) immunization – 1 PREVIOUS\" schedule (2 dose scheme)","condition":[{"kind":"applicability","expression":{"description":"\"Cholera vaccine immunization history\" = \"1 dose\"","language":"text/cql","expression":"Should vaccinate patient with WC-rBS vaccine (Dukoral)"}},{"kind":"applicability","expression":{"description":"\"Date last Cholera dose given\" >= \"1 week\"","language":"text/cql","expression":"Should vaccinate patient with WC-rBS vaccine (Dukoral)"}},{"kind":"applicability","expression":{"description":"\"Date last Cholera dose given\" <= \"6 weeks\"","language":"text/cql","expression":"Should vaccinate patient with WC-rBS vaccine (Dukoral)"}},{"kind":"applicability","expression":{"description":"\"Type of last Cholera dose\" = \"WC-rBS vaccine\"","language":"text/cql","expression":"Should vaccinate patient with WC-rBS vaccine (Dukoral)"}}],"definitionCanonical":"http://fhir.org/guides/who/smart-immunization/ActivityDefinition/IMMZ.DT.15.Cholera.10"},{"title":"Immunize Patient for Cholera - revaccination for ages 6+ within 2 years of last WC-rBS dose","description":"Provide Cholera revaccination – using the \"WC-rBS vaccine (Dukoral) immunization – Revaccination every 2 years\" schedule (1 dose scheme)","condition":[{"kind":"applicability","expression":{"description":"\"Patient has completed Cholera primary series\" = TRUE","language":"text/cql","expression":"Should re-vaccinate patient with WC-rBS vaccine (Dukoral)"}},{"kind":"applicability","expression":{"description":"\"Current Patient Age in Years\" >= 6","language":"text/cql","expression":"Should re-vaccinate patient with WC-rBS vaccine (Dukoral)"}},{"kind":"applicability","expression":{"description":"\"Date last Cholera dose given\" <= \"2 years\"","language":"text/cql","expression":"Should re-vaccinate patient with WC-rBS vaccine (Dukoral)"}},{"kind":"applicability","expression":{"description":"\"Type of last Cholera dose\" = \"WC-rBS vaccine\"","language":"text/cql","expression":"Should re-vaccinate patient with WC-rBS vaccine (Dukoral)"}},{"kind":"applicability","expression":{"description":"\"Region recommends Cholera vaccination\" = TRUE","language":"text/cql","expression":"Should re-vaccinate patient with WC-rBS vaccine (Dukoral)"}}],"definitionCanonical":"http://fhir.org/guides/who/smart-immunization/ActivityDefinition/IMMZ.DT.15.Cholera.11"},{"title":"Immunize Patient for Cholera - revaccination for ages 6+ where last WC-rBS dose was given more than 2 years ago","description":"Provide Cholera revaccination – using the \"WC-rBS vaccine (Dukoral) immunization – Revaccination\" schedule (2 dose scheme)","condition":[{"kind":"applicability","expression":{"description":"\"Patient has completed Cholera primary series\" = TRUE","language":"text/cql","expression":"Should Re-vaccinate patient with WC-rBS vaccine (Dukoral) on a 2 dose scheme"}},{"kind":"applicability","expression":{"description":"\"Current Patient Age in Years\" >= 6","language":"text/cql","expression":"Should Re-vaccinate patient with WC-rBS vaccine (Dukoral) on a 2 dose scheme"}},{"kind":"applicability","expression":{"description":"\"Date last Cholera dose given\" >= \"2 years\"","language":"text/cql","expression":"Should Re-vaccinate patient with WC-rBS vaccine (Dukoral) on a 2 dose scheme"}},{"kind":"applicability","expression":{"description":"\"Type of last Cholera dose\" = \"WC-rBS vaccine\"","language":"text/cql","expression":"Should Re-vaccinate patient with WC-rBS vaccine (Dukoral) on a 2 dose scheme"}},{"kind":"applicability","expression":{"description":"\"Region recommends Cholera vaccination\" = TRUE","language":"text/cql","expression":"Should Re-vaccinate patient with WC-rBS vaccine (Dukoral) on a 2 dose scheme"}}],"definitionCanonical":"http://fhir.org/guides/who/smart-immunization/ActivityDefinition/IMMZ.DT.15.Cholera.12"}]}