{"resourceType":"PlanDefinition","id":"IMMZ.DT.20.Mumps","url":"http://fhir.org/guides/who/smart-immunization/PlanDefinition/IMMZ.DT.20.Mumps","version":"0.1.0","name":"IMMZ.DT.20.Mumps","title":"IMMZ.DT.20.Mumps","status":"draft","date":"2023-07-11T06:05:13+00:00","publisher":"World Health Organization (WHO)","description":"If child or person has not been vaccinated against Mumps, give Mumps vaccine","jurisdiction":[{"coding":[{"system":"http://unstats.un.org/unsd/methods/m49/m49.htm","code":"001"}]}],"library":["http://fhir.org/guides/who/smart-immunization/Library/IMMZDT20"],"action":[{"title":"Immunize Patient for MUMPS - No Doses","description":"Provide MUMPS immunizations - using the \"MUMPS vaccine immunization - NO PREVIOUS\" schedule (2 dose scheme)","condition":[{"kind":"applicability","expression":{"description":"\"MUMPS vaccine immunization history\" = \"No-doses\"","language":"text/cql","expression":"Should vaccinate Patient for MUMPS because no doses on 2 dose scheme"}},{"kind":"applicability","expression":{"description":"\"Current Patient Age in Months\" >= 12","language":"text/cql","expression":"Should vaccinate Patient for MUMPS because no doses on 2 dose scheme"}},{"kind":"applicability","expression":{"description":"\"Country recognizes MUMPS reduction as a public health priority\" = TRUE","language":"text/cql","expression":"Should vaccinate Patient for MUMPS because no doses on 2 dose scheme"}}],"definitionCanonical":"http://fhir.org/guides/who/smart-immunization/ActivityDefinition/IMMZ.DT.20.Mumps.01"},{"title":"Immunize Patient for MUMPS - 1 Dose given a month ago","description":"Provide MUMPS immunizations - using the \"MUMPS vaccine immunization - 1 PREVIOUS\" schedule (2 dose scheme)","condition":[{"kind":"applicability","expression":{"description":"\"MUMPS vaccine immunization history\" = \"1 dose\"","language":"text/cql","expression":"Should vaccinate Patient for MUMPS a second dose on a 2 dose scheme"}},{"kind":"applicability","expression":{"description":"\"Date last MUMPS dose given\" >= \"1 months\"","language":"text/cql","expression":"Should vaccinate Patient for MUMPS a second dose on a 2 dose scheme"}}],"definitionCanonical":"http://fhir.org/guides/who/smart-immunization/ActivityDefinition/IMMZ.DT.20.Mumps.02"}]}