{"resourceType":"PlanDefinition","id":"IMMZ.DT.03.Polio","url":"http://fhir.org/guides/who/smart-immunization/PlanDefinition/IMMZ.DT.03.Polio","version":"0.1.0","name":"IMMZ.DT.03.Polio","title":"IMMZ.DT.03.Polio","status":"draft","date":"2023-07-11T06:05:13+00:00","publisher":"World Health Organization (WHO)","description":"If child or person has not been vaccinated, give Polio vaccine","jurisdiction":[{"coding":[{"system":"http://unstats.un.org/unsd/methods/m49/m49.htm","code":"001"}]}],"library":["http://fhir.org/guides/who/smart-immunization/Library/IMMZDT03"],"action":[{"title":"Schedule Patient for Polio (bOPV)","description":"Schedule Polio (bOPV) immunizations","condition":[{"kind":"applicability","expression":{"description":"Provision of the bOPV dose","language":"text/cql-expression","expression":"Provision of the bOPV dose"}}],"definitionCanonical":"http://fhir.org/guides/who/smart-immunization/ActivityDefinition/IMMZ.DT.02.HepatitisB.bOPV"},{"title":"Schedule Patient for Polio (IPV)","description":"Schedule Polio (IPV) immunization","condition":[{"kind":"applicability","expression":{"description":"Provision of the IPV dose","language":"text/cql-expression","expression":"Provision of the IPV dose"}}],"definitionCanonical":"http://fhir.org/guides/who/smart-immunization/ActivityDefinition/IMMZ.DT.02.HepatitisB.IPV"}]}