{"resourceType":"PlanDefinition","id":"IMMZ.DT.06.Pneumococcal","url":"http://fhir.org/guides/who/smart-immunization/PlanDefinition/IMMZ.DT.06.Pneumococcal","version":"0.1.0","name":"IMMZ.DT.06.Pneumococcal","title":"IMMZ.DT.06.Pneumococcal","status":"draft","date":"2023-07-11T06:05:13+00:00","publisher":"World Health Organization (WHO)","description":"If child or person has not been vaccinated, give Pneumococcal vaccine minimum age 6 weeks old","jurisdiction":[{"coding":[{"system":"http://unstats.un.org/unsd/methods/m49/m49.htm","code":"001"}]}],"library":["http://fhir.org/guides/who/smart-immunization/Library/IMMZDT06"],"action":[{"title":"Immunize Patient for Pneumococcal","description":"Provide Pneumococcal immunizations","condition":[{"kind":"applicability","expression":{"description":"Provision of the Pneumococcal dose","language":"text/cql-expression","expression":"Provision of the Pneumococcal dose"}}],"definitionCanonical":"http://fhir.org/guides/who/smart-immunization/ActivityDefinition/IMMZ.DT.06.Pneumococcal.01"}]}