{"resourceType":"ValueSet","id":"EnceVirClassTBEVaccine-values","text":{"status":"generated","div":"<div xmlns=\"http://www.w3.org/1999/xhtml\"><ul><li>Include these codes as defined in <a href=\"http://www.snomed.org/\"><code>http://snomed.info/sct</code></a><table class=\"none\"><tr><td style=\"white-space:nowrap\"><b>Code</b></td><td><b>Display</b></td></tr><tr><td><a href=\"http://snomed.info/id/871719005\">871719005</a></td><td>Vaccine product containing only Tick-borne encephalitis virus antigen (medicinal product)</td></tr><tr><td><a href=\"http://snomed.info/id/836403007\">836403007</a></td><td>Vaccine product containing Tick-borne encephalitis virus antigen (medicinal product)</td></tr></table></li></ul></div>"},"url":"http://fhir.org/guides/who/smart-immunization/ValueSet/EnceVirClassTBEVaccine-values","version":"0.1.0","name":"EnceVirClassTBEVaccinevalues","title":"EnceVir Class TBE Vaccine values","status":"draft","experimental":false,"date":"2023-07-11T06:05:13+00:00","publisher":"World Health Organization (WHO)","description":"Codes representing EnceVir Class TBE Vaccine values","jurisdiction":[{"coding":[{"system":"http://unstats.un.org/unsd/methods/m49/m49.htm","code":"001"}]}],"immutable":true,"compose":{"include":[{"system":"http://snomed.info/sct","concept":[{"code":"871719005","display":"Vaccine product containing only Tick-borne encephalitis virus antigen (medicinal product)"},{"code":"836403007","display":"Vaccine product containing Tick-borne encephalitis virus antigen (medicinal product)"}]}]}}