{"resourceType":"ValueSet","id":"CD4CountTestResult-values","text":{"status":"generated","div":"<div xmlns=\"http://www.w3.org/1999/xhtml\"><p>This value set includes codes based on the following rules:</p><ul><li>Include these codes as defined in <a href=\"http://www.snomed.org/\"><code>http://snomed.info/sct</code></a><table class=\"none\"><tr><td style=\"white-space:nowrap\"><b>Code</b></td><td><b>Display</b></td></tr><tr><td><a href=\"http://snomed.info/id/313660005\">313660005</a></td><td>Absolute CD4 count procedure (procedure)</td></tr></table></li><li>Include these codes as defined in <code>http://hl7.org/fhir/sid/icd-11</code><table class=\"none\"><tr><td style=\"white-space:nowrap\"><b>Code</b></td><td><b>Display</b></td></tr><tr><td>XH7EL2</td><td>Primary cutaneous CD4-positive small/medium T-cell lymphoma</td></tr></table></li></ul></div>"},"url":"http://fhir.org/guides/who/smart-immunization/ValueSet/CD4CountTestResult-values","version":"0.1.0","name":"CD4CountTestResultvalues","title":"CD4 Count Test Result","status":"draft","experimental":false,"date":"2023-07-11T06:05:13+00:00","publisher":"World Health Organization (WHO)","description":"Codes representing CD4 Count Test Result values","jurisdiction":[{"coding":[{"system":"http://unstats.un.org/unsd/methods/m49/m49.htm","code":"001"}]}],"immutable":true,"compose":{"include":[{"system":"http://snomed.info/sct","concept":[{"code":"313660005","display":"Absolute CD4 count procedure (procedure)"}]},{"system":"http://hl7.org/fhir/sid/icd-11","concept":[{"code":"XH7EL2","display":"Primary cutaneous CD4-positive small/medium T-cell lymphoma"}]}]}}