<?xml version="1.0" encoding="UTF-8"?>

<PlanDefinition xmlns="http://hl7.org/fhir">
  <id value="IMMZ.DT.03.Polio"/>
  <text>
    <status value="generated"/><div xmlns="http://www.w3.org/1999/xhtml"><p><b>Generated Narrative: PlanDefinition</b><a name="IMMZ.DT.03.Polio"> </a></p><div style="display: inline-block; background-color: #d9e0e7; padding: 6px; margin: 4px; border: 1px solid #8da1b4; border-radius: 5px; line-height: 60%"><p style="margin-bottom: 0px">Resource PlanDefinition &quot;IMMZ.DT.03.Polio&quot; </p></div><p><b>url</b>: <code>http://fhir.org/guides/who/smart-immunization/PlanDefinition/IMMZ.DT.03.Polio</code></p><p><b>version</b>: 0.1.0</p><p><b>name</b>: IMMZ.DT.03.Polio</p><p><b>title</b>: IMMZ.DT.03.Polio</p><p><b>status</b>: draft</p><p><b>date</b>: 2023-04-01 05:56:31+0000</p><p><b>publisher</b>: World Health Organization (WHO)</p><p><b>description</b>: If child or person has not been vaccinated, give Polio vaccine</p><p><b>jurisdiction</b>: Global (Whole world) <span style="background: LightGoldenRodYellow; margin: 4px; border: 1px solid khaki"> (m49.htm#001)</span></p><p><b>library</b>: <a href="Library-IMMZDT03.html">IMMZDT03</a></p><blockquote><p><b>action</b></p><p><b>title</b>: Immunize Patient for Polio (bOPV) - No Doses at birth (polio-endemic country and high risk of spread)</p><p><b>description</b>: Provide birth dose Polio (bOPV) vaccination – using the zero dose recommendation at birth (until 2 weeks old) due to patient being in a polio-endemic country with high risk of spread. Patient will continue the &quot;bOPV-IPV-bOPV-IPV-bOPV&quot; schedule (5 doses scheme)</p><blockquote><p><b>condition</b></p><p><b>kind</b>: applicability</p><h3>Expressions</h3><table class="grid"><tr><td>-</td><td><b>Description</b></td><td><b>Language</b></td><td><b>Expression</b></td></tr><tr><td>*</td><td>&quot;Polio (IPV) vaccine immunization history&quot; = &quot;No-doses&quot;</td><td>text/cql</td><td>Should vaccinate patient for Polio (bOPV) because no doses at birth (up to 2 weeks old) and patient is in a polio-endemic country with high risk of spread</td></tr></table></blockquote><blockquote><p><b>condition</b></p><p><b>kind</b>: applicability</p><h3>Expressions</h3><table class="grid"><tr><td>-</td><td><b>Description</b></td><td><b>Language</b></td><td><b>Expression</b></td></tr><tr><td>*</td><td>&quot;Polio (bOPV) vaccine immunization history&quot; = &quot;No-doses&quot;</td><td>text/cql</td><td>Should vaccinate patient for Polio (bOPV) because no doses at birth (up to 2 weeks old) and patient is in a polio-endemic country with high risk of spread</td></tr></table></blockquote><blockquote><p><b>condition</b></p><p><b>kind</b>: applicability</p><h3>Expressions</h3><table class="grid"><tr><td>-</td><td><b>Description</b></td><td><b>Language</b></td><td><b>Expression</b></td></tr><tr><td>*</td><td>&quot;Current Patient Age in Weeks&quot; &lt; 2</td><td>text/cql</td><td>Should vaccinate patient for Polio (bOPV) because no doses at birth (up to 2 weeks old) and patient is in a polio-endemic country with high risk of spread</td></tr></table></blockquote><blockquote><p><b>condition</b></p><p><b>kind</b>: applicability</p><h3>Expressions</h3><table class="grid"><tr><td>-</td><td><b>Description</b></td><td><b>Language</b></td><td><b>Expression</b></td></tr><tr><td>*</td><td>&quot;Combined bOPV and IPV Schedule&quot; = TRUE</td><td>text/cql</td><td>Should vaccinate patient for Polio (bOPV) because no doses at birth (up to 2 weeks old) and patient is in a polio-endemic country with high risk of spread</td></tr></table></blockquote><blockquote><p><b>condition</b></p><p><b>kind</b>: applicability</p><h3>Expressions</h3><table class="grid"><tr><td>-</td><td><b>Description</b></td><td><b>Language</b></td><td><b>Expression</b></td></tr><tr><td>*</td><td>&quot;Polio-endemic country with high risk of spread&quot; = TRUE</td><td>text/cql</td><td>Should vaccinate patient for Polio (bOPV) because no doses at birth (up to 2 weeks old) and patient is in a polio-endemic country with high risk of spread</td></tr></table></blockquote><p><b>definition</b>: <a href="ActivityDefinition-IMMZ.DT.03.Polio.01.html">IMMZ.DT.03.Polio.01</a></p></blockquote><blockquote><p><b>action</b></p><p><b>title</b>: Immunize Patient for Polio (bOPV) - No Doses at 6 weeks old</p><p><b>description</b>: Provide 1st dose Polio (bOPV) vaccination – using the &quot;bOPV-IPV-bOPV-IPV-bOPV&quot; schedule (5 doses scheme)</p><blockquote><p><b>condition</b></p><p><b>kind</b>: applicability</p><h3>Expressions</h3><table class="grid"><tr><td>-</td><td><b>Description</b></td><td><b>Language</b></td><td><b>Expression</b></td></tr><tr><td>*</td><td>&quot;Polio (bOPV) vaccine immunization history&quot; = &quot;No-doses&quot;</td><td>text/cql</td><td>Should vaccinate patient for Polio (bOPV) because no doses at 6 weeks old</td></tr></table></blockquote><blockquote><p><b>condition</b></p><p><b>kind</b>: applicability</p><h3>Expressions</h3><table class="grid"><tr><td>-</td><td><b>Description</b></td><td><b>Language</b></td><td><b>Expression</b></td></tr><tr><td>*</td><td>&quot;Current Patient Age in Weeks&quot; &gt;= 6</td><td>text/cql</td><td>Should vaccinate patient for Polio (bOPV) because no doses at 6 weeks old</td></tr></table></blockquote><blockquote><p><b>condition</b></p><p><b>kind</b>: applicability</p><h3>Expressions</h3><table class="grid"><tr><td>-</td><td><b>Description</b></td><td><b>Language</b></td><td><b>Expression</b></td></tr><tr><td>*</td><td>&quot;Combined bOPV and IPV Schedule&quot; = TRUE</td><td>text/cql</td><td>Should vaccinate patient for Polio (bOPV) because no doses at 6 weeks old</td></tr></table></blockquote><p><b>definition</b>: <a href="ActivityDefinition-IMMZ.DT.03.Polio.02.html">IMMZ.DT.03.Polio.02</a></p></blockquote><blockquote><p><b>action</b></p><p><b>title</b>: Immunize Patient for Polio (IPV) - No Doses at 14 weeks old</p><p><b>description</b>: Provide 1st dose Polio (IPV) vaccination – using the &quot;bOPV-IPV-bOPV-IPV-bOPV&quot; schedule (5 doses scheme)</p><blockquote><p><b>condition</b></p><p><b>kind</b>: applicability</p><h3>Expressions</h3><table class="grid"><tr><td>-</td><td><b>Description</b></td><td><b>Language</b></td><td><b>Expression</b></td></tr><tr><td>*</td><td>&quot;Polio (IPV) vaccine immunization history&quot; = &quot;No-doses&quot;</td><td>text/cql</td><td>Should vaccinate patient for Polio (IPV) because no doses at 14 weeks old</td></tr></table></blockquote><blockquote><p><b>condition</b></p><p><b>kind</b>: applicability</p><h3>Expressions</h3><table class="grid"><tr><td>-</td><td><b>Description</b></td><td><b>Language</b></td><td><b>Expression</b></td></tr><tr><td>*</td><td>&quot;Current Patient Age in Weeks&quot; &gt;= 14</td><td>text/cql</td><td>Should vaccinate patient for Polio (IPV) because no doses at 14 weeks old</td></tr></table></blockquote><blockquote><p><b>condition</b></p><p><b>kind</b>: applicability</p><h3>Expressions</h3><table class="grid"><tr><td>-</td><td><b>Description</b></td><td><b>Language</b></td><td><b>Expression</b></td></tr><tr><td>*</td><td>&quot;Combined bOPV and IPV Schedule&quot; = TRUE</td><td>text/cql</td><td>Should vaccinate patient for Polio (IPV) because no doses at 14 weeks old</td></tr></table></blockquote><p><b>definition</b>: <a href="ActivityDefinition-IMMZ.DT.03.Polio.03.html">IMMZ.DT.03.Polio.03</a></p></blockquote><blockquote><p><b>action</b></p><p><b>title</b>: Immunize Patient for Polio (bOPV) - 1 Dose given 4 weeks ago</p><p><b>description</b>: Provide 2nd dose Polio (bOPV) vaccination – using the &quot;bOPV-IPV-bOPV-IPV-bOPV&quot; schedule (5 doses scheme)</p><blockquote><p><b>condition</b></p><p><b>kind</b>: applicability</p><h3>Expressions</h3><table class="grid"><tr><td>-</td><td><b>Description</b></td><td><b>Language</b></td><td><b>Expression</b></td></tr><tr><td>*</td><td>&quot;Polio (bOPV) vaccine immunization history&quot; = &quot;1 dose&quot;</td><td>text/cql</td><td>Should vaccinate patient for Polio (bOPV) because 1 dose bOPV given 4 weeks ago</td></tr></table></blockquote><blockquote><p><b>condition</b></p><p><b>kind</b>: applicability</p><h3>Expressions</h3><table class="grid"><tr><td>-</td><td><b>Description</b></td><td><b>Language</b></td><td><b>Expression</b></td></tr><tr><td>*</td><td>&quot;Date last bOPV dose given&quot; &gt;= &quot;4 weeks&quot;</td><td>text/cql</td><td>Should vaccinate patient for Polio (bOPV) because 1 dose bOPV given 4 weeks ago</td></tr></table></blockquote><blockquote><p><b>condition</b></p><p><b>kind</b>: applicability</p><h3>Expressions</h3><table class="grid"><tr><td>-</td><td><b>Description</b></td><td><b>Language</b></td><td><b>Expression</b></td></tr><tr><td>*</td><td>&quot;Combined bOPV and IPV Schedule&quot; = TRUE</td><td>text/cql</td><td>Should vaccinate patient for Polio (bOPV) because 1 dose bOPV given 4 weeks ago</td></tr></table></blockquote><p><b>definition</b>: <a href="ActivityDefinition-IMMZ.DT.03.Polio.04.html">IMMZ.DT.03.Polio.04</a></p></blockquote><blockquote><p><b>action</b></p><p><b>title</b>: Immunize Patient for Polio (IPV) - 1 Dose given at least 4 months ago</p><p><b>description</b>: Provide 2nd dose Polio (IPV) vaccination – using the &quot;bOPV-IPV-bOPV-IPV-bOPV&quot; schedule (5 doses scheme)</p><blockquote><p><b>condition</b></p><p><b>kind</b>: applicability</p><h3>Expressions</h3><table class="grid"><tr><td>-</td><td><b>Description</b></td><td><b>Language</b></td><td><b>Expression</b></td></tr><tr><td>*</td><td>&quot;Polio (IPV) vaccine immunization history&quot; = &quot;1 dose&quot;</td><td>text/cql</td><td>Should vaccinate patient for Polio (IPV) because 1 dose IPV given at least 4 months ago</td></tr></table></blockquote><blockquote><p><b>condition</b></p><p><b>kind</b>: applicability</p><h3>Expressions</h3><table class="grid"><tr><td>-</td><td><b>Description</b></td><td><b>Language</b></td><td><b>Expression</b></td></tr><tr><td>*</td><td>&quot;Date last IPV dose given&quot; &gt;= &quot;4 months&quot;</td><td>text/cql</td><td>Should vaccinate patient for Polio (IPV) because 1 dose IPV given at least 4 months ago</td></tr></table></blockquote><blockquote><p><b>condition</b></p><p><b>kind</b>: applicability</p><h3>Expressions</h3><table class="grid"><tr><td>-</td><td><b>Description</b></td><td><b>Language</b></td><td><b>Expression</b></td></tr><tr><td>*</td><td>&quot;Combined bOPV and IPV Schedule&quot; = TRUE</td><td>text/cql</td><td>Should vaccinate patient for Polio (IPV) because 1 dose IPV given at least 4 months ago</td></tr></table></blockquote><p><b>definition</b>: <a href="ActivityDefinition-IMMZ.DT.03.Polio.05.html">IMMZ.DT.03.Polio.05</a></p></blockquote><blockquote><p><b>action</b></p><p><b>title</b>: Immunize Patient for Polio (bOPV) - 2 Doses given 4 weeks ago</p><p><b>description</b>: Provide 3rd dose Polio (bOPV) vaccination – using the &quot;bOPV-IPV-bOPV-IPV-bOPV&quot; schedule (5 doses scheme)</p><blockquote><p><b>condition</b></p><p><b>kind</b>: applicability</p><h3>Expressions</h3><table class="grid"><tr><td>-</td><td><b>Description</b></td><td><b>Language</b></td><td><b>Expression</b></td></tr><tr><td>*</td><td>&quot;Polio (bOPV) vaccine immunization history&quot; = &quot;2 doses&quot;</td><td>text/cql</td><td>Should vaccinate patient for Polio (bOPV) because 2nd dose bOPV given 4 weeks ago</td></tr></table></blockquote><blockquote><p><b>condition</b></p><p><b>kind</b>: applicability</p><h3>Expressions</h3><table class="grid"><tr><td>-</td><td><b>Description</b></td><td><b>Language</b></td><td><b>Expression</b></td></tr><tr><td>*</td><td>&quot;Date last bOPV dose given&quot; &gt;= &quot;4 weeks&quot;</td><td>text/cql</td><td>Should vaccinate patient for Polio (bOPV) because 2nd dose bOPV given 4 weeks ago</td></tr></table></blockquote><blockquote><p><b>condition</b></p><p><b>kind</b>: applicability</p><h3>Expressions</h3><table class="grid"><tr><td>-</td><td><b>Description</b></td><td><b>Language</b></td><td><b>Expression</b></td></tr><tr><td>*</td><td>&quot;Combined bOPV and IPV Schedule&quot; = TRUE</td><td>text/cql</td><td>Should vaccinate patient for Polio (bOPV) because 2nd dose bOPV given 4 weeks ago</td></tr></table></blockquote><p><b>definition</b>: <a href="ActivityDefinition-IMMZ.DT.03.Polio.06.html">IMMZ.DT.03.Polio.06</a></p></blockquote><blockquote><p><b>action</b></p><p><b>title</b>: Immunize Patient for Polio (IPV) - No Doses at 8 weeks old</p><p><b>description</b>: Provide 1st dose Polio (IPV) vaccination – using the &quot;IPV-bOPV-bOPV&quot; schedule (3 doses scheme)</p><blockquote><p><b>condition</b></p><p><b>kind</b>: applicability</p><h3>Expressions</h3><table class="grid"><tr><td>-</td><td><b>Description</b></td><td><b>Language</b></td><td><b>Expression</b></td></tr><tr><td>*</td><td>&quot;Polio (IPV) vaccine immunization history&quot; = &quot;No-doses&quot;</td><td>text/cql</td><td>Should vaccinate patient for Polio (IPV) because no doses at 8 weeks old</td></tr></table></blockquote><blockquote><p><b>condition</b></p><p><b>kind</b>: applicability</p><h3>Expressions</h3><table class="grid"><tr><td>-</td><td><b>Description</b></td><td><b>Language</b></td><td><b>Expression</b></td></tr><tr><td>*</td><td>&quot;Current Patient Age in Weeks&quot; &gt;= 8</td><td>text/cql</td><td>Should vaccinate patient for Polio (IPV) because no doses at 8 weeks old</td></tr></table></blockquote><blockquote><p><b>condition</b></p><p><b>kind</b>: applicability</p><h3>Expressions</h3><table class="grid"><tr><td>-</td><td><b>Description</b></td><td><b>Language</b></td><td><b>Expression</b></td></tr><tr><td>*</td><td>&quot;Sequential IPV-OPV Schedule&quot; = TRUE</td><td>text/cql</td><td>Should vaccinate patient for Polio (IPV) because no doses at 8 weeks old</td></tr></table></blockquote><p><b>definition</b>: <a href="ActivityDefinition-IMMZ.DT.03.Polio.07.html">IMMZ.DT.03.Polio.07</a></p></blockquote><blockquote><p><b>action</b></p><p><b>title</b>: Immunize Patient for Polio (IPV) - 1st Dose given 4-8 weeks ago (High risk of exposure scenario)</p><p><b>description</b>: Provide 1st dose Polio (bOPV) vaccination – using the &quot;IPV-bOPV-bOPV&quot; schedule (3 doses scheme)</p><blockquote><p><b>condition</b></p><p><b>kind</b>: applicability</p><h3>Expressions</h3><table class="grid"><tr><td>-</td><td><b>Description</b></td><td><b>Language</b></td><td><b>Expression</b></td></tr><tr><td>*</td><td>&quot;Polio (IPV) vaccine immunization history&quot; = &quot;1 dose&quot;</td><td>text/cql</td><td>Should vaccinate patient for Polio (bOPV) because 1st dose IPV given 4-8 weeks ago</td></tr></table></blockquote><blockquote><p><b>condition</b></p><p><b>kind</b>: applicability</p><h3>Expressions</h3><table class="grid"><tr><td>-</td><td><b>Description</b></td><td><b>Language</b></td><td><b>Expression</b></td></tr><tr><td>*</td><td>&quot;Date last IPV dose given&quot; &gt;= &quot;4 weeks&quot;</td><td>text/cql</td><td>Should vaccinate patient for Polio (bOPV) because 1st dose IPV given 4-8 weeks ago</td></tr></table></blockquote><blockquote><p><b>condition</b></p><p><b>kind</b>: applicability</p><h3>Expressions</h3><table class="grid"><tr><td>-</td><td><b>Description</b></td><td><b>Language</b></td><td><b>Expression</b></td></tr><tr><td>*</td><td>&quot;Date last IPV dose given&quot; &lt;= &quot;8 weeks&quot;</td><td>text/cql</td><td>Should vaccinate patient for Polio (bOPV) because 1st dose IPV given 4-8 weeks ago</td></tr></table></blockquote><blockquote><p><b>condition</b></p><p><b>kind</b>: applicability</p><h3>Expressions</h3><table class="grid"><tr><td>-</td><td><b>Description</b></td><td><b>Language</b></td><td><b>Expression</b></td></tr><tr><td>*</td><td>&quot;Sequential IPV-OPV Schedule&quot; = TRUE</td><td>text/cql</td><td>Should vaccinate patient for Polio (bOPV) because 1st dose IPV given 4-8 weeks ago</td></tr></table></blockquote><p><b>definition</b>: <a href="ActivityDefinition-IMMZ.DT.03.Polio.08.html">IMMZ.DT.03.Polio.08</a></p></blockquote><blockquote><p><b>action</b></p><p><b>title</b>: Immunize Patient for Polio (IPV) - 1st Dose given 4-8 weeks ago (High risk of exposure scenario)</p><p><b>description</b>: Provide 2nd dose Polio (IPV) vaccination – using the &quot;IPV-IPV-bOPV-bOPV&quot; schedule (4 doses scheme)</p><blockquote><p><b>condition</b></p><p><b>kind</b>: applicability</p><h3>Expressions</h3><table class="grid"><tr><td>-</td><td><b>Description</b></td><td><b>Language</b></td><td><b>Expression</b></td></tr><tr><td>*</td><td>&quot;Polio (IPV) vaccine immunization history&quot; = &quot;1 dose&quot;</td><td>text/cql</td><td>Should vaccinate patient for Polio (IPV) because 1st dose IPV given 4-8 weeks ago (High risk of exposure scenario)</td></tr></table></blockquote><blockquote><p><b>condition</b></p><p><b>kind</b>: applicability</p><h3>Expressions</h3><table class="grid"><tr><td>-</td><td><b>Description</b></td><td><b>Language</b></td><td><b>Expression</b></td></tr><tr><td>*</td><td>&quot;Date last IPV dose given&quot; &gt;= &quot;4 weeks&quot;</td><td>text/cql</td><td>Should vaccinate patient for Polio (IPV) because 1st dose IPV given 4-8 weeks ago (High risk of exposure scenario)</td></tr></table></blockquote><blockquote><p><b>condition</b></p><p><b>kind</b>: applicability</p><h3>Expressions</h3><table class="grid"><tr><td>-</td><td><b>Description</b></td><td><b>Language</b></td><td><b>Expression</b></td></tr><tr><td>*</td><td>&quot;Date last IPV dose given&quot; &lt;= &quot;8 weeks&quot;</td><td>text/cql</td><td>Should vaccinate patient for Polio (IPV) because 1st dose IPV given 4-8 weeks ago (High risk of exposure scenario)</td></tr></table></blockquote><blockquote><p><b>condition</b></p><p><b>kind</b>: applicability</p><h3>Expressions</h3><table class="grid"><tr><td>-</td><td><b>Description</b></td><td><b>Language</b></td><td><b>Expression</b></td></tr><tr><td>*</td><td>&quot;Sequential IPV-OPV Schedule&quot; = TRUE</td><td>text/cql</td><td>Should vaccinate patient for Polio (IPV) because 1st dose IPV given 4-8 weeks ago (High risk of exposure scenario)</td></tr></table></blockquote><blockquote><p><b>condition</b></p><p><b>kind</b>: applicability</p><h3>Expressions</h3><table class="grid"><tr><td>-</td><td><b>Description</b></td><td><b>Language</b></td><td><b>Expression</b></td></tr><tr><td>*</td><td>&quot;Country has a high risk of exposure to polio&quot; = TRUE</td><td>text/cql</td><td>Should vaccinate patient for Polio (IPV) because 1st dose IPV given 4-8 weeks ago (High risk of exposure scenario)</td></tr></table></blockquote><p><b>definition</b>: <a href="ActivityDefinition-IMMZ.DT.03.Polio.09.html">IMMZ.DT.03.Polio.09</a></p></blockquote><blockquote><p><b>action</b></p><p><b>title</b>: Immunize Patient for Polio (bOPV) - 1st Dose (Second dose in 3-dose schedule) given 4-8 weeks ago</p><p><b>description</b>: Provide 2nd dose Polio (bOPV) vaccination – using the &quot;IPV-bOPV-bOPV&quot; schedule (3 doses scheme)</p><blockquote><p><b>condition</b></p><p><b>kind</b>: applicability</p><h3>Expressions</h3><table class="grid"><tr><td>-</td><td><b>Description</b></td><td><b>Language</b></td><td><b>Expression</b></td></tr><tr><td>*</td><td>&quot;Polio (bOPV) vaccine immunization history&quot; = &quot;1 dose&quot;</td><td>text/cql</td><td>Should vaccinate patient for Polio (bOPV) because 1st dose bOPV (Second dose in 3-dose schedule) given 4-8 weeks ago</td></tr></table></blockquote><blockquote><p><b>condition</b></p><p><b>kind</b>: applicability</p><h3>Expressions</h3><table class="grid"><tr><td>-</td><td><b>Description</b></td><td><b>Language</b></td><td><b>Expression</b></td></tr><tr><td>*</td><td>&quot;Date last bOPV dose given&quot; &gt;= &quot;4 weeks&quot;</td><td>text/cql</td><td>Should vaccinate patient for Polio (bOPV) because 1st dose bOPV (Second dose in 3-dose schedule) given 4-8 weeks ago</td></tr></table></blockquote><blockquote><p><b>condition</b></p><p><b>kind</b>: applicability</p><h3>Expressions</h3><table class="grid"><tr><td>-</td><td><b>Description</b></td><td><b>Language</b></td><td><b>Expression</b></td></tr><tr><td>*</td><td>&quot;Date last bOPV dose given&quot; &lt;= &quot;8 weeks&quot;</td><td>text/cql</td><td>Should vaccinate patient for Polio (bOPV) because 1st dose bOPV (Second dose in 3-dose schedule) given 4-8 weeks ago</td></tr></table></blockquote><blockquote><p><b>condition</b></p><p><b>kind</b>: applicability</p><h3>Expressions</h3><table class="grid"><tr><td>-</td><td><b>Description</b></td><td><b>Language</b></td><td><b>Expression</b></td></tr><tr><td>*</td><td>&quot;Sequential IPV-OPV Schedule&quot; = TRUE</td><td>text/cql</td><td>Should vaccinate patient for Polio (bOPV) because 1st dose bOPV (Second dose in 3-dose schedule) given 4-8 weeks ago</td></tr></table></blockquote><p><b>definition</b>: <a href="ActivityDefinition-IMMZ.DT.03.Polio.10.html">IMMZ.DT.03.Polio.10</a></p></blockquote><blockquote><p><b>action</b></p><p><b>title</b>: Immunize Patient for Polio (IPV) - 2nd Dose given 4-8 weeks ago (High risk of exposure scenario)</p><p><b>description</b>: Provide 3rd dose Polio (bOPV) vaccination – using the &quot;IPV-IPV-bOPV-bOPV&quot; schedule (4 doses scheme)</p><blockquote><p><b>condition</b></p><p><b>kind</b>: applicability</p><h3>Expressions</h3><table class="grid"><tr><td>-</td><td><b>Description</b></td><td><b>Language</b></td><td><b>Expression</b></td></tr><tr><td>*</td><td>&quot;Polio (IPV) vaccine immunization history&quot; = &quot;2 doses&quot;</td><td>text/cql</td><td>Should vaccinate patient for Polio (bOPV) because 2nd dose IPV given 4-8 weeks ago (High risk of exposure scenario)</td></tr></table></blockquote><blockquote><p><b>condition</b></p><p><b>kind</b>: applicability</p><h3>Expressions</h3><table class="grid"><tr><td>-</td><td><b>Description</b></td><td><b>Language</b></td><td><b>Expression</b></td></tr><tr><td>*</td><td>&quot;Date last IPV dose given&quot; &gt;= &quot;4 weeks&quot;</td><td>text/cql</td><td>Should vaccinate patient for Polio (bOPV) because 2nd dose IPV given 4-8 weeks ago (High risk of exposure scenario)</td></tr></table></blockquote><blockquote><p><b>condition</b></p><p><b>kind</b>: applicability</p><h3>Expressions</h3><table class="grid"><tr><td>-</td><td><b>Description</b></td><td><b>Language</b></td><td><b>Expression</b></td></tr><tr><td>*</td><td>&quot;Date last IPV dose given&quot; &lt;= &quot;8 weeks&quot;</td><td>text/cql</td><td>Should vaccinate patient for Polio (bOPV) because 2nd dose IPV given 4-8 weeks ago (High risk of exposure scenario)</td></tr></table></blockquote><blockquote><p><b>condition</b></p><p><b>kind</b>: applicability</p><h3>Expressions</h3><table class="grid"><tr><td>-</td><td><b>Description</b></td><td><b>Language</b></td><td><b>Expression</b></td></tr><tr><td>*</td><td>&quot;Sequential IPV-OPV Schedule&quot; = TRUE</td><td>text/cql</td><td>Should vaccinate patient for Polio (bOPV) because 2nd dose IPV given 4-8 weeks ago (High risk of exposure scenario)</td></tr></table></blockquote><blockquote><p><b>condition</b></p><p><b>kind</b>: applicability</p><h3>Expressions</h3><table class="grid"><tr><td>-</td><td><b>Description</b></td><td><b>Language</b></td><td><b>Expression</b></td></tr><tr><td>*</td><td>&quot;Country has a high risk of exposure to polio&quot; = TRUE</td><td>text/cql</td><td>Should vaccinate patient for Polio (bOPV) because 2nd dose IPV given 4-8 weeks ago (High risk of exposure scenario)</td></tr></table></blockquote><p><b>definition</b>: <a href="ActivityDefinition-IMMZ.DT.03.Polio.11.html">IMMZ.DT.03.Polio.11</a></p></blockquote><blockquote><p><b>action</b></p><p><b>title</b>: Immunize Patient for Polio (bOPV) - 1st Dose (Third dose in 4-dose schedule) given 4-8 weeks ago</p><p><b>description</b>: Provide 4th dose Polio (bOPV) vaccination – using the &quot;IPV-IPV-bOPV-bOPV&quot; schedule (4 doses scheme)</p><blockquote><p><b>condition</b></p><p><b>kind</b>: applicability</p><h3>Expressions</h3><table class="grid"><tr><td>-</td><td><b>Description</b></td><td><b>Language</b></td><td><b>Expression</b></td></tr><tr><td>*</td><td>&quot;Polio (bOPV) vaccine immunization history&quot; = &quot;1 dose&quot;</td><td>text/cql</td><td>Should vaccinate patient for Polio (bOPV) because 1st dose bOPV (Third dose in 4-dose schedule) given 4-8 weeks ago</td></tr></table></blockquote><blockquote><p><b>condition</b></p><p><b>kind</b>: applicability</p><h3>Expressions</h3><table class="grid"><tr><td>-</td><td><b>Description</b></td><td><b>Language</b></td><td><b>Expression</b></td></tr><tr><td>*</td><td>&quot;Polio (IPV) vaccine immunization history&quot; = &quot;2 doses&quot;</td><td>text/cql</td><td>Should vaccinate patient for Polio (bOPV) because 1st dose bOPV (Third dose in 4-dose schedule) given 4-8 weeks ago</td></tr></table></blockquote><blockquote><p><b>condition</b></p><p><b>kind</b>: applicability</p><h3>Expressions</h3><table class="grid"><tr><td>-</td><td><b>Description</b></td><td><b>Language</b></td><td><b>Expression</b></td></tr><tr><td>*</td><td>&quot;Date last bOPV dose given&quot; &gt;= &quot;4 weeks&quot;</td><td>text/cql</td><td>Should vaccinate patient for Polio (bOPV) because 1st dose bOPV (Third dose in 4-dose schedule) given 4-8 weeks ago</td></tr></table></blockquote><blockquote><p><b>condition</b></p><p><b>kind</b>: applicability</p><h3>Expressions</h3><table class="grid"><tr><td>-</td><td><b>Description</b></td><td><b>Language</b></td><td><b>Expression</b></td></tr><tr><td>*</td><td>&quot;Date last bOPV dose given&quot; &lt;= &quot;8 weeks&quot;</td><td>text/cql</td><td>Should vaccinate patient for Polio (bOPV) because 1st dose bOPV (Third dose in 4-dose schedule) given 4-8 weeks ago</td></tr></table></blockquote><blockquote><p><b>condition</b></p><p><b>kind</b>: applicability</p><h3>Expressions</h3><table class="grid"><tr><td>-</td><td><b>Description</b></td><td><b>Language</b></td><td><b>Expression</b></td></tr><tr><td>*</td><td>&quot;Sequential IPV-OPV Schedule&quot; = TRUE</td><td>text/cql</td><td>Should vaccinate patient for Polio (bOPV) because 1st dose bOPV (Third dose in 4-dose schedule) given 4-8 weeks ago</td></tr></table></blockquote><blockquote><p><b>condition</b></p><p><b>kind</b>: applicability</p><h3>Expressions</h3><table class="grid"><tr><td>-</td><td><b>Description</b></td><td><b>Language</b></td><td><b>Expression</b></td></tr><tr><td>*</td><td>&quot;Country has a high risk of exposure to polio&quot; = TRUE</td><td>text/cql</td><td>Should vaccinate patient for Polio (bOPV) because 1st dose bOPV (Third dose in 4-dose schedule) given 4-8 weeks ago</td></tr></table></blockquote><p><b>definition</b>: <a href="ActivityDefinition-IMMZ.DT.03.Polio.12.html">IMMZ.DT.03.Polio.12</a></p></blockquote><blockquote><p><b>action</b></p><p><b>title</b>: Immunize Patient for Polio - No Doses</p><p><b>description</b>: Provide 1st dose Polio (IPV) vaccination – using the &quot;IPV Only&quot; schedule</p><blockquote><p><b>condition</b></p><p><b>kind</b>: applicability</p><h3>Expressions</h3><table class="grid"><tr><td>-</td><td><b>Description</b></td><td><b>Language</b></td><td><b>Expression</b></td></tr><tr><td>*</td><td>&quot;Polio (IPV) vaccine immunization history&quot; = &quot;No-doses&quot;</td><td>text/cql</td><td>Should vaccinate patient with IPV 1st dose</td></tr></table></blockquote><blockquote><p><b>condition</b></p><p><b>kind</b>: applicability</p><h3>Expressions</h3><table class="grid"><tr><td>-</td><td><b>Description</b></td><td><b>Language</b></td><td><b>Expression</b></td></tr><tr><td>*</td><td>&quot;Current Patient Age in Weeks&quot; &lt;= 8</td><td>text/cql</td><td>Should vaccinate patient with IPV 1st dose</td></tr></table></blockquote><blockquote><p><b>condition</b></p><p><b>kind</b>: applicability</p><h3>Expressions</h3><table class="grid"><tr><td>-</td><td><b>Description</b></td><td><b>Language</b></td><td><b>Expression</b></td></tr><tr><td>*</td><td>&quot;High Coverage of Polio and Risk of Wild Importation&quot; = TRUE</td><td>text/cql</td><td>Should vaccinate patient with IPV 1st dose</td></tr></table></blockquote><p><b>definition</b>: <a href="ActivityDefinition-IMMZ.DT.03.Polio.13.html">IMMZ.DT.03.Polio.13</a></p></blockquote><blockquote><p><b>action</b></p><p><b>title</b>: Immunize Patient for Polio - 2nd dose</p><p><b>description</b>: Provide 2nd dose Polio (IPV) vaccination - using the &quot;IPV Only&quot; schedule - minimum of 4 weeks after previous dose</p><blockquote><p><b>condition</b></p><p><b>kind</b>: applicability</p><h3>Expressions</h3><table class="grid"><tr><td>-</td><td><b>Description</b></td><td><b>Language</b></td><td><b>Expression</b></td></tr><tr><td>*</td><td>&quot;Polio (IPV) vaccine immunization history&quot; = &quot;1 dose&quot;</td><td>text/cql</td><td>Should vaccinate patient with IPV 2nd dose</td></tr></table></blockquote><blockquote><p><b>condition</b></p><p><b>kind</b>: applicability</p><h3>Expressions</h3><table class="grid"><tr><td>-</td><td><b>Description</b></td><td><b>Language</b></td><td><b>Expression</b></td></tr><tr><td>*</td><td>&quot;High Coverage of Polio and Risk of Wild Importation&quot; = TRUE</td><td>text/cql</td><td>Should vaccinate patient with IPV 2nd dose</td></tr></table></blockquote><blockquote><p><b>condition</b></p><p><b>kind</b>: applicability</p><h3>Expressions</h3><table class="grid"><tr><td>-</td><td><b>Description</b></td><td><b>Language</b></td><td><b>Expression</b></td></tr><tr><td>*</td><td>&quot;Date last IPV dose given&quot; &gt;= &quot;4 weeks&quot;</td><td>text/cql</td><td>Should vaccinate patient with IPV 2nd dose</td></tr></table></blockquote><blockquote><p><b>condition</b></p><p><b>kind</b>: applicability</p><h3>Expressions</h3><table class="grid"><tr><td>-</td><td><b>Description</b></td><td><b>Language</b></td><td><b>Expression</b></td></tr><tr><td>*</td><td>&quot;Date last IPV dose given&quot; &lt;= &quot;8 weeks&quot;</td><td>text/cql</td><td>Should vaccinate patient with IPV 2nd dose</td></tr></table></blockquote><p><b>definition</b>: <a href="ActivityDefinition-IMMZ.DT.03.Polio.14.html">IMMZ.DT.03.Polio.14</a></p></blockquote><blockquote><p><b>action</b></p><p><b>title</b>: Immunize Patient for Polio - 3rd dose</p><p><b>description</b>: Provide 3rd dose Polio (IPV) vaccination - using the &quot;IPV Only&quot; schedule - minimum of 4 weeks after previous dose</p><blockquote><p><b>condition</b></p><p><b>kind</b>: applicability</p><h3>Expressions</h3><table class="grid"><tr><td>-</td><td><b>Description</b></td><td><b>Language</b></td><td><b>Expression</b></td></tr><tr><td>*</td><td>&quot;Polio (IPV) vaccine immunization history&quot; = &quot;2 doses&quot;</td><td>text/cql</td><td>Should vaccinate patient with IPV 3rd dose</td></tr></table></blockquote><blockquote><p><b>condition</b></p><p><b>kind</b>: applicability</p><h3>Expressions</h3><table class="grid"><tr><td>-</td><td><b>Description</b></td><td><b>Language</b></td><td><b>Expression</b></td></tr><tr><td>*</td><td>&quot;High Coverage of Polio and Risk of Wild Importation&quot; = TRUE</td><td>text/cql</td><td>Should vaccinate patient with IPV 3rd dose</td></tr></table></blockquote><blockquote><p><b>condition</b></p><p><b>kind</b>: applicability</p><h3>Expressions</h3><table class="grid"><tr><td>-</td><td><b>Description</b></td><td><b>Language</b></td><td><b>Expression</b></td></tr><tr><td>*</td><td>&quot;Date last IPV dose given&quot; &gt;= &quot;4 weeks&quot;</td><td>text/cql</td><td>Should vaccinate patient with IPV 3rd dose</td></tr></table></blockquote><blockquote><p><b>condition</b></p><p><b>kind</b>: applicability</p><h3>Expressions</h3><table class="grid"><tr><td>-</td><td><b>Description</b></td><td><b>Language</b></td><td><b>Expression</b></td></tr><tr><td>*</td><td>&quot;Date last IPV dose given&quot; &lt;= &quot;8 weeks&quot;</td><td>text/cql</td><td>Should vaccinate patient with IPV 3rd dose</td></tr></table></blockquote><p><b>definition</b>: <a href="ActivityDefinition-IMMZ.DT.03.Polio.15.html">IMMZ.DT.03.Polio.15</a></p></blockquote><blockquote><p><b>action</b></p><p><b>title</b>: Immunize Patient for Polio - 4th dose (booster)</p><p><b>description</b>: Provide 4th dose Polio (IPV) vaccination - using the &quot;IPV Only&quot; schedule - minimum of 4 weeks after previous dose</p><blockquote><p><b>condition</b></p><p><b>kind</b>: applicability</p><h3>Expressions</h3><table class="grid"><tr><td>-</td><td><b>Description</b></td><td><b>Language</b></td><td><b>Expression</b></td></tr><tr><td>*</td><td>&quot;Polio (IPV) vaccine immunization history&quot; = &quot;3 doses&quot;</td><td>text/cql</td><td>Should vaccinate patient with IPV 4th dose (booster)</td></tr></table></blockquote><blockquote><p><b>condition</b></p><p><b>kind</b>: applicability</p><h3>Expressions</h3><table class="grid"><tr><td>-</td><td><b>Description</b></td><td><b>Language</b></td><td><b>Expression</b></td></tr><tr><td>*</td><td>&quot;Age when 1st IPV dose was given&quot; &lt; &quot;8 weeks&quot;</td><td>text/cql</td><td>Should vaccinate patient with IPV 4th dose (booster)</td></tr></table></blockquote><blockquote><p><b>condition</b></p><p><b>kind</b>: applicability</p><h3>Expressions</h3><table class="grid"><tr><td>-</td><td><b>Description</b></td><td><b>Language</b></td><td><b>Expression</b></td></tr><tr><td>*</td><td>&quot;Current Patient Age in Months&quot; &gt;= 6</td><td>text/cql</td><td>Should vaccinate patient with IPV 4th dose (booster)</td></tr></table></blockquote><blockquote><p><b>condition</b></p><p><b>kind</b>: applicability</p><h3>Expressions</h3><table class="grid"><tr><td>-</td><td><b>Description</b></td><td><b>Language</b></td><td><b>Expression</b></td></tr><tr><td>*</td><td>&quot;High Coverage of Polio and Risk of Wild Importation&quot; = TRUE</td><td>text/cql</td><td>Should vaccinate patient with IPV 4th dose (booster)</td></tr></table></blockquote><p><b>definition</b>: <a href="ActivityDefinition-IMMZ.DT.03.Polio.16.html">IMMZ.DT.03.Polio.16</a></p></blockquote></div>
  </text>
  <url value="http://fhir.org/guides/who/smart-immunization/PlanDefinition/IMMZ.DT.03.Polio"/>
  <version value="0.1.0"/>
  <name value="IMMZ.DT.03.Polio"/>
  <title value="IMMZ.DT.03.Polio"/>
  <status value="draft"/>
  <date value="2023-04-01T05:56:31+00:00"/>
  <publisher value="World Health Organization (WHO)"/>
  <description value="If child or person has not been vaccinated, give Polio vaccine"/>
  <jurisdiction>
    <coding>
      <system value="http://unstats.un.org/unsd/methods/m49/m49.htm"/>
      <code value="001"/>
    </coding>
  </jurisdiction>
  <library value="http://fhir.org/guides/who/smart-immunization/Library/IMMZDT03"/>
  <action>
    <title value="Immunize Patient for Polio (bOPV) - No Doses at birth (polio-endemic country and high risk of spread)"/>
    <description value="Provide birth dose Polio (bOPV) vaccination – using the zero dose recommendation at birth (until 2 weeks old) due to patient being in a polio-endemic country with high risk of spread. Patient will continue the &quot;bOPV-IPV-bOPV-IPV-bOPV&quot; schedule (5 doses scheme)"/>
    <condition>
      <kind value="applicability"/>
      <expression>
        <description value="&quot;Polio (IPV) vaccine immunization history&quot; = &quot;No-doses&quot;"/>
        <language value="text/cql"/>
        <expression value="Should vaccinate patient for Polio (bOPV) because no doses at birth (up to 2 weeks old) and patient is in a polio-endemic country with high risk of spread"/>
      </expression>
    </condition>
    <condition>
      <kind value="applicability"/>
      <expression>
        <description value="&quot;Polio (bOPV) vaccine immunization history&quot; = &quot;No-doses&quot;"/>
        <language value="text/cql"/>
        <expression value="Should vaccinate patient for Polio (bOPV) because no doses at birth (up to 2 weeks old) and patient is in a polio-endemic country with high risk of spread"/>
      </expression>
    </condition>
    <condition>
      <kind value="applicability"/>
      <expression>
        <description value="&quot;Current Patient Age in Weeks&quot; &lt; 2"/>
        <language value="text/cql"/>
        <expression value="Should vaccinate patient for Polio (bOPV) because no doses at birth (up to 2 weeks old) and patient is in a polio-endemic country with high risk of spread"/>
      </expression>
    </condition>
    <condition>
      <kind value="applicability"/>
      <expression>
        <description value="&quot;Combined bOPV and IPV Schedule&quot; = TRUE"/>
        <language value="text/cql"/>
        <expression value="Should vaccinate patient for Polio (bOPV) because no doses at birth (up to 2 weeks old) and patient is in a polio-endemic country with high risk of spread"/>
      </expression>
    </condition>
    <condition>
      <kind value="applicability"/>
      <expression>
        <description value="&quot;Polio-endemic country with high risk of spread&quot; = TRUE"/>
        <language value="text/cql"/>
        <expression value="Should vaccinate patient for Polio (bOPV) because no doses at birth (up to 2 weeks old) and patient is in a polio-endemic country with high risk of spread"/>
      </expression>
    </condition>
    <definitionCanonical value="http://fhir.org/guides/who/smart-immunization/ActivityDefinition/IMMZ.DT.03.Polio.01"/>
  </action>
  <action>
    <title value="Immunize Patient for Polio (bOPV) - No Doses at 6 weeks old"/>
    <description value="Provide 1st dose Polio (bOPV) vaccination – using the &quot;bOPV-IPV-bOPV-IPV-bOPV&quot; schedule (5 doses scheme)"/>
    <condition>
      <kind value="applicability"/>
      <expression>
        <description value="&quot;Polio (bOPV) vaccine immunization history&quot; = &quot;No-doses&quot;"/>
        <language value="text/cql"/>
        <expression value="Should vaccinate patient for Polio (bOPV) because no doses at 6 weeks old"/>
      </expression>
    </condition>
    <condition>
      <kind value="applicability"/>
      <expression>
        <description value="&quot;Current Patient Age in Weeks&quot; &gt;= 6"/>
        <language value="text/cql"/>
        <expression value="Should vaccinate patient for Polio (bOPV) because no doses at 6 weeks old"/>
      </expression>
    </condition>
    <condition>
      <kind value="applicability"/>
      <expression>
        <description value="&quot;Combined bOPV and IPV Schedule&quot; = TRUE"/>
        <language value="text/cql"/>
        <expression value="Should vaccinate patient for Polio (bOPV) because no doses at 6 weeks old"/>
      </expression>
    </condition>
    <definitionCanonical value="http://fhir.org/guides/who/smart-immunization/ActivityDefinition/IMMZ.DT.03.Polio.02"/>
  </action>
  <action>
    <title value="Immunize Patient for Polio (IPV) - No Doses at 14 weeks old"/>
    <description value="Provide 1st dose Polio (IPV) vaccination – using the &quot;bOPV-IPV-bOPV-IPV-bOPV&quot; schedule (5 doses scheme)"/>
    <condition>
      <kind value="applicability"/>
      <expression>
        <description value="&quot;Polio (IPV) vaccine immunization history&quot; = &quot;No-doses&quot;"/>
        <language value="text/cql"/>
        <expression value="Should vaccinate patient for Polio (IPV) because no doses at 14 weeks old"/>
      </expression>
    </condition>
    <condition>
      <kind value="applicability"/>
      <expression>
        <description value="&quot;Current Patient Age in Weeks&quot; &gt;= 14"/>
        <language value="text/cql"/>
        <expression value="Should vaccinate patient for Polio (IPV) because no doses at 14 weeks old"/>
      </expression>
    </condition>
    <condition>
      <kind value="applicability"/>
      <expression>
        <description value="&quot;Combined bOPV and IPV Schedule&quot; = TRUE"/>
        <language value="text/cql"/>
        <expression value="Should vaccinate patient for Polio (IPV) because no doses at 14 weeks old"/>
      </expression>
    </condition>
    <definitionCanonical value="http://fhir.org/guides/who/smart-immunization/ActivityDefinition/IMMZ.DT.03.Polio.03"/>
  </action>
  <action>
    <title value="Immunize Patient for Polio (bOPV) - 1 Dose given 4 weeks ago"/>
    <description value="Provide 2nd dose Polio (bOPV) vaccination – using the &quot;bOPV-IPV-bOPV-IPV-bOPV&quot; schedule (5 doses scheme)"/>
    <condition>
      <kind value="applicability"/>
      <expression>
        <description value="&quot;Polio (bOPV) vaccine immunization history&quot; = &quot;1 dose&quot;"/>
        <language value="text/cql"/>
        <expression value="Should vaccinate patient for Polio (bOPV) because 1 dose bOPV given 4 weeks ago"/>
      </expression>
    </condition>
    <condition>
      <kind value="applicability"/>
      <expression>
        <description value="&quot;Date last bOPV dose given&quot; &gt;= &quot;4 weeks&quot;"/>
        <language value="text/cql"/>
        <expression value="Should vaccinate patient for Polio (bOPV) because 1 dose bOPV given 4 weeks ago"/>
      </expression>
    </condition>
    <condition>
      <kind value="applicability"/>
      <expression>
        <description value="&quot;Combined bOPV and IPV Schedule&quot; = TRUE"/>
        <language value="text/cql"/>
        <expression value="Should vaccinate patient for Polio (bOPV) because 1 dose bOPV given 4 weeks ago"/>
      </expression>
    </condition>
    <definitionCanonical value="http://fhir.org/guides/who/smart-immunization/ActivityDefinition/IMMZ.DT.03.Polio.04"/>
  </action>
  <action>
    <title value="Immunize Patient for Polio (IPV) - 1 Dose given at least 4 months ago"/>
    <description value="Provide 2nd dose Polio (IPV) vaccination – using the &quot;bOPV-IPV-bOPV-IPV-bOPV&quot; schedule (5 doses scheme)"/>
    <condition>
      <kind value="applicability"/>
      <expression>
        <description value="&quot;Polio (IPV) vaccine immunization history&quot; = &quot;1 dose&quot;"/>
        <language value="text/cql"/>
        <expression value="Should vaccinate patient for Polio (IPV) because 1 dose IPV given at least 4 months ago"/>
      </expression>
    </condition>
    <condition>
      <kind value="applicability"/>
      <expression>
        <description value="&quot;Date last IPV dose given&quot; &gt;= &quot;4 months&quot;"/>
        <language value="text/cql"/>
        <expression value="Should vaccinate patient for Polio (IPV) because 1 dose IPV given at least 4 months ago"/>
      </expression>
    </condition>
    <condition>
      <kind value="applicability"/>
      <expression>
        <description value="&quot;Combined bOPV and IPV Schedule&quot; = TRUE"/>
        <language value="text/cql"/>
        <expression value="Should vaccinate patient for Polio (IPV) because 1 dose IPV given at least 4 months ago"/>
      </expression>
    </condition>
    <definitionCanonical value="http://fhir.org/guides/who/smart-immunization/ActivityDefinition/IMMZ.DT.03.Polio.05"/>
  </action>
  <action>
    <title value="Immunize Patient for Polio (bOPV) - 2 Doses given 4 weeks ago"/>
    <description value="Provide 3rd dose Polio (bOPV) vaccination – using the &quot;bOPV-IPV-bOPV-IPV-bOPV&quot; schedule (5 doses scheme)"/>
    <condition>
      <kind value="applicability"/>
      <expression>
        <description value="&quot;Polio (bOPV) vaccine immunization history&quot; = &quot;2 doses&quot;"/>
        <language value="text/cql"/>
        <expression value="Should vaccinate patient for Polio (bOPV) because 2nd dose bOPV given 4 weeks ago"/>
      </expression>
    </condition>
    <condition>
      <kind value="applicability"/>
      <expression>
        <description value="&quot;Date last bOPV dose given&quot; &gt;= &quot;4 weeks&quot;"/>
        <language value="text/cql"/>
        <expression value="Should vaccinate patient for Polio (bOPV) because 2nd dose bOPV given 4 weeks ago"/>
      </expression>
    </condition>
    <condition>
      <kind value="applicability"/>
      <expression>
        <description value="&quot;Combined bOPV and IPV Schedule&quot; = TRUE"/>
        <language value="text/cql"/>
        <expression value="Should vaccinate patient for Polio (bOPV) because 2nd dose bOPV given 4 weeks ago"/>
      </expression>
    </condition>
    <definitionCanonical value="http://fhir.org/guides/who/smart-immunization/ActivityDefinition/IMMZ.DT.03.Polio.06"/>
  </action>
  <action>
    <title value="Immunize Patient for Polio (IPV) - No Doses at 8 weeks old"/>
    <description value="Provide 1st dose Polio (IPV) vaccination – using the &quot;IPV-bOPV-bOPV&quot; schedule (3 doses scheme)"/>
    <condition>
      <kind value="applicability"/>
      <expression>
        <description value="&quot;Polio (IPV) vaccine immunization history&quot; = &quot;No-doses&quot;"/>
        <language value="text/cql"/>
        <expression value="Should vaccinate patient for Polio (IPV) because no doses at 8 weeks old"/>
      </expression>
    </condition>
    <condition>
      <kind value="applicability"/>
      <expression>
        <description value="&quot;Current Patient Age in Weeks&quot; &gt;= 8"/>
        <language value="text/cql"/>
        <expression value="Should vaccinate patient for Polio (IPV) because no doses at 8 weeks old"/>
      </expression>
    </condition>
    <condition>
      <kind value="applicability"/>
      <expression>
        <description value="&quot;Sequential IPV-OPV Schedule&quot; = TRUE"/>
        <language value="text/cql"/>
        <expression value="Should vaccinate patient for Polio (IPV) because no doses at 8 weeks old"/>
      </expression>
    </condition>
    <definitionCanonical value="http://fhir.org/guides/who/smart-immunization/ActivityDefinition/IMMZ.DT.03.Polio.07"/>
  </action>
  <action>
    <title value="Immunize Patient for Polio (IPV) - 1st Dose given 4-8 weeks ago (High risk of exposure scenario)"/>
    <description value="Provide 1st dose Polio (bOPV) vaccination – using the &quot;IPV-bOPV-bOPV&quot; schedule (3 doses scheme)"/>
    <condition>
      <kind value="applicability"/>
      <expression>
        <description value="&quot;Polio (IPV) vaccine immunization history&quot; = &quot;1 dose&quot;"/>
        <language value="text/cql"/>
        <expression value="Should vaccinate patient for Polio (bOPV) because 1st dose IPV given 4-8 weeks ago"/>
      </expression>
    </condition>
    <condition>
      <kind value="applicability"/>
      <expression>
        <description value="&quot;Date last IPV dose given&quot; &gt;= &quot;4 weeks&quot;"/>
        <language value="text/cql"/>
        <expression value="Should vaccinate patient for Polio (bOPV) because 1st dose IPV given 4-8 weeks ago"/>
      </expression>
    </condition>
    <condition>
      <kind value="applicability"/>
      <expression>
        <description value="&quot;Date last IPV dose given&quot; &lt;= &quot;8 weeks&quot;"/>
        <language value="text/cql"/>
        <expression value="Should vaccinate patient for Polio (bOPV) because 1st dose IPV given 4-8 weeks ago"/>
      </expression>
    </condition>
    <condition>
      <kind value="applicability"/>
      <expression>
        <description value="&quot;Sequential IPV-OPV Schedule&quot; = TRUE"/>
        <language value="text/cql"/>
        <expression value="Should vaccinate patient for Polio (bOPV) because 1st dose IPV given 4-8 weeks ago"/>
      </expression>
    </condition>
    <definitionCanonical value="http://fhir.org/guides/who/smart-immunization/ActivityDefinition/IMMZ.DT.03.Polio.08"/>
  </action>
  <action>
    <title value="Immunize Patient for Polio (IPV) - 1st Dose given 4-8 weeks ago (High risk of exposure scenario)"/>
    <description value="Provide 2nd dose Polio (IPV) vaccination – using the &quot;IPV-IPV-bOPV-bOPV&quot; schedule (4 doses scheme)"/>
    <condition>
      <kind value="applicability"/>
      <expression>
        <description value="&quot;Polio (IPV) vaccine immunization history&quot; = &quot;1 dose&quot;"/>
        <language value="text/cql"/>
        <expression value="Should vaccinate patient for Polio (IPV) because 1st dose IPV given 4-8 weeks ago (High risk of exposure scenario)"/>
      </expression>
    </condition>
    <condition>
      <kind value="applicability"/>
      <expression>
        <description value="&quot;Date last IPV dose given&quot; &gt;= &quot;4 weeks&quot;"/>
        <language value="text/cql"/>
        <expression value="Should vaccinate patient for Polio (IPV) because 1st dose IPV given 4-8 weeks ago (High risk of exposure scenario)"/>
      </expression>
    </condition>
    <condition>
      <kind value="applicability"/>
      <expression>
        <description value="&quot;Date last IPV dose given&quot; &lt;= &quot;8 weeks&quot;"/>
        <language value="text/cql"/>
        <expression value="Should vaccinate patient for Polio (IPV) because 1st dose IPV given 4-8 weeks ago (High risk of exposure scenario)"/>
      </expression>
    </condition>
    <condition>
      <kind value="applicability"/>
      <expression>
        <description value="&quot;Sequential IPV-OPV Schedule&quot; = TRUE"/>
        <language value="text/cql"/>
        <expression value="Should vaccinate patient for Polio (IPV) because 1st dose IPV given 4-8 weeks ago (High risk of exposure scenario)"/>
      </expression>
    </condition>
    <condition>
      <kind value="applicability"/>
      <expression>
        <description value="&quot;Country has a high risk of exposure to polio&quot; = TRUE"/>
        <language value="text/cql"/>
        <expression value="Should vaccinate patient for Polio (IPV) because 1st dose IPV given 4-8 weeks ago (High risk of exposure scenario)"/>
      </expression>
    </condition>
    <definitionCanonical value="http://fhir.org/guides/who/smart-immunization/ActivityDefinition/IMMZ.DT.03.Polio.09"/>
  </action>
  <action>
    <title value="Immunize Patient for Polio (bOPV) - 1st Dose (Second dose in 3-dose schedule) given 4-8 weeks ago"/>
    <description value="Provide 2nd dose Polio (bOPV) vaccination – using the &quot;IPV-bOPV-bOPV&quot; schedule (3 doses scheme)"/>
    <condition>
      <kind value="applicability"/>
      <expression>
        <description value="&quot;Polio (bOPV) vaccine immunization history&quot; = &quot;1 dose&quot;"/>
        <language value="text/cql"/>
        <expression value="Should vaccinate patient for Polio (bOPV) because 1st dose bOPV (Second dose in 3-dose schedule) given 4-8 weeks ago"/>
      </expression>
    </condition>
    <condition>
      <kind value="applicability"/>
      <expression>
        <description value="&quot;Date last bOPV dose given&quot; &gt;= &quot;4 weeks&quot;"/>
        <language value="text/cql"/>
        <expression value="Should vaccinate patient for Polio (bOPV) because 1st dose bOPV (Second dose in 3-dose schedule) given 4-8 weeks ago"/>
      </expression>
    </condition>
    <condition>
      <kind value="applicability"/>
      <expression>
        <description value="&quot;Date last bOPV dose given&quot; &lt;= &quot;8 weeks&quot;"/>
        <language value="text/cql"/>
        <expression value="Should vaccinate patient for Polio (bOPV) because 1st dose bOPV (Second dose in 3-dose schedule) given 4-8 weeks ago"/>
      </expression>
    </condition>
    <condition>
      <kind value="applicability"/>
      <expression>
        <description value="&quot;Sequential IPV-OPV Schedule&quot; = TRUE"/>
        <language value="text/cql"/>
        <expression value="Should vaccinate patient for Polio (bOPV) because 1st dose bOPV (Second dose in 3-dose schedule) given 4-8 weeks ago"/>
      </expression>
    </condition>
    <definitionCanonical value="http://fhir.org/guides/who/smart-immunization/ActivityDefinition/IMMZ.DT.03.Polio.10"/>
  </action>
  <action>
    <title value="Immunize Patient for Polio (IPV) - 2nd Dose given 4-8 weeks ago (High risk of exposure scenario)"/>
    <description value="Provide 3rd dose Polio (bOPV) vaccination – using the &quot;IPV-IPV-bOPV-bOPV&quot; schedule (4 doses scheme)"/>
    <condition>
      <kind value="applicability"/>
      <expression>
        <description value="&quot;Polio (IPV) vaccine immunization history&quot; = &quot;2 doses&quot;"/>
        <language value="text/cql"/>
        <expression value="Should vaccinate patient for Polio (bOPV) because 2nd dose IPV given 4-8 weeks ago (High risk of exposure scenario)"/>
      </expression>
    </condition>
    <condition>
      <kind value="applicability"/>
      <expression>
        <description value="&quot;Date last IPV dose given&quot; &gt;= &quot;4 weeks&quot;"/>
        <language value="text/cql"/>
        <expression value="Should vaccinate patient for Polio (bOPV) because 2nd dose IPV given 4-8 weeks ago (High risk of exposure scenario)"/>
      </expression>
    </condition>
    <condition>
      <kind value="applicability"/>
      <expression>
        <description value="&quot;Date last IPV dose given&quot; &lt;= &quot;8 weeks&quot;"/>
        <language value="text/cql"/>
        <expression value="Should vaccinate patient for Polio (bOPV) because 2nd dose IPV given 4-8 weeks ago (High risk of exposure scenario)"/>
      </expression>
    </condition>
    <condition>
      <kind value="applicability"/>
      <expression>
        <description value="&quot;Sequential IPV-OPV Schedule&quot; = TRUE"/>
        <language value="text/cql"/>
        <expression value="Should vaccinate patient for Polio (bOPV) because 2nd dose IPV given 4-8 weeks ago (High risk of exposure scenario)"/>
      </expression>
    </condition>
    <condition>
      <kind value="applicability"/>
      <expression>
        <description value="&quot;Country has a high risk of exposure to polio&quot; = TRUE"/>
        <language value="text/cql"/>
        <expression value="Should vaccinate patient for Polio (bOPV) because 2nd dose IPV given 4-8 weeks ago (High risk of exposure scenario)"/>
      </expression>
    </condition>
    <definitionCanonical value="http://fhir.org/guides/who/smart-immunization/ActivityDefinition/IMMZ.DT.03.Polio.11"/>
  </action>
  <action>
    <title value="Immunize Patient for Polio (bOPV) - 1st Dose (Third dose in 4-dose schedule) given 4-8 weeks ago"/>
    <description value="Provide 4th dose Polio (bOPV) vaccination – using the &quot;IPV-IPV-bOPV-bOPV&quot; schedule (4 doses scheme)"/>
    <condition>
      <kind value="applicability"/>
      <expression>
        <description value="&quot;Polio (bOPV) vaccine immunization history&quot; = &quot;1 dose&quot;"/>
        <language value="text/cql"/>
        <expression value="Should vaccinate patient for Polio (bOPV) because 1st dose bOPV (Third dose in 4-dose schedule) given 4-8 weeks ago"/>
      </expression>
    </condition>
    <condition>
      <kind value="applicability"/>
      <expression>
        <description value="&quot;Polio (IPV) vaccine immunization history&quot; = &quot;2 doses&quot;"/>
        <language value="text/cql"/>
        <expression value="Should vaccinate patient for Polio (bOPV) because 1st dose bOPV (Third dose in 4-dose schedule) given 4-8 weeks ago"/>
      </expression>
    </condition>
    <condition>
      <kind value="applicability"/>
      <expression>
        <description value="&quot;Date last bOPV dose given&quot; &gt;= &quot;4 weeks&quot;"/>
        <language value="text/cql"/>
        <expression value="Should vaccinate patient for Polio (bOPV) because 1st dose bOPV (Third dose in 4-dose schedule) given 4-8 weeks ago"/>
      </expression>
    </condition>
    <condition>
      <kind value="applicability"/>
      <expression>
        <description value="&quot;Date last bOPV dose given&quot; &lt;= &quot;8 weeks&quot;"/>
        <language value="text/cql"/>
        <expression value="Should vaccinate patient for Polio (bOPV) because 1st dose bOPV (Third dose in 4-dose schedule) given 4-8 weeks ago"/>
      </expression>
    </condition>
    <condition>
      <kind value="applicability"/>
      <expression>
        <description value="&quot;Sequential IPV-OPV Schedule&quot; = TRUE"/>
        <language value="text/cql"/>
        <expression value="Should vaccinate patient for Polio (bOPV) because 1st dose bOPV (Third dose in 4-dose schedule) given 4-8 weeks ago"/>
      </expression>
    </condition>
    <condition>
      <kind value="applicability"/>
      <expression>
        <description value="&quot;Country has a high risk of exposure to polio&quot; = TRUE"/>
        <language value="text/cql"/>
        <expression value="Should vaccinate patient for Polio (bOPV) because 1st dose bOPV (Third dose in 4-dose schedule) given 4-8 weeks ago"/>
      </expression>
    </condition>
    <definitionCanonical value="http://fhir.org/guides/who/smart-immunization/ActivityDefinition/IMMZ.DT.03.Polio.12"/>
  </action>
  <action>
    <title value="Immunize Patient for Polio - No Doses"/>
    <description value="Provide 1st dose Polio (IPV) vaccination – using the &quot;IPV Only&quot; schedule"/>
    <condition>
      <kind value="applicability"/>
      <expression>
        <description value="&quot;Polio (IPV) vaccine immunization history&quot; = &quot;No-doses&quot;"/>
        <language value="text/cql"/>
        <expression value="Should vaccinate patient with IPV 1st dose"/>
      </expression>
    </condition>
    <condition>
      <kind value="applicability"/>
      <expression>
        <description value="&quot;Current Patient Age in Weeks&quot; &lt;= 8"/>
        <language value="text/cql"/>
        <expression value="Should vaccinate patient with IPV 1st dose"/>
      </expression>
    </condition>
    <condition>
      <kind value="applicability"/>
      <expression>
        <description value="&quot;High Coverage of Polio and Risk of Wild Importation&quot; = TRUE"/>
        <language value="text/cql"/>
        <expression value="Should vaccinate patient with IPV 1st dose"/>
      </expression>
    </condition>
    <definitionCanonical value="http://fhir.org/guides/who/smart-immunization/ActivityDefinition/IMMZ.DT.03.Polio.13"/>
  </action>
  <action>
    <title value="Immunize Patient for Polio - 2nd dose"/>
    <description value="Provide 2nd dose Polio (IPV) vaccination - using the &quot;IPV Only&quot; schedule - minimum of 4 weeks after previous dose"/>
    <condition>
      <kind value="applicability"/>
      <expression>
        <description value="&quot;Polio (IPV) vaccine immunization history&quot; = &quot;1 dose&quot;"/>
        <language value="text/cql"/>
        <expression value="Should vaccinate patient with IPV 2nd dose"/>
      </expression>
    </condition>
    <condition>
      <kind value="applicability"/>
      <expression>
        <description value="&quot;High Coverage of Polio and Risk of Wild Importation&quot; = TRUE"/>
        <language value="text/cql"/>
        <expression value="Should vaccinate patient with IPV 2nd dose"/>
      </expression>
    </condition>
    <condition>
      <kind value="applicability"/>
      <expression>
        <description value="&quot;Date last IPV dose given&quot; &gt;= &quot;4 weeks&quot;"/>
        <language value="text/cql"/>
        <expression value="Should vaccinate patient with IPV 2nd dose"/>
      </expression>
    </condition>
    <condition>
      <kind value="applicability"/>
      <expression>
        <description value="&quot;Date last IPV dose given&quot; &lt;= &quot;8 weeks&quot;"/>
        <language value="text/cql"/>
        <expression value="Should vaccinate patient with IPV 2nd dose"/>
      </expression>
    </condition>
    <definitionCanonical value="http://fhir.org/guides/who/smart-immunization/ActivityDefinition/IMMZ.DT.03.Polio.14"/>
  </action>
  <action>
    <title value="Immunize Patient for Polio - 3rd dose"/>
    <description value="Provide 3rd dose Polio (IPV) vaccination - using the &quot;IPV Only&quot; schedule - minimum of 4 weeks after previous dose"/>
    <condition>
      <kind value="applicability"/>
      <expression>
        <description value="&quot;Polio (IPV) vaccine immunization history&quot; = &quot;2 doses&quot;"/>
        <language value="text/cql"/>
        <expression value="Should vaccinate patient with IPV 3rd dose"/>
      </expression>
    </condition>
    <condition>
      <kind value="applicability"/>
      <expression>
        <description value="&quot;High Coverage of Polio and Risk of Wild Importation&quot; = TRUE"/>
        <language value="text/cql"/>
        <expression value="Should vaccinate patient with IPV 3rd dose"/>
      </expression>
    </condition>
    <condition>
      <kind value="applicability"/>
      <expression>
        <description value="&quot;Date last IPV dose given&quot; &gt;= &quot;4 weeks&quot;"/>
        <language value="text/cql"/>
        <expression value="Should vaccinate patient with IPV 3rd dose"/>
      </expression>
    </condition>
    <condition>
      <kind value="applicability"/>
      <expression>
        <description value="&quot;Date last IPV dose given&quot; &lt;= &quot;8 weeks&quot;"/>
        <language value="text/cql"/>
        <expression value="Should vaccinate patient with IPV 3rd dose"/>
      </expression>
    </condition>
    <definitionCanonical value="http://fhir.org/guides/who/smart-immunization/ActivityDefinition/IMMZ.DT.03.Polio.15"/>
  </action>
  <action>
    <title value="Immunize Patient for Polio - 4th dose (booster)"/>
    <description value="Provide 4th dose Polio (IPV) vaccination - using the &quot;IPV Only&quot; schedule - minimum of 4 weeks after previous dose"/>
    <condition>
      <kind value="applicability"/>
      <expression>
        <description value="&quot;Polio (IPV) vaccine immunization history&quot; = &quot;3 doses&quot;"/>
        <language value="text/cql"/>
        <expression value="Should vaccinate patient with IPV 4th dose (booster)"/>
      </expression>
    </condition>
    <condition>
      <kind value="applicability"/>
      <expression>
        <description value="&quot;Age when 1st IPV dose was given&quot; &lt; &quot;8 weeks&quot;"/>
        <language value="text/cql"/>
        <expression value="Should vaccinate patient with IPV 4th dose (booster)"/>
      </expression>
    </condition>
    <condition>
      <kind value="applicability"/>
      <expression>
        <description value="&quot;Current Patient Age in Months&quot; &gt;= 6"/>
        <language value="text/cql"/>
        <expression value="Should vaccinate patient with IPV 4th dose (booster)"/>
      </expression>
    </condition>
    <condition>
      <kind value="applicability"/>
      <expression>
        <description value="&quot;High Coverage of Polio and Risk of Wild Importation&quot; = TRUE"/>
        <language value="text/cql"/>
        <expression value="Should vaccinate patient with IPV 4th dose (booster)"/>
      </expression>
    </condition>
    <definitionCanonical value="http://fhir.org/guides/who/smart-immunization/ActivityDefinition/IMMZ.DT.03.Polio.16"/>
  </action>
</PlanDefinition>