<?xml version="1.0" encoding="UTF-8"?><PlanDefinition xmlns="http://hl7.org/fhir"><id value="IMMZ.DT.06.Pneumococcal"/><url value="http://fhir.org/guides/who/smart-immunization/PlanDefinition/IMMZ.DT.06.Pneumococcal"/><version value="0.1.0"/><name value="IMMZ.DT.06.Pneumococcal"/><title value="IMMZ.DT.06.Pneumococcal"/><status value="draft"/><date value="2023-07-11T06:05:13+00:00"/><publisher value="World Health Organization (WHO)"/><description value="If child or person has not been vaccinated, give Pneumococcal vaccine minimum age 6 weeks old"/><jurisdiction><coding><system value="http://unstats.un.org/unsd/methods/m49/m49.htm"/><code value="001"/></coding></jurisdiction><library value="http://fhir.org/guides/who/smart-immunization/Library/IMMZDT06"/><action><title value="Immunize Patient for Pneumococcal"/><description value="Provide Pneumococcal immunizations"/><condition><kind value="applicability"/><expression><description value="Provision of the Pneumococcal dose"/><language value="text/cql-expression"/><expression value="Provision of the Pneumococcal dose"/></expression></condition><definitionCanonical value="http://fhir.org/guides/who/smart-immunization/ActivityDefinition/IMMZ.DT.06.Pneumococcal.01"/></action></PlanDefinition>