<?xml version="1.0" encoding="UTF-8"?><PlanDefinition xmlns="http://hl7.org/fhir"><id value="IMMZ.DT.12.YellowFever"/><url value="http://fhir.org/guides/who/smart-immunization/PlanDefinition/IMMZ.DT.12.YellowFever"/><version value="0.1.0"/><name value="IMMZ.DT.12.YellowFever"/><title value="IMMZ.DT.12.YellowFever"/><status value="draft"/><date value="2023-07-11T06:05:13+00:00"/><publisher value="World Health Organization (WHO)"/><description value="If child or person has not been vaccinated, give Yellow Fever vaccine between age 9-12 months"/><jurisdiction><coding><system value="http://unstats.un.org/unsd/methods/m49/m49.htm"/><code value="001"/></coding></jurisdiction><library value="http://fhir.org/guides/who/smart-immunization/Library/IMMZDT12"/><action><title value="Immunize Patient for Yellow Fever - No Doses"/><description value="Provide Yellow Fever immunizations"/><condition><kind value="applicability"/><expression><description value="Provision of the Yellow Fever dose"/><language value="text/cql"/><expression value="Provision of the Yellow Fever dose"/></expression></condition><definitionCanonical value="http://fhir.org/guides/who/smart-immunization/ActivityDefinition/IMMZ.DT.12.YellowFever.01"/></action></PlanDefinition>