<?xml version="1.0" encoding="UTF-8"?><PlanDefinition xmlns="http://hl7.org/fhir"><id value="IMMZ.DT.02.HepatitisB"/><url value="http://fhir.org/guides/who/smart-immunization/PlanDefinition/IMMZ.DT.02.HepatitisB"/><version value="0.1.0"/><name value="IMMZ.DT.02.HepatitisB"/><title value="IMMZ.DT.02.HepatitisB"/><status value="draft"/><date value="2023-07-11T06:05:13+00:00"/><publisher value="World Health Organization (WHO)"/><description value="If child or person has not been vaccinated, give Hepatitis B vaccine as soon as possible after birth"/><jurisdiction><coding><system value="http://unstats.un.org/unsd/methods/m49/m49.htm"/><code value="001"/></coding></jurisdiction><library value="http://fhir.org/guides/who/smart-immunization/Library/IMMZDT02"/><action><title value="Provision of the Hepatitis B dose"/><description value="Provision Hepatitis B immunization"/><condition><kind value="applicability"/><expression><description value="Provision of the HepB dose"/><language value="text/cql-expression"/><expression value="Provision of the HepB dose"/></expression></condition><definitionCanonical value="http://fhir.org/guides/who/smart-immunization/ActivityDefinition/IMMZ.DT.02.HepatitisB.01"/></action></PlanDefinition>