<?xml version="1.0" encoding="UTF-8"?><PlanDefinition xmlns="http://hl7.org/fhir"><id value="IMMZ.DT.05.Hib"/><url value="http://fhir.org/guides/who/smart-immunization/PlanDefinition/IMMZ.DT.05.Hib"/><version value="0.1.0"/><name value="IMMZ.DT.05.Hib"/><title value="IMMZ.DT.05.Hib"/><status value="draft"/><date value="2023-07-11T06:05:13+00:00"/><publisher value="World Health Organization (WHO)"/><description value="if child or person has not been vaccinated, give Hib vaccine between 6 weeks and 59 months"/><jurisdiction><coding><system value="http://unstats.un.org/unsd/methods/m49/m49.htm"/><code value="001"/></coding></jurisdiction><library value="http://fhir.org/guides/who/smart-immunization/Library/IMMZDT05"/><action><title value="Immunize Patient for Hib"/><description value="Provide Hib immunizations"/><condition><kind value="applicability"/><expression><description value="Provision of the Hib dose"/><language value="text/cql-expression"/><expression value="Provision of the Hib dose"/></expression></condition><definitionCanonical value="http://fhir.org/guides/who/smart-immunization/ActivityDefinition/IMMZ.DT.05.Hib.01"/></action></PlanDefinition>