<?xml version="1.0" encoding="UTF-8"?><PlanDefinition xmlns="http://hl7.org/fhir"><id value="IMMZ.DT.10.HPV"/><url value="http://fhir.org/guides/who/smart-immunization/PlanDefinition/IMMZ.DT.10.HPV"/><version value="0.1.0"/><name value="IMMZ.DT.10.HPV"/><title value="IMMZ.DT.10.HPV"/><status value="draft"/><date value="2023-07-11T06:05:13+00:00"/><publisher value="World Health Organization (WHO)"/><description value="If child or person has not been vaccinated, give HPV vaccine according to the defined schedule"/><jurisdiction><coding><system value="http://unstats.un.org/unsd/methods/m49/m49.htm"/><code value="001"/></coding></jurisdiction><library value="http://fhir.org/guides/who/smart-immunization/Library/IMMZDT10"/><action><title value="Immunize Patient for HPV"/><description value="Provide HPV immunizations"/><condition><kind value="applicability"/><expression><description value="Provision of the HPV dose"/><language value="text/cql"/><expression value="Provision of the HPV dose"/></expression></condition><definitionCanonical value="http://fhir.org/guides/who/smart-immunization/ActivityDefinition/IMMZ.DT.10.HPV.01"/></action></PlanDefinition>