<?xml version="1.0" encoding="UTF-8"?><PlanDefinition xmlns="http://hl7.org/fhir"><id value="IMMZ.DT.22.Varicella"/><url value="http://fhir.org/guides/who/smart-immunization/PlanDefinition/IMMZ.DT.22.Varicella"/><version value="0.1.0"/><name value="IMMZ.DT.22.Varicella"/><title value="IMMZ.DT.22.Varicella"/><status value="draft"/><date value="2023-07-11T06:05:13+00:00"/><publisher value="World Health Organization (WHO)"/><description value="If child or person has not been vaccinated against Varicella"/><jurisdiction><coding><system value="http://unstats.un.org/unsd/methods/m49/m49.htm"/><code value="001"/></coding></jurisdiction><library value="http://fhir.org/guides/who/smart-immunization/Library/IMMZDT22"/><action><title value="Immunize Patient for Varicella- No Doses"/><description value="Provide Varicella immunizations – using the &quot;Varicella vaccine immunization – NO PREVIOUS&quot; schedule (2 dose scheme)"/><condition><kind value="applicability"/><expression><description value="&quot;Varicella vaccine immunization history&quot; = &quot;No-doses&quot;"/><language value="text/cql"/><expression value="Should vaccinate patient with Varicella vaccine because no doses in a 2 dose scheme"/></expression></condition><condition><kind value="applicability"/><expression><description value="&quot;Current Patient Age in Months&quot; &gt;= 12"/><language value="text/cql"/><expression value="Should vaccinate patient with Varicella vaccine because no doses in a 2 dose scheme"/></expression></condition><condition><kind value="applicability"/><expression><description value="&quot;Pregnancy Status&quot; = FALSE"/><language value="text/cql"/><expression value="Should vaccinate patient with Varicella vaccine because no doses in a 2 dose scheme"/></expression></condition><condition><kind value="applicability"/><expression><description value="&quot;Country recognizes Varicella an important public health burden&quot; = TRUE"/><language value="text/cql"/><expression value="Should vaccinate patient with Varicella vaccine because no doses in a 2 dose scheme"/></expression></condition><definitionCanonical value="http://fhir.org/guides/who/smart-immunization/ActivityDefinition/IMMZ.DT.22.Varicella.01"/></action><action><title value="Immunize Patient for Varicella -  1st dose given between 4 weeks and 3 months ago"/><description value="Provide Varicella immunizations – using the &quot;Varicella vaccine immunization – 1 PREVIOUS&quot; schedule (2 dose scheme)"/><condition><kind value="applicability"/><expression><description value="&quot;Varicella vaccine immunization history&quot; = &quot;1 dose&quot;"/><language value="text/cql"/><expression value="Should vaccinate patient with Varicella vaccine because 1 dose given 4 weeks ago in a 2 dose scheme"/></expression></condition><condition><kind value="applicability"/><expression><description value="&quot;Date last Varicella dose given&quot; &gt;= &quot;4 weeks&quot;"/><language value="text/cql"/><expression value="Should vaccinate patient with Varicella vaccine because 1 dose given 4 weeks ago in a 2 dose scheme"/></expression></condition><condition><kind value="applicability"/><expression><description value="&quot;Pregnancy Status&quot; = FALSE"/><language value="text/cql"/><expression value="Should vaccinate patient with Varicella vaccine because 1 dose given 4 weeks ago in a 2 dose scheme"/></expression></condition><definitionCanonical value="http://fhir.org/guides/who/smart-immunization/ActivityDefinition/IMMZ.DT.22.Varicella.02"/></action></PlanDefinition>