<?xml version="1.0" encoding="UTF-8"?><PlanDefinition xmlns="http://hl7.org/fhir"><id value="IMMZ.DT.19.Dengue"/><url value="http://fhir.org/guides/who/smart-immunization/PlanDefinition/IMMZ.DT.19.Dengue"/><version value="0.1.0"/><name value="IMMZ.DT.19.Dengue"/><title value="IMMZ.DT.19.Dengue"/><status value="draft"/><date value="2023-07-11T06:05:13+00:00"/><publisher value="World Health Organization (WHO)"/><description value="If child or person has not been vaccinated, give Dengue vaccine between 9 and 45 years of age"/><jurisdiction><coding><system value="http://unstats.un.org/unsd/methods/m49/m49.htm"/><code value="001"/></coding></jurisdiction><library value="http://fhir.org/guides/who/smart-immunization/Library/IMMZDT19"/><action><title value="Immunize Patient for Dengue - No Doses at 9 years old"/><description value="Provide Dengue immunizations – using the &quot;Dengue vaccine immunization – NO PREVIOUS&quot; schedule (3 dose scheme)"/><condition><kind value="applicability"/><expression><description value="&quot;Dengue vaccine immunization history&quot; = &quot;No-doses&quot;"/><language value="text/cql"/><expression value="Should vaccinate patient for Dengue because no doses at 9 years old in a 3 dose scheme"/></expression></condition><condition><kind value="applicability"/><expression><description value="&quot;Current Patient Age in Years&quot; &gt;= 9"/><language value="text/cql"/><expression value="Should vaccinate patient for Dengue because no doses at 9 years old in a 3 dose scheme"/></expression></condition><condition><kind value="applicability"/><expression><description value="&quot;Current Patient Age in Years&quot; &lt;= 45"/><language value="text/cql"/><expression value="Should vaccinate patient for Dengue because no doses at 9 years old in a 3 dose scheme"/></expression></condition><condition><kind value="applicability"/><expression><description value="&quot;Pregnancy Status&quot; = FALSE"/><language value="text/cql"/><expression value="Should vaccinate patient for Dengue because no doses at 9 years old in a 3 dose scheme"/></expression></condition><condition><kind value="applicability"/><expression><description value="&quot;Individual is Seronegative for Dengue&quot; = FALSE"/><language value="text/cql"/><expression value="Should vaccinate patient for Dengue because no doses at 9 years old in a 3 dose scheme"/></expression></condition><definitionCanonical value="http://fhir.org/guides/who/smart-immunization/ActivityDefinition/IMMZ.DT.19.Dengue.01"/></action><action><title value="Immunize Patient for Dengue - 1 Dose given 6 months ago"/><description value="Provide Dengue immunizations – using the &quot;Dengue vaccine immunization – 1 PREVIOUS&quot; schedule (3 dose scheme)"/><condition><kind value="applicability"/><expression><description value="&quot;Dengue vaccine immunization history&quot; = &quot;1 dose&quot;"/><language value="text/cql"/><expression value="Should vaccinate patient for Dengue because 1st dose given 6 months ago in a 3 dose scheme"/></expression></condition><condition><kind value="applicability"/><expression><description value="&quot;Date last Dengue dose given&quot; &gt;= &quot;6 months&quot;"/><language value="text/cql"/><expression value="Should vaccinate patient for Dengue because 1st dose given 6 months ago in a 3 dose scheme"/></expression></condition><condition><kind value="applicability"/><expression><description value="&quot;Pregnancy Status&quot; = FALSE"/><language value="text/cql"/><expression value="Should vaccinate patient for Dengue because 1st dose given 6 months ago in a 3 dose scheme"/></expression></condition><condition><kind value="applicability"/><expression><description value="&quot;Individual is Seronegative for Dengue&quot; = FALSE"/><language value="text/cql"/><expression value="Should vaccinate patient for Dengue because 1st dose given 6 months ago in a 3 dose scheme"/></expression></condition><definitionCanonical value="http://fhir.org/guides/who/smart-immunization/ActivityDefinition/IMMZ.DT.19.Dengue.02"/></action><action><title value="Immunize Patient for Dengue - 2 Doses given 6 months ago"/><description value="Provide Dengue immunizations – using the &quot;Dengue vaccine immunization – 2 PREVIOUS&quot; schedule (3 dose scheme)"/><condition><kind value="applicability"/><expression><description value="&quot;Dengue vaccine immunization history&quot; = &quot;2 doses&quot;"/><language value="text/cql"/><expression value="Should vaccinate patient for Dengue because 2nd dose given 6 months ago in a 3 dose scheme"/></expression></condition><condition><kind value="applicability"/><expression><description value="&quot;Date last Dengue dose given&quot; &gt;= &quot;6 months&quot;"/><language value="text/cql"/><expression value="Should vaccinate patient for Dengue because 2nd dose given 6 months ago in a 3 dose scheme"/></expression></condition><condition><kind value="applicability"/><expression><description value="&quot;Pregnancy Status&quot; = FALSE"/><language value="text/cql"/><expression value="Should vaccinate patient for Dengue because 2nd dose given 6 months ago in a 3 dose scheme"/></expression></condition><condition><kind value="applicability"/><expression><description value="&quot;Individual is Seronegative for Dengue&quot; = FALSE"/><language value="text/cql"/><expression value="Should vaccinate patient for Dengue because 2nd dose given 6 months ago in a 3 dose scheme"/></expression></condition><definitionCanonical value="http://fhir.org/guides/who/smart-immunization/ActivityDefinition/IMMZ.DT.19.Dengue.03"/></action></PlanDefinition>