<?xml version="1.0" encoding="UTF-8"?><PlanDefinition xmlns="http://hl7.org/fhir"><id value="IMMZ.DT.08.Measles"/><url value="http://fhir.org/guides/who/smart-immunization/PlanDefinition/IMMZ.DT.08.Measles"/><version value="0.1.0"/><name value="IMMZ.DT.08.Measles"/><title value="IMMZ.DT.08.Measles"/><status value="draft"/><date value="2023-07-11T06:05:13+00:00"/><publisher value="World Health Organization (WHO)"/><description value="If the child or patient has not been given MCV1 (at 9 months) and MCV2 (between 15-18 months) vaccination"/><jurisdiction><coding><system value="http://unstats.un.org/unsd/methods/m49/m49.htm"/><code value="001"/></coding></jurisdiction><library value="http://fhir.org/guides/who/smart-immunization/Library/IMMZDT08"/><action><title value="Immunize patient for Measles"/><description value="Provide measles immunization"/><condition><kind value="applicability"/><expression><description value="Provision of the MCV dose"/><language value="text/cql-expression"/><expression value="Provision of the MCV dose"/></expression></condition><definitionCanonical value="http://fhir.org/guides/who/smart-immunization/ActivityDefinition/IMMZ.DT.08.Measles.01"/></action></PlanDefinition>