<?xml version="1.0" encoding="UTF-8"?><ActivityDefinition xmlns="http://hl7.org/fhir"><id value="IMMZ.DT.08.Measles.12"/><meta><profile value="http://hl7.org/fhir/uv/cpg/StructureDefinition/cpg-immunizationactivity"/></meta><url value="http://fhir.org/guides/who/smart-immunization/ActivityDefinition/IMMZ.DT.08.Measles.12"/><version value="0.1.0"/><title value="IMMZ.DT.08.Measles.12"/><status value="draft"/><experimental value="true"/><date value="2022-05-06T12:05:48.3803361-04:00"/><publisher value="World Health Organization (WHO)"/><contact><telecom><system value="url"/><value value="https://who.int"/></telecom></contact><description value="Provide measles immunization supplimentary dose - Using the &quot;MCV Vaccine immunization&quot; schedule (additional supplimentary dose)"/><jurisdiction><coding><system value="http://unstats.un.org/unsd/methods/m49/m49.htm"/><code value="001"/></coding></jurisdiction><kind value="ImmunizationRecommendation"/><code><coding><system value="http://snomed.info/sct"/><code value="33879002"/><display value="Administration of vaccine to produce active immunity"/></coding></code><intent value="proposal"/><doNotPerform value="false"/></ActivityDefinition>