<?xml version="1.0" encoding="UTF-8"?><PlanDefinition xmlns="http://hl7.org/fhir"><id value="IMMZ.DT.01.BCG"/><url value="http://fhir.org/guides/who/smart-immunization/PlanDefinition/IMMZ.DT.01.BCG"/><version value="0.1.0"/><name value="IMMZ.DT.01.BCG"/><title value="IMMZ.DT.01.BCG"/><status value="draft"/><date value="2023-04-01T05:56:31+00:00"/><publisher value="World Health Organization (WHO)"/><description value="If child or person has not been vaccinated, give BCG vaccine as soon as possible after birth"/><jurisdiction><coding><system value="http://unstats.un.org/unsd/methods/m49/m49.htm"/><code value="001"/></coding></jurisdiction><library value="http://fhir.org/guides/who/smart-immunization/Library/IMMZDT01"/><action><title value="Immunize Patient for BCG - TST-negative"/><description value="Provide BCG immunizations – using the &quot;BCG vaccine immunization – NO PREVIOUS&quot; schedule (1 dose scheme)"/><condition><kind value="applicability"/><expression><description value="&quot;TST Test Result&quot; = &quot;TST-negative&quot;"/><language value="text/cql"/><expression value="Should vaccinate patient for BCG"/></expression></condition><condition><kind value="applicability"/><expression><description value="&quot;High incidence of TB and/or high leprosy burden&quot; = TRUE"/><language value="text/cql"/><expression value="Should vaccinate patient for BCG"/></expression></condition><definitionCanonical value="http://fhir.org/guides/who/smart-immunization/ActivityDefinition/IMMZ.DT.01.BCG.01"/></action><action><title value="Immunize Patient for BCG - IGRA-negative"/><description value="Provide BCG immunizations – using the &quot;BCG vaccine immunization – NO PREVIOUS&quot; schedule (1 dose scheme)"/><condition><kind value="applicability"/><expression><description value="&quot;IGRA Test Result&quot; = &quot;IGRA-negative&quot;"/><language value="text/cql"/><expression value="Should vaccinate patient for BCG"/></expression></condition><condition><kind value="applicability"/><expression><description value="&quot;High incidence &#xA;of TB and/or high leprosy burden&quot; = TRUE"/><language value="text/cql"/><expression value="Should vaccinate patient for BCG"/></expression></condition><definitionCanonical value="http://fhir.org/guides/who/smart-immunization/ActivityDefinition/IMMZ.DT.01.BCG.02"/></action><action><title value="Immunize Patient for BCG - No Doses"/><description value="Provide BCG immunizations – using the &quot;BCG vaccine immunization – NO PREVIOUS&quot; schedule (1 dose scheme)"/><condition><kind value="applicability"/><expression><description value="&quot;BCG vaccine immunization history&quot; = &quot;No-doses&quot;"/><language value="text/cql"/><expression value="Should vaccinate patient for BCG"/></expression></condition><condition><kind value="applicability"/><expression><description value="&quot;High incidence &#xA;of TB and/or high leprosy burden&quot; = TRUE"/><language value="text/cql"/><expression value="Should vaccinate patient for BCG"/></expression></condition><definitionCanonical value="http://fhir.org/guides/who/smart-immunization/ActivityDefinition/IMMZ.DT.01.BCG.03"/></action><action><title value="Immunize Patient for BCG - History Unknown"/><description value="Provide BCG immunizations – using the &quot;BCG vaccine immunization – NO PREVIOUS&quot; schedule (1 dose scheme)"/><condition><kind value="applicability"/><expression><description value="&quot;BCG vaccine immunization history&quot; = &quot;Unknown&quot;"/><language value="text/cql"/><expression value="Should vaccinate patient for BCG"/></expression></condition><condition><kind value="applicability"/><expression><description value="&quot;High incidence &#xA;of TB and/or high leprosy burden&quot; = TRUE"/><language value="text/cql"/><expression value="Should vaccinate patient for BCG"/></expression></condition><definitionCanonical value="http://fhir.org/guides/who/smart-immunization/ActivityDefinition/IMMZ.DT.01.BCG.04"/></action><action><title value="Immunize Patient for BCG - No Doses and HIV Status Positive and immunicologically stable"/><description value="Provide BCG immunizations – using the &quot;BCG vaccine immunization – NO PREVIOUS&quot; schedule (1 dose scheme) if CD4% &gt;25% for children aged &lt;5 years or CD4 count ≥200 if aged &gt;5  years"/><condition><kind value="applicability"/><expression><description value="&quot;BCG vaccine immunization history&quot; = &quot;No-doses&quot;"/><language value="text/cql"/><expression value="Should vaccinate patient for BCG"/></expression></condition><condition><kind value="applicability"/><expression><description value="&quot;HIV Status&quot; = &quot;Positive&quot;"/><language value="text/cql"/><expression value="Should vaccinate patient for BCG"/></expression></condition><condition><kind value="applicability"/><expression><description value="&quot;CD4%&quot; &gt;&quot;25%&quot;"/><language value="text/cql"/><expression value="Should vaccinate patient for BCG"/></expression></condition><condition><kind value="applicability"/><expression><description value="&quot;Current Patient Age in Years&quot; &lt; 5"/><language value="text/cql"/><expression value="Should vaccinate patient for BCG"/></expression></condition><condition><kind value="applicability"/><expression><description value="&quot;High incidence &#xA;of TB and/or high leprosy burden&quot; = TRUE"/><language value="text/cql"/><expression value="Should vaccinate patient for BCG"/></expression></condition><definitionCanonical value="http://fhir.org/guides/who/smart-immunization/ActivityDefinition/IMMZ.DT.01.BCG.05"/></action></PlanDefinition>