<?xml version="1.0" encoding="UTF-8"?><PlanDefinition xmlns="http://hl7.org/fhir"><id value="IMMZ.DT.18.Rabies"/><url value="http://fhir.org/guides/who/smart-immunization/PlanDefinition/IMMZ.DT.18.Rabies"/><version value="0.1.0"/><name value="IMMZ.DT.18.Rabies"/><title value="IMMZ.DT.18.Rabies"/><status value="draft"/><date value="2023-04-01T05:56:31+00:00"/><publisher value="World Health Organization (WHO)"/><description value="If patient has not been vaccinated, give Rabies vaccine"/><jurisdiction><coding><system value="http://unstats.un.org/unsd/methods/m49/m49.htm"/><code value="001"/></coding></jurisdiction><library value="http://fhir.org/guides/who/smart-immunization/Library/IMMZDT18"/><action><title value="Immunize Patient for Rabies (PrEP strategy) - No Doses"/><description value="Provide Rabies immunizations – using the &quot;PrEP vaccination strategy – NO PREVIOUS&quot; schedule (2 dose scheme)"/><condition><kind value="applicability"/><expression><description value="&quot;Rabies vaccine immunization history&quot; = &quot;No-doses&quot;"/><language value="text/cql"/><expression value="Should vaccinate patient with Rabies vaccine (PrEP strategy) on 2 dose scheme"/></expression></condition><condition><kind value="applicability"/><expression><description value="&quot;Individual is at high risk of RABV exposure&quot; = TRUE"/><language value="text/cql"/><expression value="Should vaccinate patient with Rabies vaccine (PrEP strategy) on 2 dose scheme"/></expression></condition><definitionCanonical value="http://fhir.org/guides/who/smart-immunization/ActivityDefinition/IMMZ.DT.18.Rabies.01"/></action><action><title value="Immunize Patient for Rabies (PrEP strategy) - 1 Dose"/><description value="Provide Rabies immunizations – using the &quot;PrEP vaccination strategy – 1 PREVIOUS&quot; schedule (2 dose scheme)"/><condition><kind value="applicability"/><expression><description value="&quot;Rabies vaccine immunization history&quot; = &quot;1 dose&quot;"/><language value="text/cql"/><expression value="Should vaccinate patient with Rabies vaccine (PrEP strategy) on 2 dose scheme"/></expression></condition><condition><kind value="applicability"/><expression><description value="&quot;Date last Rabies dose given&quot; &gt;= &quot;7 days&quot;"/><language value="text/cql"/><expression value="Should vaccinate patient with Rabies vaccine (PrEP strategy) on 2 dose scheme"/></expression></condition><definitionCanonical value="http://fhir.org/guides/who/smart-immunization/ActivityDefinition/IMMZ.DT.18.Rabies.02"/></action><action><title value="Immunize Patient for Rabies vaccine Booster (PrEP strategy)"/><description value="Provide Rabies immunizations – using the &quot;PrEP vaccination strategy – BOOSTER&quot; schedule (1 dose booster)"/><condition><kind value="applicability"/><expression><description value="&quot;Individual has continual or frequent risk of exposure (i.e. occupational)&quot; = TRUE"/><language value="text/cql"/><expression value="Should vaccinate patient with Rabies vaccine Booster (PrEP strategy)"/></expression></condition><condition><kind value="applicability"/><expression><description value="&quot;VNA levels&quot; &lt; &quot;0.5 IU/mL&quot;"/><language value="text/cql"/><expression value="Should vaccinate patient with Rabies vaccine Booster (PrEP strategy)"/></expression></condition><definitionCanonical value="http://fhir.org/guides/who/smart-immunization/ActivityDefinition/IMMZ.DT.18.Rabies.03"/></action></PlanDefinition>