<?xml version="1.0" encoding="UTF-8"?><PlanDefinition xmlns="http://hl7.org/fhir"><id value="IMMZ.DT.08.Measles"/><url value="http://fhir.org/guides/who/smart-immunization/PlanDefinition/IMMZ.DT.08.Measles"/><version value="0.1.0"/><name value="IMMZ.DT.08.Measles"/><title value="IMMZ.DT.08.Measles"/><status value="draft"/><date value="2023-04-01T05:56:31+00:00"/><publisher value="World Health Organization (WHO)"/><description value="If the child or patient has not been given MCV1 (at 9 months) and MCV2 (between 15-18 months) vaccination"/><jurisdiction><coding><system value="http://unstats.un.org/unsd/methods/m49/m49.htm"/><code value="001"/></coding></jurisdiction><library value="http://fhir.org/guides/who/smart-immunization/Library/IMMZDT08"/><action><title value="Immunize patient for Measles - No doses"/><description value="Provide measles immunization supplimentary dose - Using the &quot;MCV0 Vaccine immunization - NO Previous&quot; schedule (supplimentary dose zero)"/><condition><kind value="applicability"/><expression><description value="&quot;Measles vaccine immunization history&quot; = &quot;No-doses&quot;"/><language value="text/cql"/><expression value="Should vaccinate patient for measles (supplimentary) because no doses"/></expression></condition><condition><kind value="applicability"/><expression><description value="&quot;Current Patient Age in Months&quot; &gt; 6"/><language value="text/cql"/><expression value="Should vaccinate patient for measles (supplimentary) because no doses"/></expression></condition><condition><kind value="applicability"/><expression><description value="&quot;HIV Status&quot; = &quot;Positive&quot;"/><language value="text/cql"/><expression value="Should vaccinate patient for measles (supplimentary) because no doses"/></expression></condition><condition><kind value="applicability"/><expression><description value="&quot;Current Patient Age in Months&quot; &lt; 9"/><language value="text/cql"/><expression value="Should vaccinate patient for measles (supplimentary) because no doses"/></expression></condition><condition><kind value="applicability"/><expression><description value="&quot;Patient is receiving HAART&quot; = FALSE"/><language value="text/cql"/><expression value="Should vaccinate patient for measles (supplimentary) because no doses"/></expression></condition><definitionCanonical value="http://fhir.org/guides/who/smart-immunization/ActivityDefinition/IMMZ.DT.08.Measles.01"/></action><action><title value="Immunize patient for Measles - No doses"/><description value="Provide measles immunization 1st dose - Using the &quot;MCV1 Vaccine immunization - NO Previous&quot; schedule (2 doses scheme)"/><condition><kind value="applicability"/><expression><description value="&quot;Measles vaccine immunization history&quot; = &quot;No-doses&quot;"/><language value="text/cql"/><expression value="Should vaccinate patient for measles because no doses in a 2 dose scheme"/></expression></condition><condition><kind value="applicability"/><expression><description value="&quot;Current Patient Age in Months&quot; &gt;= 9"/><language value="text/cql"/><expression value="Should vaccinate patient for measles because no doses in a 2 dose scheme"/></expression></condition><condition><kind value="applicability"/><expression><description value="&quot;In a setting where there is high transmission of Measles&quot; = TRUE"/><language value="text/cql"/><expression value="Should vaccinate patient for measles because no doses in a 2 dose scheme"/></expression></condition><condition><kind value="applicability"/><expression><description value="&quot;Pregnancy Status&quot; = FALSE"/><language value="text/cql"/><expression value="Should vaccinate patient for measles because no doses in a 2 dose scheme"/></expression></condition><definitionCanonical value="http://fhir.org/guides/who/smart-immunization/ActivityDefinition/IMMZ.DT.08.Measles.08"/></action><action><title value="Immunize patient for Measles - 1 Dose"/><description value="Provide measles immunization 1st dose - Using the &quot;MCV2 Vaccine immunization - 1 Previous&quot; schedule (2 doses scheme)"/><condition><kind value="applicability"/><expression><description value="&quot;Measles vaccine immunization history&quot; = &quot;1 dose&quot;"/><language value="text/cql"/><expression value="Should vaccinate patient for measles because 1 dose in a 2 dose scheme"/></expression></condition><condition><kind value="applicability"/><expression><description value="&quot;Current Patient Age in Months&quot; &gt;= 15"/><language value="text/cql"/><expression value="Should vaccinate patient for measles because 1 dose in a 2 dose scheme"/></expression></condition><condition><kind value="applicability"/><expression><description value="&quot;Date last Measles dose given&quot; &gt;= &quot;4 weeks&quot;"/><language value="text/cql"/><expression value="Should vaccinate patient for measles because 1 dose in a 2 dose scheme"/></expression></condition><condition><kind value="applicability"/><expression><description value="&quot;Pregnancy Status&quot; = FALSE"/><language value="text/cql"/><expression value="Should vaccinate patient for measles because 1 dose in a 2 dose scheme"/></expression></condition><definitionCanonical value="http://fhir.org/guides/who/smart-immunization/ActivityDefinition/IMMZ.DT.08.Measles.10"/></action><action><title value="Immunize patient for Measles supplimentary"/><description value="Provide measles immunization supplimentary dose - Using the &quot;MCV Vaccine immunization&quot; schedule (additional supplimentary dose)"/><condition><kind value="applicability"/><expression><description value="&quot;HIV Status&quot; = &quot;Positive&quot;"/><language value="text/cql"/><expression value="Should vaccinate patient for measles supplimentary dose because HIV positive and started HAART"/></expression></condition><condition><kind value="applicability"/><expression><description value="&quot;Patient is receiving HAART&quot; = TRUE"/><language value="text/cql"/><expression value="Should vaccinate patient for measles supplimentary dose because HIV positive and started HAART"/></expression></condition><condition><kind value="applicability"/><expression><description value="&quot;Immune reconstitution was achieved&quot; = TRUE"/><language value="text/cql"/><expression value="Should vaccinate patient for measles supplimentary dose because HIV positive and started HAART"/></expression></condition><condition><kind value="applicability"/><expression><description value="&quot;Pregnancy Status&quot; = FALSE"/><language value="text/cql"/><expression value="Should vaccinate patient for measles supplimentary dose because HIV positive and started HAART"/></expression></condition><definitionCanonical value="http://fhir.org/guides/who/smart-immunization/ActivityDefinition/IMMZ.DT.08.Measles.11"/></action></PlanDefinition>