<?xml version="1.0" encoding="UTF-8"?><ValueSet xmlns="http://hl7.org/fhir"><id value="ViPSClassTyphoidVaccine-values"/><text><status value="generated"/><div xmlns="http://www.w3.org/1999/xhtml"><p>This value set includes codes based on the following rules:</p><ul><li>Include these codes as defined in <a href="http://www.snomed.org/"><code>http://snomed.info/sct</code></a><table class="none"><tr><td style="white-space:nowrap"><b>Code</b></td><td><b>Display</b></td></tr><tr><td><a href="http://snomed.info/id/871755002">871755002</a></td><td> Vaccine product containing only Salmonella enterica subspecies enterica serovar Typhi capsular polysaccharide Vi antigen (medicinal product)</td></tr></table></li><li>Include these codes as defined in <code>http://hl7.org/fhir/sid/icd-11</code><table class="none"><tr><td style="white-space:nowrap"><b>Code</b></td><td><b>Display</b></td></tr><tr><td>XM8BU8</td><td>Typhoid vaccines</td></tr></table></li></ul></div></text><url value="http://fhir.org/guides/who/smart-immunization/ValueSet/ViPSClassTyphoidVaccine-values"/><version value="0.1.0"/><name value="ViPSClassTyphoidVaccinevalues"/><title value="ViPS Class Typhoid Vaccine values"/><status value="draft"/><experimental value="false"/><date value="2023-04-01T05:56:31+00:00"/><publisher value="World Health Organization (WHO)"/><description value="Codes representing ViPS Class Typhoid Vaccine values"/><jurisdiction><coding><system value="http://unstats.un.org/unsd/methods/m49/m49.htm"/><code value="001"/></coding></jurisdiction><immutable value="true"/><compose><include><system value="http://snomed.info/sct"/><concept><code value="871755002"/><display value=" Vaccine product containing only Salmonella enterica subspecies enterica serovar Typhi capsular polysaccharide Vi antigen (medicinal product)"/></concept></include><include><system value="http://hl7.org/fhir/sid/icd-11"/><concept><code value="XM8BU8"/><display value="Typhoid vaccines"/></concept></include></compose></ValueSet>