<?xml version="1.0" encoding="UTF-8"?><ValueSet xmlns="http://hl7.org/fhir"><id value="WCClassCholeraVaccine-values"/><text><status value="generated"/><div xmlns="http://www.w3.org/1999/xhtml"><ul><li>Include these codes as defined in <a href="http://www.snomed.org/"><code>http://snomed.info/sct</code></a><table class="none"><tr><td style="white-space:nowrap"><b>Code</b></td><td><b>Display</b></td></tr><tr><td><a href="http://snomed.info/id/991000221105">991000221105</a></td><td>Vaccine product containing only Vibrio cholerae antigen (medicinal product)</td></tr></table></li></ul></div></text><url value="http://fhir.org/guides/who/smart-immunization/ValueSet/WCClassCholeraVaccine-values"/><version value="0.1.0"/><name value="WCClassCholeraVaccinevalues"/><title value="WC Class Cholera Vaccine values"/><status value="draft"/><experimental value="false"/><date value="2023-04-01T05:56:31+00:00"/><publisher value="World Health Organization (WHO)"/><description value="Codes representing WC Class Cholera Vaccine values"/><jurisdiction><coding><system value="http://unstats.un.org/unsd/methods/m49/m49.htm"/><code value="001"/></coding></jurisdiction><immutable value="true"/><compose><include><system value="http://snomed.info/sct"/><concept><code value="991000221105"/><display value="Vaccine product containing only Vibrio cholerae antigen (medicinal product)"/></concept></include></compose></ValueSet>