[
  {
    "id" : "consenttocontact",
    "type" : "StructureDefinition",
    "url" : "http://fhir.org/guides/who/core/StructureDefinition/consenttocontact",
    "version" : "0.1.0",
    "name" : "consentToContact"
  },
  {
    "id" : "educationlevel",
    "type" : "StructureDefinition",
    "url" : "http://fhir.org/guides/who/core/StructureDefinition/educationlevel",
    "version" : "0.1.0",
    "name" : "educationLevel"
  },
  {
    "id" : "estimatedage",
    "type" : "StructureDefinition",
    "url" : "http://fhir.org/guides/who/core/StructureDefinition/estimatedage",
    "version" : "0.1.0",
    "name" : "estimatedAge"
  },
  {
    "id" : "insurance",
    "type" : "StructureDefinition",
    "url" : "http://fhir.org/guides/who/core/StructureDefinition/insurance",
    "version" : "0.1.0",
    "name" : "insurance"
  },
  {
    "id" : "method",
    "type" : "StructureDefinition",
    "url" : "http://fhir.org/guides/who/core/StructureDefinition/method",
    "version" : "0.1.0",
    "name" : "method"
  },
  {
    "id" : "occupation",
    "type" : "StructureDefinition",
    "url" : "http://fhir.org/guides/who/core/StructureDefinition/occupation",
    "version" : "0.1.0",
    "name" : "Occupation"
  },
  {
    "id" : "reminder",
    "type" : "StructureDefinition",
    "url" : "http://fhir.org/guides/who/core/StructureDefinition/reminder",
    "version" : "0.1.0",
    "name" : "reminder"
  },
  {
    "id" : "requestertype",
    "type" : "StructureDefinition",
    "url" : "http://fhir.org/guides/who/core/StructureDefinition/requestertype",
    "version" : "0.1.0",
    "name" : "requesterType"
  },
  {
    "id" : "stage",
    "type" : "StructureDefinition",
    "url" : "http://fhir.org/guides/who/core/StructureDefinition/stage",
    "version" : "0.1.0",
    "name" : "stage"
  },
  {
    "id" : "IMMZ.DT.01.BCG.01",
    "type" : "ActivityDefinition",
    "url" : "http://fhir.org/guides/who/smart-immunization/ActivityDefinition/IMMZ.DT.01.BCG.01",
    "version" : "0.1.0"
  },
  {
    "id" : "IMMZ.DT.02.HepatitisB.01",
    "type" : "ActivityDefinition",
    "url" : "http://fhir.org/guides/who/smart-immunization/ActivityDefinition/IMMZ.DT.02.HepatitisB.01",
    "version" : "0.1.0"
  },
  {
    "id" : "IMMZ.DT.03.Polio.bOPV",
    "type" : "ActivityDefinition",
    "url" : "http://fhir.org/guides/who/smart-immunization/ActivityDefinition/IMMZ.DT.03.Polio.01",
    "version" : "0.1.0"
  },
  {
    "id" : "IMMZ.DT.03.Polio.IPV",
    "type" : "ActivityDefinition",
    "url" : "http://fhir.org/guides/who/smart-immunization/ActivityDefinition/IMMZ.DT.03.Polio.01",
    "version" : "0.1.0"
  },
  {
    "id" : "IMMZ.DT.04.DTP.01",
    "type" : "ActivityDefinition",
    "url" : "http://fhir.org/guides/who/smart-immunization/ActivityDefinition/IMMZ.DT.04.DTP.01",
    "version" : "0.1.0"
  },
  {
    "id" : "IMMZ.DT.05.Hib.01",
    "type" : "ActivityDefinition",
    "url" : "http://fhir.org/guides/who/smart-immunization/ActivityDefinition/IMMZ.DT.05.Hib.01",
    "version" : "0.1.0"
  },
  {
    "id" : "IMMZ.DT.06.Pneumococcal.01",
    "type" : "ActivityDefinition",
    "url" : "http://fhir.org/guides/who/smart-immunization/ActivityDefinition/IMMZ.DT.06.Pneumococcal.01",
    "version" : "0.1.0"
  },
  {
    "id" : "IMMZ.DT.07.Rotavirus.01",
    "type" : "ActivityDefinition",
    "url" : "http://fhir.org/guides/who/smart-immunization/ActivityDefinition/IMMZ.DT.07.Rotavirus.01",
    "version" : "0.1.0"
  },
  {
    "id" : "IMMZ.DT.08.Measles.01",
    "type" : "ActivityDefinition",
    "url" : "http://fhir.org/guides/who/smart-immunization/ActivityDefinition/IMMZ.DT.08.Measles.01",
    "version" : "0.1.0"
  },
  {
    "id" : "IMMZ.DT.09.Rubella.01",
    "type" : "ActivityDefinition",
    "url" : "http://fhir.org/guides/who/smart-immunization/ActivityDefinition/IMMZ.DT.09.Rubella.01",
    "version" : "0.1.0"
  },
  {
    "id" : "IMMZ.DT.10.HPV.01",
    "type" : "ActivityDefinition",
    "url" : "http://fhir.org/guides/who/smart-immunization/ActivityDefinition/IMMZ.DT.10.HPV.01",
    "version" : "0.1.0"
  },
  {
    "id" : "IMMZ.DT.11.JE.01",
    "type" : "ActivityDefinition",
    "url" : "http://fhir.org/guides/who/smart-immunization/ActivityDefinition/IMMZ.DT.11.JE.01",
    "version" : "0.1.0"
  },
  {
    "id" : "IMMZ.DT.12.YellowFever.01",
    "type" : "ActivityDefinition",
    "url" : "http://fhir.org/guides/who/smart-immunization/ActivityDefinition/IMMZ.DT.12.YellowFever.01",
    "version" : "0.1.0"
  },
  {
    "id" : "IMMZ.DT.13.TBE.01",
    "type" : "ActivityDefinition",
    "url" : "http://fhir.org/guides/who/smart-immunization/ActivityDefinition/IMMZ.DT.13.TBE.01",
    "version" : "0.1.0"
  },
  {
    "id" : "IMMZ.DT.14.Typhoid.01",
    "type" : "ActivityDefinition",
    "url" : "http://fhir.org/guides/who/smart-immunization/ActivityDefinition/IMMZ.DT.14.Typhoid.01",
    "version" : "0.1.0"
  },
  {
    "id" : "IMMZ.DT.14.Typhoid.02",
    "type" : "ActivityDefinition",
    "url" : "http://fhir.org/guides/who/smart-immunization/ActivityDefinition/IMMZ.DT.14.Typhoid.02",
    "version" : "0.1.0"
  },
  {
    "id" : "IMMZ.DT.14.Typhoid.03",
    "type" : "ActivityDefinition",
    "url" : "http://fhir.org/guides/who/smart-immunization/ActivityDefinition/IMMZ.DT.14.Typhoid.03",
    "version" : "0.1.0"
  },
  {
    "id" : "IMMZ.DT.14.Typhoid.04",
    "type" : "ActivityDefinition",
    "url" : "http://fhir.org/guides/who/smart-immunization/ActivityDefinition/IMMZ.DT.14.Typhoid.04",
    "version" : "0.1.0"
  },
  {
    "id" : "IMMZ.DT.14.Typhoid.05",
    "type" : "ActivityDefinition",
    "url" : "http://fhir.org/guides/who/smart-immunization/ActivityDefinition/IMMZ.DT.14.Typhoid.05",
    "version" : "0.1.0"
  },
  {
    "id" : "IMMZ.DT.14.Typhoid.06",
    "type" : "ActivityDefinition",
    "url" : "http://fhir.org/guides/who/smart-immunization/ActivityDefinition/IMMZ.DT.14.Typhoid.06",
    "version" : "0.1.0"
  },
  {
    "id" : "IMMZ.DT.14.Typhoid.07",
    "type" : "ActivityDefinition",
    "url" : "http://fhir.org/guides/who/smart-immunization/ActivityDefinition/IMMZ.DT.14.Typhoid.07",
    "version" : "0.1.0"
  },
  {
    "id" : "IMMZ.DT.14.Typhoid.08",
    "type" : "ActivityDefinition",
    "url" : "http://fhir.org/guides/who/smart-immunization/ActivityDefinition/IMMZ.DT.14.Typhoid.08",
    "version" : "0.1.0"
  },
  {
    "id" : "IMMZ.DT.14.Typhoid.09",
    "type" : "ActivityDefinition",
    "url" : "http://fhir.org/guides/who/smart-immunization/ActivityDefinition/IMMZ.DT.14.Typhoid.09",
    "version" : "0.1.0"
  },
  {
    "id" : "IMMZ.DT.15.Cholera.01",
    "type" : "ActivityDefinition",
    "url" : "http://fhir.org/guides/who/smart-immunization/ActivityDefinition/IMMZ.DT.15.Cholera.01",
    "version" : "0.1.0"
  },
  {
    "id" : "IMMZ.DT.15.Cholera.02",
    "type" : "ActivityDefinition",
    "url" : "http://fhir.org/guides/who/smart-immunization/ActivityDefinition/IMMZ.DT.15.Cholera.02",
    "version" : "0.1.0"
  },
  {
    "id" : "IMMZ.DT.15.Cholera.03",
    "type" : "ActivityDefinition",
    "url" : "http://fhir.org/guides/who/smart-immunization/ActivityDefinition/IMMZ.DT.15.Cholera.03",
    "version" : "0.1.0"
  },
  {
    "id" : "IMMZ.DT.15.Cholera.04",
    "type" : "ActivityDefinition",
    "url" : "http://fhir.org/guides/who/smart-immunization/ActivityDefinition/IMMZ.DT.15.Cholera.04",
    "version" : "0.1.0"
  },
  {
    "id" : "IMMZ.DT.15.Cholera.05",
    "type" : "ActivityDefinition",
    "url" : "http://fhir.org/guides/who/smart-immunization/ActivityDefinition/IMMZ.DT.15.Cholera.05",
    "version" : "0.1.0"
  },
  {
    "id" : "IMMZ.DT.15.Cholera.06",
    "type" : "ActivityDefinition",
    "url" : "http://fhir.org/guides/who/smart-immunization/ActivityDefinition/IMMZ.DT.15.Cholera.06",
    "version" : "0.1.0"
  },
  {
    "id" : "IMMZ.DT.15.Cholera.07",
    "type" : "ActivityDefinition",
    "url" : "http://fhir.org/guides/who/smart-immunization/ActivityDefinition/IMMZ.DT.15.Cholera.07",
    "version" : "0.1.0"
  },
  {
    "id" : "IMMZ.DT.15.Cholera.08",
    "type" : "ActivityDefinition",
    "url" : "http://fhir.org/guides/who/smart-immunization/ActivityDefinition/IMMZ.DT.15.Cholera.08",
    "version" : "0.1.0"
  },
  {
    "id" : "IMMZ.DT.15.Cholera.09",
    "type" : "ActivityDefinition",
    "url" : "http://fhir.org/guides/who/smart-immunization/ActivityDefinition/IMMZ.DT.15.Cholera.09",
    "version" : "0.1.0"
  },
  {
    "id" : "IMMZ.DT.15.Cholera.10",
    "type" : "ActivityDefinition",
    "url" : "http://fhir.org/guides/who/smart-immunization/ActivityDefinition/IMMZ.DT.15.Cholera.10",
    "version" : "0.1.0"
  },
  {
    "id" : "IMMZ.DT.15.Cholera.11",
    "type" : "ActivityDefinition",
    "url" : "http://fhir.org/guides/who/smart-immunization/ActivityDefinition/IMMZ.DT.15.Cholera.11",
    "version" : "0.1.0"
  },
  {
    "id" : "IMMZ.DT.15.Cholera.12",
    "type" : "ActivityDefinition",
    "url" : "http://fhir.org/guides/who/smart-immunization/ActivityDefinition/IMMZ.DT.15.Cholera.12",
    "version" : "0.1.0"
  },
  {
    "id" : "IMMZ.DT.16.Meningococcal.01",
    "type" : "ActivityDefinition",
    "url" : "http://fhir.org/guides/who/smart-immunization/ActivityDefinition/IMMZ.DT.16.Meningococcal.01",
    "version" : "0.1.0"
  },
  {
    "id" : "IMMZ.DT.16.Meningococcal.02",
    "type" : "ActivityDefinition",
    "url" : "http://fhir.org/guides/who/smart-immunization/ActivityDefinition/IMMZ.DT.16.Meningococcal.02",
    "version" : "0.1.0"
  },
  {
    "id" : "IMMZ.DT.16.Meningococcal.03",
    "type" : "ActivityDefinition",
    "url" : "http://fhir.org/guides/who/smart-immunization/ActivityDefinition/IMMZ.DT.16.Meningococcal.03",
    "version" : "0.1.0"
  },
  {
    "id" : "IMMZ.DT.16.Meningococcal.04",
    "type" : "ActivityDefinition",
    "url" : "http://fhir.org/guides/who/smart-immunization/ActivityDefinition/IMMZ.DT.16.Meningococcal.04",
    "version" : "0.1.0"
  },
  {
    "id" : "IMMZ.DT.16.Meningococcal.05",
    "type" : "ActivityDefinition",
    "url" : "http://fhir.org/guides/who/smart-immunization/ActivityDefinition/IMMZ.DT.16.Meningococcal.05",
    "version" : "0.1.0"
  },
  {
    "id" : "IMMZ.DT.16.Meningococcal.06",
    "type" : "ActivityDefinition",
    "url" : "http://fhir.org/guides/who/smart-immunization/ActivityDefinition/IMMZ.DT.16.Meningococcal.06",
    "version" : "0.1.0"
  },
  {
    "id" : "IMMZ.DT.16.Meningococcal.07",
    "type" : "ActivityDefinition",
    "url" : "http://fhir.org/guides/who/smart-immunization/ActivityDefinition/IMMZ.DT.16.Meningococcal.07",
    "version" : "0.1.0"
  },
  {
    "id" : "IMMZ.DT.16.Meningococcal.08",
    "type" : "ActivityDefinition",
    "url" : "http://fhir.org/guides/who/smart-immunization/ActivityDefinition/IMMZ.DT.16.Meningococcal.08",
    "version" : "0.1.0"
  },
  {
    "id" : "IMMZ.DT.16.Meningococcal.09",
    "type" : "ActivityDefinition",
    "url" : "http://fhir.org/guides/who/smart-immunization/ActivityDefinition/IMMZ.DT.16.Meningococcal.09",
    "version" : "0.1.0"
  },
  {
    "id" : "IMMZ.DT.16.Meningococcal.10",
    "type" : "ActivityDefinition",
    "url" : "http://fhir.org/guides/who/smart-immunization/ActivityDefinition/IMMZ.DT.16.Meningococcal.10",
    "version" : "0.1.0"
  },
  {
    "id" : "IMMZ.DT.16.Meningococcal.11",
    "type" : "ActivityDefinition",
    "url" : "http://fhir.org/guides/who/smart-immunization/ActivityDefinition/IMMZ.DT.16.Meningococcal.11",
    "version" : "0.1.0"
  },
  {
    "id" : "IMMZ.DT.16.Meningococcal.12",
    "type" : "ActivityDefinition",
    "url" : "http://fhir.org/guides/who/smart-immunization/ActivityDefinition/IMMZ.DT.16.Meningococcal.12",
    "version" : "0.1.0"
  },
  {
    "id" : "IMMZ.DT.16.Meningococcal.13",
    "type" : "ActivityDefinition",
    "url" : "http://fhir.org/guides/who/smart-immunization/ActivityDefinition/IMMZ.DT.16.Meningococcal.13",
    "version" : "0.1.0"
  },
  {
    "id" : "IMMZ.DT.17.HepatitisA.01",
    "type" : "ActivityDefinition",
    "url" : "http://fhir.org/guides/who/smart-immunization/ActivityDefinition/IMMZ.DT.17.HepatitisA.01",
    "version" : "0.1.0"
  },
  {
    "id" : "IMMZ.DT.17.HepatitisA.02",
    "type" : "ActivityDefinition",
    "url" : "http://fhir.org/guides/who/smart-immunization/ActivityDefinition/IMMZ.DT.17.HepatitisA.02",
    "version" : "0.1.0"
  },
  {
    "id" : "IMMZ.DT.17.HepatitisA.03",
    "type" : "ActivityDefinition",
    "url" : "http://fhir.org/guides/who/smart-immunization/ActivityDefinition/IMMZ.DT.17.HepatitisA.03",
    "version" : "0.1.0"
  },
  {
    "id" : "IMMZ.DT.17.HepatitisA.04",
    "type" : "ActivityDefinition",
    "url" : "http://fhir.org/guides/who/smart-immunization/ActivityDefinition/IMMZ.DT.17.HepatitisA.04",
    "version" : "0.1.0"
  },
  {
    "id" : "IMMZ.DT.18.Rabies.01",
    "type" : "ActivityDefinition",
    "url" : "http://fhir.org/guides/who/smart-immunization/ActivityDefinition/IMMZ.DT.18.Rabies.01",
    "version" : "0.1.0"
  },
  {
    "id" : "IMMZ.DT.18.Rabies.02",
    "type" : "ActivityDefinition",
    "url" : "http://fhir.org/guides/who/smart-immunization/ActivityDefinition/IMMZ.DT.18.Rabies.02",
    "version" : "0.1.0"
  },
  {
    "id" : "IMMZ.DT.18.Rabies.03",
    "type" : "ActivityDefinition",
    "url" : "http://fhir.org/guides/who/smart-immunization/ActivityDefinition/IMMZ.DT.18.Rabies.03",
    "version" : "0.1.0"
  },
  {
    "id" : "IMMZ.DT.18.Rabies.04",
    "type" : "ActivityDefinition",
    "url" : "http://fhir.org/guides/who/smart-immunization/ActivityDefinition/IMMZ.DT.18.Rabies.04",
    "version" : "0.1.0"
  },
  {
    "id" : "IMMZ.DT.18.Rabies.05",
    "type" : "ActivityDefinition",
    "url" : "http://fhir.org/guides/who/smart-immunization/ActivityDefinition/IMMZ.DT.18.Rabies.05",
    "version" : "0.1.0"
  },
  {
    "id" : "IMMZ.DT.19.Dengue.01",
    "type" : "ActivityDefinition",
    "url" : "http://fhir.org/guides/who/smart-immunization/ActivityDefinition/IMMZ.DT.19.Dengue.01",
    "version" : "0.1.0"
  },
  {
    "id" : "IMMZ.DT.19.Dengue.02",
    "type" : "ActivityDefinition",
    "url" : "http://fhir.org/guides/who/smart-immunization/ActivityDefinition/IMMZ.DT.19.Dengue.02",
    "version" : "0.1.0"
  },
  {
    "id" : "IMMZ.DT.19.Dengue.03",
    "type" : "ActivityDefinition",
    "url" : "http://fhir.org/guides/who/smart-immunization/ActivityDefinition/IMMZ.DT.19.Dengue.03",
    "version" : "0.1.0"
  },
  {
    "id" : "IMMZ.DT.20.Mumps.01",
    "type" : "ActivityDefinition",
    "url" : "http://fhir.org/guides/who/smart-immunization/ActivityDefinition/IMMZ.DT.20.Mumps.01",
    "version" : "0.1.0"
  },
  {
    "id" : "IMMZ.DT.20.Mumps.02",
    "type" : "ActivityDefinition",
    "url" : "http://fhir.org/guides/who/smart-immunization/ActivityDefinition/IMMZ.DT.20.Mumps.02",
    "version" : "0.1.0"
  },
  {
    "id" : "IMMZ.DT.21.SeasonalInfluenza.01",
    "type" : "ActivityDefinition",
    "url" : "http://fhir.org/guides/who/smart-immunization/ActivityDefinition/IMMZ.DT.21.SeasonalInfluenza.01",
    "version" : "0.1.0"
  },
  {
    "id" : "IMMZ.DT.21.SeasonalInfluenza.02",
    "type" : "ActivityDefinition",
    "url" : "http://fhir.org/guides/who/smart-immunization/ActivityDefinition/IMMZ.DT.21.SeasonalInfluenza.02",
    "version" : "0.1.0"
  },
  {
    "id" : "IMMZ.DT.21.SeasonalInfluenza.03",
    "type" : "ActivityDefinition",
    "url" : "http://fhir.org/guides/who/smart-immunization/ActivityDefinition/IMMZ.DT.21.SeasonalInfluenza.03",
    "version" : "0.1.0"
  },
  {
    "id" : "IMMZ.DT.22.Varicella.01",
    "type" : "ActivityDefinition",
    "url" : "http://fhir.org/guides/who/smart-immunization/ActivityDefinition/IMMZ.DT.22.Varicella.01",
    "version" : "0.1.0"
  },
  {
    "id" : "IMMZ.DT.22.Varicella.02",
    "type" : "ActivityDefinition",
    "url" : "http://fhir.org/guides/who/smart-immunization/ActivityDefinition/IMMZ.DT.22.Varicella.02",
    "version" : "0.1.0"
  },
  {
    "id" : "IMMZ.DT.22.Varicella.03",
    "type" : "ActivityDefinition",
    "url" : "http://fhir.org/guides/who/smart-immunization/ActivityDefinition/IMMZ.DT.22.Varicella.03",
    "version" : "0.1.0"
  },
  {
    "id" : "IMMZ.DT.22.Varicella.04",
    "type" : "ActivityDefinition",
    "url" : "http://fhir.org/guides/who/smart-immunization/ActivityDefinition/IMMZ.DT.22.Varicella.04",
    "version" : "0.1.0"
  },
  {
    "id" : "IMMZ.DT.22.Varicella.05",
    "type" : "ActivityDefinition",
    "url" : "http://fhir.org/guides/who/smart-immunization/ActivityDefinition/IMMZ.DT.22.Varicella.05",
    "version" : "0.1.0"
  },
  {
    "id" : "IMMZ.DT.22.Varicella.06",
    "type" : "ActivityDefinition",
    "url" : "http://fhir.org/guides/who/smart-immunization/ActivityDefinition/IMMZ.DT.22.Varicella.06",
    "version" : "0.1.0"
  },
  {
    "id" : "who.fhir.immunization",
    "type" : "ImplementationGuide",
    "url" : "http://fhir.org/guides/who/smart-immunization/ImplementationGuide/fhir.who.immunization",
    "version" : "0.1.0",
    "name" : "Immunization"
  },
  {
    "id" : "FHIRCommon",
    "type" : "Library",
    "url" : "http://fhir.org/guides/who/smart-immunization/Library/FHIRCommon",
    "version" : "0.1.0",
    "name" : "FHIRCommon"
  },
  {
    "id" : "IMMZCommon",
    "type" : "Library",
    "url" : "http://fhir.org/guides/who/smart-immunization/Library/IMMZCommon",
    "version" : "0.1.0",
    "name" : "IMMZCommon"
  },
  {
    "id" : "IMMZCommonIzDataElements",
    "type" : "Library",
    "url" : "http://fhir.org/guides/who/smart-immunization/Library/IMMZCommonIzDataElements",
    "version" : "0.1.0",
    "name" : "IMMZCommonIzDataElements"
  },
  {
    "id" : "IMMZConcepts",
    "type" : "Library",
    "url" : "http://fhir.org/guides/who/smart-immunization/Library/IMMZConcepts",
    "version" : "0.1.0",
    "name" : "IMMZConcepts"
  },
  {
    "id" : "IMMZConfig",
    "type" : "Library",
    "url" : "http://fhir.org/guides/who/smart-immunization/Library/IMMZConfig",
    "version" : "0.1.0",
    "name" : "IMMZConfig"
  },
  {
    "id" : "IMMZDT01",
    "type" : "Library",
    "url" : "http://fhir.org/guides/who/smart-immunization/Library/IMMZDT01",
    "version" : "0.1.0",
    "name" : "IMMZDT01"
  },
  {
    "id" : "library-IMMZDT02",
    "type" : "Library",
    "url" : "http://fhir.org/guides/who/smart-immunization/Library/IMMZDT02",
    "version" : "0.1.0",
    "name" : "IMMZDT02"
  },
  {
    "id" : "IMMZDT03",
    "type" : "Library",
    "url" : "http://fhir.org/guides/who/smart-immunization/Library/IMMZDT03",
    "version" : "0.1.0",
    "name" : "IMMZDT03"
  },
  {
    "id" : "IMMZDT04",
    "type" : "Library",
    "url" : "http://fhir.org/guides/who/smart-immunization/Library/IMMZDT04",
    "version" : "0.1.0",
    "name" : "IMMZDT04"
  },
  {
    "id" : "IMMZDT05",
    "type" : "Library",
    "url" : "http://fhir.org/guides/who/smart-immunization/Library/IMMZDT05",
    "version" : "0.1.0",
    "name" : "IMMZDT05"
  },
  {
    "id" : "IMMZDT06",
    "type" : "Library",
    "url" : "http://fhir.org/guides/who/smart-immunization/Library/IMMZDT06",
    "version" : "0.1.0",
    "name" : "IMMZDT06"
  },
  {
    "id" : "IMMZDT07",
    "type" : "Library",
    "url" : "http://fhir.org/guides/who/smart-immunization/Library/IMMZDT07",
    "version" : "0.1.0",
    "name" : "IMMZDT07"
  },
  {
    "id" : "IMMZDT08",
    "type" : "Library",
    "url" : "http://fhir.org/guides/who/smart-immunization/Library/IMMZDT08",
    "version" : "0.1.0",
    "name" : "IMMZDT08"
  },
  {
    "id" : "IMMZDT09",
    "type" : "Library",
    "url" : "http://fhir.org/guides/who/smart-immunization/Library/IMMZDT09",
    "version" : "0.1.0",
    "name" : "IMMZDT09"
  },
  {
    "id" : "IMMZDT10",
    "type" : "Library",
    "url" : "http://fhir.org/guides/who/smart-immunization/Library/IMMZDT10",
    "version" : "0.1.0",
    "name" : "IMMZDT10"
  },
  {
    "id" : "IMMZDT11",
    "type" : "Library",
    "url" : "http://fhir.org/guides/who/smart-immunization/Library/IMMZDT11",
    "version" : "0.1.0",
    "name" : "IMMZDT11"
  },
  {
    "id" : "IMMZDT12",
    "type" : "Library",
    "url" : "http://fhir.org/guides/who/smart-immunization/Library/IMMZDT12",
    "version" : "0.1.0",
    "name" : "IMMZDT12"
  },
  {
    "id" : "IMMZDT13",
    "type" : "Library",
    "url" : "http://fhir.org/guides/who/smart-immunization/Library/IMMZDT13",
    "version" : "0.1.0",
    "name" : "IMMZDT13"
  },
  {
    "id" : "IMMZDT14",
    "type" : "Library",
    "url" : "http://fhir.org/guides/who/smart-immunization/Library/IMMZDT14",
    "version" : "0.1.0",
    "name" : "IMMZDT14"
  },
  {
    "id" : "IMMZDT15",
    "type" : "Library",
    "url" : "http://fhir.org/guides/who/smart-immunization/Library/IMMZDT15",
    "version" : "0.1.0",
    "name" : "IMMZDT15"
  },
  {
    "id" : "library-IMMZDT16",
    "type" : "Library",
    "url" : "http://fhir.org/guides/who/smart-immunization/Library/IMMZDT16",
    "version" : "0.1.0",
    "name" : "IMMZDT16"
  },
  {
    "id" : "IMMZDT17",
    "type" : "Library",
    "url" : "http://fhir.org/guides/who/smart-immunization/Library/IMMZDT17",
    "version" : "0.1.0",
    "name" : "IMMZDT17"
  },
  {
    "id" : "library-IMMZDT18",
    "type" : "Library",
    "url" : "http://fhir.org/guides/who/smart-immunization/Library/IMMZDT18",
    "version" : "0.1.0",
    "name" : "IMMZDT18"
  },
  {
    "id" : "library-IMMZDT19",
    "type" : "Library",
    "url" : "http://fhir.org/guides/who/smart-immunization/Library/IMMZDT19",
    "version" : "0.1.0",
    "name" : "IMMZDT19"
  },
  {
    "id" : "IMMZDT20",
    "type" : "Library",
    "url" : "http://fhir.org/guides/who/smart-immunization/Library/IMMZDT20",
    "version" : "0.1.0",
    "name" : "IMMZDT20"
  },
  {
    "id" : "IMMZDT21",
    "type" : "Library",
    "url" : "http://fhir.org/guides/who/smart-immunization/Library/IMMZDT21",
    "version" : "0.1.0",
    "name" : "IMMZDT21"
  },
  {
    "id" : "IMMZDT22",
    "type" : "Library",
    "url" : "http://fhir.org/guides/who/smart-immunization/Library/IMMZDT22",
    "version" : "0.1.0",
    "name" : "IMMZDT22"
  },
  {
    "id" : "IMMZIND01",
    "type" : "Library",
    "url" : "http://fhir.org/guides/who/smart-immunization/Library/IMMZIND01",
    "version" : "0.1.0",
    "name" : "IMMZIND01"
  },
  {
    "id" : "IMMZIND02",
    "type" : "Library",
    "url" : "http://fhir.org/guides/who/smart-immunization/Library/IMMZIND02",
    "version" : "0.1.0",
    "name" : "IMMZIND02"
  },
  {
    "id" : "IMMZIND03",
    "type" : "Library",
    "url" : "http://fhir.org/guides/who/smart-immunization/Library/IMMZIND03",
    "version" : "0.1.0",
    "name" : "IMMZIND03"
  },
  {
    "id" : "IMMZIND04",
    "type" : "Library",
    "url" : "http://fhir.org/guides/who/smart-immunization/Library/IMMZIND04",
    "version" : "0.1.0",
    "name" : "IMMZIND04"
  },
  {
    "id" : "IMMZIND05",
    "type" : "Library",
    "url" : "http://fhir.org/guides/who/smart-immunization/Library/IMMZIND05",
    "version" : "0.1.0",
    "name" : "IMMZIND05"
  },
  {
    "id" : "IMMZIND06",
    "type" : "Library",
    "url" : "http://fhir.org/guides/who/smart-immunization/Library/IMMZIND06",
    "version" : "0.1.0",
    "name" : "IMMZIND06"
  },
  {
    "id" : "IMMZIND07",
    "type" : "Library",
    "url" : "http://fhir.org/guides/who/smart-immunization/Library/IMMZIND07",
    "version" : "0.1.0",
    "name" : "IMMZIND07"
  },
  {
    "id" : "IMMZIND08",
    "type" : "Library",
    "url" : "http://fhir.org/guides/who/smart-immunization/Library/IMMZIND08",
    "version" : "0.1.0",
    "name" : "IMMZIND08"
  },
  {
    "id" : "IMMZIND09",
    "type" : "Library",
    "url" : "http://fhir.org/guides/who/smart-immunization/Library/IMMZIND09",
    "version" : "0.1.0",
    "name" : "IMMZIND09"
  },
  {
    "id" : "IMMZIND10",
    "type" : "Library",
    "url" : "http://fhir.org/guides/who/smart-immunization/Library/IMMZIND10",
    "version" : "0.1.0",
    "name" : "IMMZIND10"
  },
  {
    "id" : "IMMZIND11",
    "type" : "Library",
    "url" : "http://fhir.org/guides/who/smart-immunization/Library/IMMZIND11",
    "version" : "0.1.0",
    "name" : "IMMZIND11"
  },
  {
    "id" : "IMMZIND12",
    "type" : "Library",
    "url" : "http://fhir.org/guides/who/smart-immunization/Library/IMMZIND12",
    "version" : "0.1.0",
    "name" : "IMMZIND12"
  },
  {
    "id" : "IMMZIND13",
    "type" : "Library",
    "url" : "http://fhir.org/guides/who/smart-immunization/Library/IMMZIND13",
    "version" : "0.1.0",
    "name" : "IMMZIND13"
  },
  {
    "id" : "IMMZIND14",
    "type" : "Library",
    "url" : "http://fhir.org/guides/who/smart-immunization/Library/IMMZIND14",
    "version" : "0.1.0",
    "name" : "IMMZIND14"
  },
  {
    "id" : "IMMZIND15",
    "type" : "Library",
    "url" : "http://fhir.org/guides/who/smart-immunization/Library/IMMZIND15",
    "version" : "0.1.0",
    "name" : "IMMZIND15"
  },
  {
    "id" : "IMMZIND16",
    "type" : "Library",
    "url" : "http://fhir.org/guides/who/smart-immunization/Library/IMMZIND16",
    "version" : "0.1.0",
    "name" : "IMMZIND16"
  },
  {
    "id" : "IMMZIND17",
    "type" : "Library",
    "url" : "http://fhir.org/guides/who/smart-immunization/Library/IMMZIND17",
    "version" : "0.1.0",
    "name" : "IMMZIND17"
  },
  {
    "id" : "IMMZIND18",
    "type" : "Library",
    "url" : "http://fhir.org/guides/who/smart-immunization/Library/IMMZIND18",
    "version" : "0.1.0",
    "name" : "IMMZIND18"
  },
  {
    "id" : "IMMZIND19",
    "type" : "Library",
    "url" : "http://fhir.org/guides/who/smart-immunization/Library/IMMZIND19",
    "version" : "0.1.0",
    "name" : "IMMZIND19"
  },
  {
    "id" : "IMMZIND20",
    "type" : "Library",
    "url" : "http://fhir.org/guides/who/smart-immunization/Library/IMMZIND20",
    "version" : "0.1.0",
    "name" : "IMMZIND20"
  },
  {
    "id" : "IMMZIND21",
    "type" : "Library",
    "url" : "http://fhir.org/guides/who/smart-immunization/Library/IMMZIND21",
    "version" : "0.1.0",
    "name" : "IMMZIND21"
  },
  {
    "id" : "IMMZIND22",
    "type" : "Library",
    "url" : "http://fhir.org/guides/who/smart-immunization/Library/IMMZIND22",
    "version" : "0.1.0",
    "name" : "IMMZIND22"
  },
  {
    "id" : "IMMZIND23",
    "type" : "Library",
    "url" : "http://fhir.org/guides/who/smart-immunization/Library/IMMZIND23",
    "version" : "0.1.0",
    "name" : "IMMZIND23"
  },
  {
    "id" : "IMMZIND24",
    "type" : "Library",
    "url" : "http://fhir.org/guides/who/smart-immunization/Library/IMMZIND24",
    "version" : "0.1.0",
    "name" : "IMMZIND24"
  },
  {
    "id" : "IMMZIND25",
    "type" : "Library",
    "url" : "http://fhir.org/guides/who/smart-immunization/Library/IMMZIND25",
    "version" : "0.1.0",
    "name" : "IMMZIND25"
  },
  {
    "id" : "IMMZIND30",
    "type" : "Library",
    "url" : "http://fhir.org/guides/who/smart-immunization/Library/IMMZIND30",
    "version" : "0.1.0",
    "name" : "IMMZIND30"
  },
  {
    "id" : "IMMZIND32",
    "type" : "Library",
    "url" : "http://fhir.org/guides/who/smart-immunization/Library/IMMZIND32",
    "version" : "0.1.0",
    "name" : "IMMZIND32"
  },
  {
    "id" : "IMMZIND33",
    "type" : "Library",
    "url" : "http://fhir.org/guides/who/smart-immunization/Library/IMMZIND33",
    "version" : "0.1.0",
    "name" : "IMMZIND33"
  },
  {
    "id" : "IMMZIND34",
    "type" : "Library",
    "url" : "http://fhir.org/guides/who/smart-immunization/Library/IMMZIND34",
    "version" : "0.1.0",
    "name" : "IMMZIND34"
  },
  {
    "id" : "IMMZIND35",
    "type" : "Library",
    "url" : "http://fhir.org/guides/who/smart-immunization/Library/IMMZIND35",
    "version" : "0.1.0",
    "name" : "IMMZIND35"
  },
  {
    "id" : "IMMZIND36",
    "type" : "Library",
    "url" : "http://fhir.org/guides/who/smart-immunization/Library/IMMZIND36",
    "version" : "0.1.0",
    "name" : "IMMZIND36"
  },
  {
    "id" : "IMMZIND37",
    "type" : "Library",
    "url" : "http://fhir.org/guides/who/smart-immunization/Library/IMMZIND37",
    "version" : "0.1.0",
    "name" : "IMMZIND37"
  },
  {
    "id" : "IMMZIND38",
    "type" : "Library",
    "url" : "http://fhir.org/guides/who/smart-immunization/Library/IMMZIND38",
    "version" : "0.1.0",
    "name" : "IMMZIND38"
  },
  {
    "id" : "IMMZIND39",
    "type" : "Library",
    "url" : "http://fhir.org/guides/who/smart-immunization/Library/IMMZIND39",
    "version" : "0.1.0",
    "name" : "IMMZIND39"
  },
  {
    "id" : "IMMZIND40",
    "type" : "Library",
    "url" : "http://fhir.org/guides/who/smart-immunization/Library/IMMZIND40",
    "version" : "0.1.0",
    "name" : "IMMZIND40"
  },
  {
    "id" : "IMMZIND41",
    "type" : "Library",
    "url" : "http://fhir.org/guides/who/smart-immunization/Library/IMMZIND41",
    "version" : "0.1.0",
    "name" : "IMMZIND41"
  },
  {
    "id" : "IMMZIND42",
    "type" : "Library",
    "url" : "http://fhir.org/guides/who/smart-immunization/Library/IMMZIND42",
    "version" : "0.1.0",
    "name" : "IMMZIND42"
  },
  {
    "id" : "IMMZIND43",
    "type" : "Library",
    "url" : "http://fhir.org/guides/who/smart-immunization/Library/IMMZIND43",
    "version" : "0.1.0",
    "name" : "IMMZIND43"
  },
  {
    "id" : "IMMZIND44",
    "type" : "Library",
    "url" : "http://fhir.org/guides/who/smart-immunization/Library/IMMZIND44",
    "version" : "0.1.0",
    "name" : "IMMZIND44"
  },
  {
    "id" : "IMMZIND45",
    "type" : "Library",
    "url" : "http://fhir.org/guides/who/smart-immunization/Library/IMMZIND45",
    "version" : "0.1.0",
    "name" : "IMMZIND45"
  },
  {
    "id" : "IMMZIND46",
    "type" : "Library",
    "url" : "http://fhir.org/guides/who/smart-immunization/Library/IMMZIND46",
    "version" : "0.1.0",
    "name" : "IMMZIND46"
  },
  {
    "id" : "IMMZIND47",
    "type" : "Library",
    "url" : "http://fhir.org/guides/who/smart-immunization/Library/IMMZIND47",
    "version" : "0.1.0",
    "name" : "IMMZIND47"
  },
  {
    "id" : "IMMZIND48",
    "type" : "Library",
    "url" : "http://fhir.org/guides/who/smart-immunization/Library/IMMZIND48",
    "version" : "0.1.0",
    "name" : "IMMZIND48"
  },
  {
    "id" : "IMMZIND49",
    "type" : "Library",
    "url" : "http://fhir.org/guides/who/smart-immunization/Library/IMMZIND49",
    "version" : "0.1.0",
    "name" : "IMMZIND49"
  },
  {
    "id" : "IMMZIND50",
    "type" : "Library",
    "url" : "http://fhir.org/guides/who/smart-immunization/Library/IMMZIND50",
    "version" : "0.1.0",
    "name" : "IMMZIND50"
  },
  {
    "id" : "IMMZIND51",
    "type" : "Library",
    "url" : "http://fhir.org/guides/who/smart-immunization/Library/IMMZIND51",
    "version" : "0.1.0",
    "name" : "IMMZIND51"
  },
  {
    "id" : "IMMZIND52",
    "type" : "Library",
    "url" : "http://fhir.org/guides/who/smart-immunization/Library/IMMZIND52",
    "version" : "0.1.0",
    "name" : "IMMZIND52"
  },
  {
    "id" : "IMMZIND53",
    "type" : "Library",
    "url" : "http://fhir.org/guides/who/smart-immunization/Library/IMMZIND53",
    "version" : "0.1.0",
    "name" : "IMMZIND53"
  },
  {
    "id" : "IMMZIND54",
    "type" : "Library",
    "url" : "http://fhir.org/guides/who/smart-immunization/Library/IMMZIND54",
    "version" : "0.1.0",
    "name" : "IMMZIND54"
  },
  {
    "id" : "IMMZIND55",
    "type" : "Library",
    "url" : "http://fhir.org/guides/who/smart-immunization/Library/IMMZIND55",
    "version" : "0.1.0",
    "name" : "IMMZIND55"
  },
  {
    "id" : "IMMZIndicatorCommon",
    "type" : "Library",
    "url" : "http://fhir.org/guides/who/smart-immunization/Library/IMMZIndicatorCommon",
    "version" : "0.1.0",
    "name" : "IMMZIndicatorCommon"
  },
  {
    "id" : "library-IMMZS01",
    "type" : "Library",
    "url" : "http://fhir.org/guides/who/smart-immunization/Library/IMMZS01",
    "version" : "0.1.0",
    "name" : "IMMZS01"
  },
  {
    "id" : "IMMZVaccineLibrary",
    "type" : "Library",
    "url" : "http://fhir.org/guides/who/smart-immunization/Library/IMMZVaccineLibrary",
    "version" : "0.1.0",
    "name" : "IMMZVaccineLibrary"
  },
  {
    "id" : "WHOCommon",
    "type" : "Library",
    "url" : "http://fhir.org/guides/who/smart-immunization/Library/WHOCommon",
    "version" : "0.1.0",
    "name" : "WHOCommon"
  },
  {
    "id" : "WHOConcepts",
    "type" : "Library",
    "url" : "http://fhir.org/guides/who/smart-immunization/Library/WHOConcepts",
    "version" : "0.1.0",
    "name" : "WHOConcepts"
  },
  {
    "id" : "IMMZIND01",
    "type" : "Measure",
    "url" : "http://fhir.org/guides/who/smart-immunization/Measure/IMMZIND01",
    "version" : "0.1.0",
    "name" : "IMMZIND01"
  },
  {
    "id" : "IMMZIND02",
    "type" : "Measure",
    "url" : "http://fhir.org/guides/who/smart-immunization/Measure/IMMZIND02",
    "version" : "0.1.0",
    "name" : "IMMZIND02"
  },
  {
    "id" : "IMMZIND03",
    "type" : "Measure",
    "url" : "http://fhir.org/guides/who/smart-immunization/Measure/IMMZIND03",
    "version" : "0.1.0",
    "name" : "IMMZIND03"
  },
  {
    "id" : "IMMZIND04",
    "type" : "Measure",
    "url" : "http://fhir.org/guides/who/smart-immunization/Measure/IMMZIND04",
    "version" : "0.1.0",
    "name" : "IMMZIND04"
  },
  {
    "id" : "IMMZIND05",
    "type" : "Measure",
    "url" : "http://fhir.org/guides/who/smart-immunization/Measure/IMMZIND05",
    "version" : "0.1.0",
    "name" : "IMMZIND05"
  },
  {
    "id" : "IMMZIND06",
    "type" : "Measure",
    "url" : "http://fhir.org/guides/who/smart-immunization/Measure/IMMZIND06",
    "version" : "0.1.0",
    "name" : "IMMZIND06"
  },
  {
    "id" : "IMMZIND07",
    "type" : "Measure",
    "url" : "http://fhir.org/guides/who/smart-immunization/Measure/IMMZIND07",
    "version" : "0.1.0",
    "name" : "IMMZIND07"
  },
  {
    "id" : "IMMZIND08",
    "type" : "Measure",
    "url" : "http://fhir.org/guides/who/smart-immunization/Measure/IMMZIND08",
    "version" : "0.1.0",
    "name" : "IMMZIND08"
  },
  {
    "id" : "IMMZIND09",
    "type" : "Measure",
    "url" : "http://fhir.org/guides/who/smart-immunization/Measure/IMMZIND09",
    "version" : "0.1.0",
    "name" : "IMMZIND09"
  },
  {
    "id" : "IMMZIND10",
    "type" : "Measure",
    "url" : "http://fhir.org/guides/who/smart-immunization/Measure/IMMZIND10",
    "version" : "0.1.0",
    "name" : "IMMZIND10"
  },
  {
    "id" : "IMMZIND11",
    "type" : "Measure",
    "url" : "http://fhir.org/guides/who/smart-immunization/Measure/IMMZIND11",
    "version" : "0.1.0",
    "name" : "IMMZIND11"
  },
  {
    "id" : "IMMZIND12",
    "type" : "Measure",
    "url" : "http://fhir.org/guides/who/smart-immunization/Measure/IMMZIND12",
    "version" : "0.1.0",
    "name" : "IMMZIND12"
  },
  {
    "id" : "IMMZIND13",
    "type" : "Measure",
    "url" : "http://fhir.org/guides/who/smart-immunization/Measure/IMMZIND13",
    "version" : "0.1.0",
    "name" : "IMMZIND13"
  },
  {
    "id" : "IMMZIND14",
    "type" : "Measure",
    "url" : "http://fhir.org/guides/who/smart-immunization/Measure/IMMZIND14",
    "version" : "0.1.0",
    "name" : "IMMZIND14"
  },
  {
    "id" : "IMMZIND15",
    "type" : "Measure",
    "url" : "http://fhir.org/guides/who/smart-immunization/Measure/IMMZIND15",
    "version" : "0.1.0",
    "name" : "IMMZIND15"
  },
  {
    "id" : "IMMZIND16",
    "type" : "Measure",
    "url" : "http://fhir.org/guides/who/smart-immunization/Measure/IMMZIND16",
    "version" : "0.1.0",
    "name" : "IMMZIND16"
  },
  {
    "id" : "IMMZIND17",
    "type" : "Measure",
    "url" : "http://fhir.org/guides/who/smart-immunization/Measure/IMMZIND17",
    "version" : "0.1.0",
    "name" : "IMMZIND17"
  },
  {
    "id" : "IMMZIND18",
    "type" : "Measure",
    "url" : "http://fhir.org/guides/who/smart-immunization/Measure/IMMZIND18",
    "version" : "0.1.0",
    "name" : "IMMZIND18"
  },
  {
    "id" : "IMMZIND19",
    "type" : "Measure",
    "url" : "http://fhir.org/guides/who/smart-immunization/Measure/IMMZIND19",
    "version" : "0.1.0",
    "name" : "IMMZIND19"
  },
  {
    "id" : "IMMZIND20",
    "type" : "Measure",
    "url" : "http://fhir.org/guides/who/smart-immunization/Measure/IMMZIND20",
    "version" : "0.1.0",
    "name" : "IMMZIND20"
  },
  {
    "id" : "IMMZIND21",
    "type" : "Measure",
    "url" : "http://fhir.org/guides/who/smart-immunization/Measure/IMMZIND21",
    "version" : "0.1.0",
    "name" : "IMMZIND21"
  },
  {
    "id" : "IMMZIND22",
    "type" : "Measure",
    "url" : "http://fhir.org/guides/who/smart-immunization/Measure/IMMZIND22",
    "version" : "0.1.0",
    "name" : "IMMZIND22"
  },
  {
    "id" : "IMMZIND23",
    "type" : "Measure",
    "url" : "http://fhir.org/guides/who/smart-immunization/Measure/IMMZIND23",
    "version" : "0.1.0",
    "name" : "IMMZIND23"
  },
  {
    "id" : "IMMZIND24",
    "type" : "Measure",
    "url" : "http://fhir.org/guides/who/smart-immunization/Measure/IMMZIND24",
    "version" : "0.1.0",
    "name" : "IMMZIND24"
  },
  {
    "id" : "IMMZIND25",
    "type" : "Measure",
    "url" : "http://fhir.org/guides/who/smart-immunization/Measure/IMMZIND25",
    "version" : "0.1.0",
    "name" : "IMMZIND25"
  },
  {
    "id" : "IMMZIND30",
    "type" : "Measure",
    "url" : "http://fhir.org/guides/who/smart-immunization/Measure/IMMZIND30",
    "version" : "0.1.0",
    "name" : "IMMZIND30"
  },
  {
    "id" : "IMMZIND32",
    "type" : "Measure",
    "url" : "http://fhir.org/guides/who/smart-immunization/Measure/IMMZIND32",
    "version" : "0.1.0",
    "name" : "IMMZIND32"
  },
  {
    "id" : "IMMZIND33",
    "type" : "Measure",
    "url" : "http://fhir.org/guides/who/smart-immunization/Measure/IMMZIND33",
    "version" : "0.1.0",
    "name" : "IMMZIND33"
  },
  {
    "id" : "IMMZIND34",
    "type" : "Measure",
    "url" : "http://fhir.org/guides/who/smart-immunization/Measure/IMMZIND34",
    "version" : "0.1.0",
    "name" : "IMMZIND34"
  },
  {
    "id" : "IMMZIND35",
    "type" : "Measure",
    "url" : "http://fhir.org/guides/who/smart-immunization/Measure/IMMZIND35",
    "version" : "0.1.0",
    "name" : "IMMZIND35"
  },
  {
    "id" : "IMMZIND36",
    "type" : "Measure",
    "url" : "http://fhir.org/guides/who/smart-immunization/Measure/IMMZIND36",
    "version" : "0.1.0",
    "name" : "IMMZIND36"
  },
  {
    "id" : "IMMZIND37",
    "type" : "Measure",
    "url" : "http://fhir.org/guides/who/smart-immunization/Measure/IMMZIND37",
    "version" : "0.1.0",
    "name" : "IMMZIND37"
  },
  {
    "id" : "IMMZIND38",
    "type" : "Measure",
    "url" : "http://fhir.org/guides/who/smart-immunization/Measure/IMMZIND38",
    "version" : "0.1.0",
    "name" : "IMMZIND38"
  },
  {
    "id" : "IMMZIND39",
    "type" : "Measure",
    "url" : "http://fhir.org/guides/who/smart-immunization/Measure/IMMZIND39",
    "version" : "0.1.0",
    "name" : "IMMZIND39"
  },
  {
    "id" : "IMMZIND40",
    "type" : "Measure",
    "url" : "http://fhir.org/guides/who/smart-immunization/Measure/IMMZIND40",
    "version" : "0.1.0",
    "name" : "IMMZIND40"
  },
  {
    "id" : "IMMZIND41",
    "type" : "Measure",
    "url" : "http://fhir.org/guides/who/smart-immunization/Measure/IMMZIND41",
    "version" : "0.1.0",
    "name" : "IMMZIND41"
  },
  {
    "id" : "IMMZIND42",
    "type" : "Measure",
    "url" : "http://fhir.org/guides/who/smart-immunization/Measure/IMMZIND42",
    "version" : "0.1.0",
    "name" : "IMMZIND42"
  },
  {
    "id" : "IMMZIND43",
    "type" : "Measure",
    "url" : "http://fhir.org/guides/who/smart-immunization/Measure/IMMZIND43",
    "version" : "0.1.0",
    "name" : "IMMZIND43"
  },
  {
    "id" : "IMMZIND44",
    "type" : "Measure",
    "url" : "http://fhir.org/guides/who/smart-immunization/Measure/IMMZIND44",
    "version" : "0.1.0",
    "name" : "IMMZIND44"
  },
  {
    "id" : "IMMZIND45",
    "type" : "Measure",
    "url" : "http://fhir.org/guides/who/smart-immunization/Measure/IMMZIND45",
    "version" : "0.1.0",
    "name" : "IMMZIND45"
  },
  {
    "id" : "IMMZIND46",
    "type" : "Measure",
    "url" : "http://fhir.org/guides/who/smart-immunization/Measure/IMMZIND46",
    "version" : "0.1.0",
    "name" : "IMMZIND46"
  },
  {
    "id" : "IMMZIND47",
    "type" : "Measure",
    "url" : "http://fhir.org/guides/who/smart-immunization/Measure/IMMZIND47",
    "version" : "0.1.0",
    "name" : "IMMZIND47"
  },
  {
    "id" : "IMMZIND48",
    "type" : "Measure",
    "url" : "http://fhir.org/guides/who/smart-immunization/Measure/IMMZIND48",
    "version" : "0.1.0",
    "name" : "IMMZIND48"
  },
  {
    "id" : "IMMZIND49",
    "type" : "Measure",
    "url" : "http://fhir.org/guides/who/smart-immunization/Measure/IMMZIND49",
    "version" : "0.1.0",
    "name" : "IMMZIND49"
  },
  {
    "id" : "IMMZIND50",
    "type" : "Measure",
    "url" : "http://fhir.org/guides/who/smart-immunization/Measure/IMMZIND50",
    "version" : "0.1.0",
    "name" : "IMMZIND50"
  },
  {
    "id" : "IMMZIND51",
    "type" : "Measure",
    "url" : "http://fhir.org/guides/who/smart-immunization/Measure/IMMZIND51",
    "version" : "0.1.0",
    "name" : "IMMZIND51"
  },
  {
    "id" : "IMMZIND52",
    "type" : "Measure",
    "url" : "http://fhir.org/guides/who/smart-immunization/Measure/IMMZIND52",
    "version" : "0.1.0",
    "name" : "IMMZIND52"
  },
  {
    "id" : "IMMZIND53",
    "type" : "Measure",
    "url" : "http://fhir.org/guides/who/smart-immunization/Measure/IMMZIND53",
    "version" : "0.1.0",
    "name" : "IMMZIND53"
  },
  {
    "id" : "IMMZIND54",
    "type" : "Measure",
    "url" : "http://fhir.org/guides/who/smart-immunization/Measure/IMMZIND54",
    "version" : "0.1.0",
    "name" : "IMMZIND54"
  },
  {
    "id" : "IMMZIND55",
    "type" : "Measure",
    "url" : "http://fhir.org/guides/who/smart-immunization/Measure/IMMZIND55",
    "version" : "0.1.0",
    "name" : "IMMZIND55"
  },
  {
    "id" : "IMMZ.DT.01.BCG",
    "type" : "PlanDefinition",
    "url" : "http://fhir.org/guides/who/smart-immunization/PlanDefinition/IMMZ.DT.01.BCG",
    "version" : "0.1.0",
    "name" : "IMMZ.DT.01.BCG"
  },
  {
    "id" : "IMMZ.DT.02.HepatitisB",
    "type" : "PlanDefinition",
    "url" : "http://fhir.org/guides/who/smart-immunization/PlanDefinition/IMMZ.DT.02.HepatitisB",
    "version" : "0.1.0",
    "name" : "IMMZ.DT.02.HepatitisB"
  },
  {
    "id" : "IMMZ.DT.03.Polio",
    "type" : "PlanDefinition",
    "url" : "http://fhir.org/guides/who/smart-immunization/PlanDefinition/IMMZ.DT.03.Polio",
    "version" : "0.1.0",
    "name" : "IMMZ.DT.03.Polio"
  },
  {
    "id" : "IMMZ.DT.04.DTP",
    "type" : "PlanDefinition",
    "url" : "http://fhir.org/guides/who/smart-immunization/PlanDefinition/IMMZ.DT.04.DTP",
    "version" : "0.1.0",
    "name" : "IMMZ.DT.04.DTP"
  },
  {
    "id" : "IMMZ.DT.05.Hib",
    "type" : "PlanDefinition",
    "url" : "http://fhir.org/guides/who/smart-immunization/PlanDefinition/IMMZ.DT.05.Hib",
    "version" : "0.1.0",
    "name" : "IMMZ.DT.05.Hib"
  },
  {
    "id" : "IMMZ.DT.06.Pneumococcal",
    "type" : "PlanDefinition",
    "url" : "http://fhir.org/guides/who/smart-immunization/PlanDefinition/IMMZ.DT.06.Pneumococcal",
    "version" : "0.1.0",
    "name" : "IMMZ.DT.06.Pneumococcal"
  },
  {
    "id" : "IMMZ.DT.07.Rotavirus",
    "type" : "PlanDefinition",
    "url" : "http://fhir.org/guides/who/smart-immunization/PlanDefinition/IMMZ.DT.07.Rotavirus",
    "version" : "0.1.0",
    "name" : "IMMZ.DT.07.Rotavirus"
  },
  {
    "id" : "IMMZ.DT.08.Measles",
    "type" : "PlanDefinition",
    "url" : "http://fhir.org/guides/who/smart-immunization/PlanDefinition/IMMZ.DT.08.Measles",
    "version" : "0.1.0",
    "name" : "IMMZ.DT.08.Measles"
  },
  {
    "id" : "IMMZ.DT.09.Rubella",
    "type" : "PlanDefinition",
    "url" : "http://fhir.org/guides/who/smart-immunization/PlanDefinition/IMMZ.DT.09.Rubella",
    "version" : "0.1.0",
    "name" : "IMMZ.DT.09.Rubella"
  },
  {
    "id" : "IMMZ.DT.10.HPV",
    "type" : "PlanDefinition",
    "url" : "http://fhir.org/guides/who/smart-immunization/PlanDefinition/IMMZ.DT.10.HPV",
    "version" : "0.1.0",
    "name" : "IMMZ.DT.10.HPV"
  },
  {
    "id" : "IMMZ.DT.11.JapaneseEncephalitis",
    "type" : "PlanDefinition",
    "url" : "http://fhir.org/guides/who/smart-immunization/PlanDefinition/IMMZ.DT.11.JapaneseEncephalitis",
    "version" : "0.1.0",
    "name" : "IMMZ.DT.11.JapaneseEncephalitis"
  },
  {
    "id" : "IMMZ.DT.12.YellowFever",
    "type" : "PlanDefinition",
    "url" : "http://fhir.org/guides/who/smart-immunization/PlanDefinition/IMMZ.DT.12.YellowFever",
    "version" : "0.1.0",
    "name" : "IMMZ.DT.12.YellowFever"
  },
  {
    "id" : "IMMZ.DT.13.Tick-BorneEncephalitis",
    "type" : "PlanDefinition",
    "url" : "http://fhir.org/guides/who/smart-immunization/PlanDefinition/IMMZ.DT.13.Tick-BorneEncephalitis",
    "version" : "0.1.0",
    "name" : "IMMZ.DT.13.Tick-BorneEncephalitis"
  },
  {
    "id" : "IMMZ.DT.14.Typhoid",
    "type" : "PlanDefinition",
    "url" : "http://fhir.org/guides/who/smart-immunization/PlanDefinition/IMMZ.DT.14.Typhoid",
    "version" : "0.1.0",
    "name" : "IMMZ.DT.14.Typhoid"
  },
  {
    "id" : "IMMZ.DT.15.Cholera",
    "type" : "PlanDefinition",
    "url" : "http://fhir.org/guides/who/smart-immunization/PlanDefinition/IMMZ.DT.15.Cholera",
    "version" : "0.1.0",
    "name" : "IMMZ.DT.15.Cholera"
  },
  {
    "id" : "IMMZ.DT.16.Meningococcal",
    "type" : "PlanDefinition",
    "url" : "http://fhir.org/guides/who/smart-immunization/PlanDefinition/IMMZ.DT.16.Meningococcal",
    "version" : "0.1.0",
    "name" : "IMMZ.DT.16.Meningococcal"
  },
  {
    "id" : "IMMZ.DT.17.HepatitisA",
    "type" : "PlanDefinition",
    "url" : "http://fhir.org/guides/who/smart-immunization/PlanDefinition/IMMZ.DT.17.HepatitisA",
    "version" : "0.1.0",
    "name" : "IMMZ.DT.17.HepatitisA"
  },
  {
    "id" : "IMMZ.DT.18.Rabies",
    "type" : "PlanDefinition",
    "url" : "http://fhir.org/guides/who/smart-immunization/PlanDefinition/IMMZ.DT.18.Rabies",
    "version" : "0.1.0",
    "name" : "IMMZ.DT.18.Rabies"
  },
  {
    "id" : "IMMZ.DT.19.Dengue",
    "type" : "PlanDefinition",
    "url" : "http://fhir.org/guides/who/smart-immunization/PlanDefinition/IMMZ.DT.19.Dengue",
    "version" : "0.1.0",
    "name" : "IMMZ.DT.19.Dengue"
  },
  {
    "id" : "IMMZ.DT.20.Mumps",
    "type" : "PlanDefinition",
    "url" : "http://fhir.org/guides/who/smart-immunization/PlanDefinition/IMMZ.DT.20.Mumps",
    "version" : "0.1.0",
    "name" : "IMMZ.DT.20.Mumps"
  },
  {
    "id" : "IMMZ.DT.21.SeasonalInfluenza",
    "type" : "PlanDefinition",
    "url" : "http://fhir.org/guides/who/smart-immunization/PlanDefinition/IMMZ.DT.21.SeasonalInfluenza",
    "version" : "0.1.0",
    "name" : "IMMZ.DT.21.SeasonalInfluenza"
  },
  {
    "id" : "IMMZ.DT.22.Varicella",
    "type" : "PlanDefinition",
    "url" : "http://fhir.org/guides/who/smart-immunization/PlanDefinition/IMMZ.DT.22.Varicella",
    "version" : "0.1.0",
    "name" : "IMMZ.DT.22.Varicella"
  },
  {
    "id" : "ARVDrugs-values",
    "type" : "ValueSet",
    "url" : "http://fhir.org/guides/who/smart-immunization/ValueSet/ARVDrugs-values",
    "version" : "0.1.0",
    "name" : "ARVDrugsvalues"
  },
  {
    "id" : "Birthweight-values",
    "type" : "ValueSet",
    "url" : "http://fhir.org/guides/who/smart-immunization/ValueSet/Birthweight-values",
    "version" : "0.1.0",
    "name" : "Birthweightvalues"
  },
  {
    "id" : "CD4CountTestResult-values",
    "type" : "ValueSet",
    "url" : "http://fhir.org/guides/who/smart-immunization/ValueSet/CD4CountTestResult-values",
    "version" : "0.1.0",
    "name" : "CD4CountTestResultvalues"
  },
  {
    "id" : "CD4percentageTest-values",
    "type" : "ValueSet",
    "url" : "http://fhir.org/guides/who/smart-immunization/ValueSet/CD4percentageTest-values",
    "version" : "0.1.0",
    "name" : "CD4percentageTestvalues"
  },
  {
    "id" : "EnceVirClassTBEVaccine-values",
    "type" : "ValueSet",
    "url" : "http://fhir.org/guides/who/smart-immunization/ValueSet/EnceVirClassTBEVaccine-values",
    "version" : "0.1.0",
    "name" : "EnceVirClassTBEVaccinevalues"
  },
  {
    "id" : "EncepurClassTBEVaccine-values",
    "type" : "ValueSet",
    "url" : "http://fhir.org/guides/who/smart-immunization/ValueSet/EncepurClassTBEVaccine-values",
    "version" : "0.1.0",
    "name" : "EncepurClassTBEVaccinevalues"
  },
  {
    "id" : "FSMEImmunClassTBEVaccine-values",
    "type" : "ValueSet",
    "url" : "http://fhir.org/guides/who/smart-immunization/ValueSet/FSMEImmunClassTBEVaccine-values",
    "version" : "0.1.0",
    "name" : "FSMEImmunClassTBEVaccinevalues"
  },
  {
    "id" : "HIVstatus-values",
    "type" : "ValueSet",
    "url" : "http://fhir.org/guides/who/smart-immunization/ValueSet/HIVstatus-values",
    "version" : "0.1.0",
    "name" : "HIVstatusvalues"
  },
  {
    "id" : "IGRATestResult-values",
    "type" : "ValueSet",
    "url" : "http://fhir.org/guides/who/smart-immunization/ValueSet/IGRATestResult-values",
    "version" : "0.1.0",
    "name" : "IGRATestResultvalues"
  },
  {
    "id" : "Immunocompromised-values",
    "type" : "ValueSet",
    "url" : "http://fhir.org/guides/who/smart-immunization/ValueSet/Immunocompromised-values",
    "version" : "0.1.0",
    "name" : "Immunocompromisedvalues"
  },
  {
    "id" : "InactivatedJE-values",
    "type" : "ValueSet",
    "url" : "http://fhir.org/guides/who/smart-immunization/ValueSet/InactivatedJE-values",
    "version" : "0.1.0",
    "name" : "InactivatedJEvalues"
  },
  {
    "id" : "Intussusception-values",
    "type" : "ValueSet",
    "url" : "http://fhir.org/guides/who/smart-immunization/ValueSet/Intussusception-values",
    "version" : "0.1.0",
    "name" : "Intussusceptionvalues"
  },
  {
    "id" : "MenAconjugatevaccine-values",
    "type" : "ValueSet",
    "url" : "http://fhir.org/guides/who/smart-immunization/ValueSet/MenAconjugatevaccine-values",
    "version" : "0.1.0",
    "name" : "MenAconjugatevaccinevalues"
  },
  {
    "id" : "MonovalentMenCconjugate-values",
    "type" : "ValueSet",
    "url" : "http://fhir.org/guides/who/smart-immunization/ValueSet/MonovalentMenCconjugate-values",
    "version" : "0.1.0",
    "name" : "MonovalentMenCconjugatevalues"
  },
  {
    "id" : "Negativetestresult-values",
    "type" : "ValueSet",
    "url" : "http://fhir.org/guides/who/smart-immunization/ValueSet/Negativetestresult-values",
    "version" : "0.1.0",
    "name" : "Negativetestresultvalues"
  },
  {
    "id" : "PositiveTestResult-values",
    "type" : "ValueSet",
    "url" : "http://fhir.org/guides/who/smart-immunization/ValueSet/PositiveTestResult-values",
    "version" : "0.1.0",
    "name" : "PositiveTestResultvalues"
  },
  {
    "id" : "Preterm-values",
    "type" : "ValueSet",
    "url" : "http://fhir.org/guides/who/smart-immunization/ValueSet/Preterm-values",
    "version" : "0.1.0",
    "name" : "Pretermvalues"
  },
  {
    "id" : "Quadrivalentconjugate-values",
    "type" : "ValueSet",
    "url" : "http://fhir.org/guides/who/smart-immunization/ValueSet/Quadrivalentconjugate-values",
    "version" : "0.1.0",
    "name" : "Quadrivalentconjugatevalues"
  },
  {
    "id" : "Seronegative-values",
    "type" : "ValueSet",
    "url" : "http://fhir.org/guides/who/smart-immunization/ValueSet/Seronegative-values",
    "version" : "0.1.0",
    "name" : "Seronegativevalues"
  },
  {
    "id" : "SickleCell-values",
    "type" : "ValueSet",
    "url" : "http://fhir.org/guides/who/smart-immunization/ValueSet/SickleCell-values",
    "version" : "0.1.0",
    "name" : "SickleCellvalues"
  },
  {
    "id" : "TBEMoscowClassTBEVaccine-values",
    "type" : "ValueSet",
    "url" : "http://fhir.org/guides/who/smart-immunization/ValueSet/TBEMoscowClassTBEVaccine-values",
    "version" : "0.1.0",
    "name" : "TBEMoscowClassTBEVaccinevalues"
  },
  {
    "id" : "TSTTestResult-values",
    "type" : "ValueSet",
    "url" : "http://fhir.org/guides/who/smart-immunization/ValueSet/TSTTestResult-values",
    "version" : "0.1.0",
    "name" : "TSTTestResultvalues"
  },
  {
    "id" : "Ty21aClassTyphoidVaccine-values",
    "type" : "ValueSet",
    "url" : "http://fhir.org/guides/who/smart-immunization/ValueSet/Ty21aClassTyphoidVaccine-values",
    "version" : "0.1.0",
    "name" : "Ty21aClassTyphoidVaccinevalues"
  },
  {
    "id" : "VNAlevelsRabies-values",
    "type" : "ValueSet",
    "url" : "http://fhir.org/guides/who/smart-immunization/ValueSet/VNAlevelsRabies-values",
    "version" : "0.1.0",
    "name" : "VNAlevelsRabiesvalues"
  },
  {
    "id" : "ViPSClassTyphoidVaccine-values",
    "type" : "ValueSet",
    "url" : "http://fhir.org/guides/who/smart-immunization/ValueSet/ViPSClassTyphoidVaccine-values",
    "version" : "0.1.0",
    "name" : "ViPSClassTyphoidVaccinevalues"
  },
  {
    "id" : "WCClassCholeraVaccine-values",
    "type" : "ValueSet",
    "url" : "http://fhir.org/guides/who/smart-immunization/ValueSet/WCClassCholeraVaccine-values",
    "version" : "0.1.0",
    "name" : "WCClassCholeraVaccinevalues"
  },
  {
    "id" : "WCrBSClassCholeraVaccine-values",
    "type" : "ValueSet",
    "url" : "http://fhir.org/guides/who/smart-immunization/ValueSet/WCrBSClassCholeraVaccine-values",
    "version" : "0.1.0",
    "name" : "WCrBSClassCholeraVaccinevalues"
  },
  {
    "id" : "FHIRHelpers",
    "type" : "Library",
    "url" : "http://hl7.org/fhir/Library/FHIRHelpers",
    "version" : "0.1.0",
    "name" : "FHIRHelpers"
  },
  {
    "id" : "extended-content-codes",
    "type" : "CodeSystem",
    "url" : "http://who.int/cg/CodeSystem/extended-content-codes",
    "version" : "0.1.0",
    "name" : "extended-content_codes"
  }
]
