{
  "library" : {
    "type" : "Library",
    "identifier" : {
      "type" : "VersionedIdentifier",
      "id" : "IMMZDT09",
      "system" : "http://fhir.org/guides/who/smart-immunization"
    },
    "schemaIdentifier" : {
      "type" : "VersionedIdentifier",
      "id" : "urn:hl7-org:elm",
      "version" : "r1"
    },
    "usings" : {
      "type" : "Library$Usings",
      "def" : [ {
        "type" : "UsingDef",
        "localIdentifier" : "System",
        "uri" : "urn:hl7-org:elm-types:r1"
      }, {
        "type" : "UsingDef",
        "annotation" : [ {
          "s" : {
            "s" : [ {
              "name" : "{urn:hl7-org:cql-annotations:r1}s",
              "declaredType" : "org.hl7.cql_annotations.r1.Narrative",
              "scope" : "javax.xml.bind.JAXBElement$GlobalScope",
              "value" : {
                "s" : [ "// Start Skeleton CQL\n", "using " ]
              },
              "nil" : false,
              "globalScope" : true,
              "typeSubstituted" : false
            }, {
              "name" : "{urn:hl7-org:cql-annotations:r1}s",
              "declaredType" : "org.hl7.cql_annotations.r1.Narrative",
              "scope" : "javax.xml.bind.JAXBElement$GlobalScope",
              "value" : {
                "s" : [ {
                  "name" : "{urn:hl7-org:cql-annotations:r1}s",
                  "declaredType" : "org.hl7.cql_annotations.r1.Narrative",
                  "scope" : "javax.xml.bind.JAXBElement$GlobalScope",
                  "value" : {
                    "s" : [ "FHIR" ]
                  },
                  "nil" : false,
                  "globalScope" : true,
                  "typeSubstituted" : false
                } ]
              },
              "nil" : false,
              "globalScope" : true,
              "typeSubstituted" : false
            }, {
              "name" : "{urn:hl7-org:cql-annotations:r1}s",
              "declaredType" : "org.hl7.cql_annotations.r1.Narrative",
              "scope" : "javax.xml.bind.JAXBElement$GlobalScope",
              "value" : {
                "s" : [ " version ", "'4.0.1'" ]
              },
              "nil" : false,
              "globalScope" : true,
              "typeSubstituted" : false
            } ],
            "r" : "1"
          }
        } ],
        "localId" : "1",
        "locator" : "8:1-8:26",
        "localIdentifier" : "FHIR",
        "uri" : "http://hl7.org/fhir",
        "version" : "4.0.1"
      } ]
    },
    "includes" : {
      "type" : "Library$Includes",
      "def" : [ {
        "type" : "IncludeDef",
        "annotation" : [ {
          "s" : {
            "s" : [ {
              "name" : "{urn:hl7-org:cql-annotations:r1}s",
              "declaredType" : "org.hl7.cql_annotations.r1.Narrative",
              "scope" : "javax.xml.bind.JAXBElement$GlobalScope",
              "value" : {
                "s" : [ "", "include " ]
              },
              "nil" : false,
              "globalScope" : true,
              "typeSubstituted" : false
            }, {
              "name" : "{urn:hl7-org:cql-annotations:r1}s",
              "declaredType" : "org.hl7.cql_annotations.r1.Narrative",
              "scope" : "javax.xml.bind.JAXBElement$GlobalScope",
              "value" : {
                "s" : [ {
                  "name" : "{urn:hl7-org:cql-annotations:r1}s",
                  "declaredType" : "org.hl7.cql_annotations.r1.Narrative",
                  "scope" : "javax.xml.bind.JAXBElement$GlobalScope",
                  "value" : {
                    "s" : [ "FHIRHelpers" ]
                  },
                  "nil" : false,
                  "globalScope" : true,
                  "typeSubstituted" : false
                } ]
              },
              "nil" : false,
              "globalScope" : true,
              "typeSubstituted" : false
            }, {
              "name" : "{urn:hl7-org:cql-annotations:r1}s",
              "declaredType" : "org.hl7.cql_annotations.r1.Narrative",
              "scope" : "javax.xml.bind.JAXBElement$GlobalScope",
              "value" : {
                "s" : [ " version ", "'4.0.1'" ]
              },
              "nil" : false,
              "globalScope" : true,
              "typeSubstituted" : false
            } ],
            "r" : "2"
          }
        } ],
        "localId" : "2",
        "locator" : "9:1-9:35",
        "localIdentifier" : "FHIRHelpers",
        "path" : "http://fhir.org/guides/who/smart-immunization/FHIRHelpers",
        "version" : "4.0.1"
      }, {
        "type" : "IncludeDef",
        "annotation" : [ {
          "s" : {
            "s" : [ {
              "name" : "{urn:hl7-org:cql-annotations:r1}s",
              "declaredType" : "org.hl7.cql_annotations.r1.Narrative",
              "scope" : "javax.xml.bind.JAXBElement$GlobalScope",
              "value" : {
                "s" : [ "", "include " ]
              },
              "nil" : false,
              "globalScope" : true,
              "typeSubstituted" : false
            }, {
              "name" : "{urn:hl7-org:cql-annotations:r1}s",
              "declaredType" : "org.hl7.cql_annotations.r1.Narrative",
              "scope" : "javax.xml.bind.JAXBElement$GlobalScope",
              "value" : {
                "s" : [ {
                  "name" : "{urn:hl7-org:cql-annotations:r1}s",
                  "declaredType" : "org.hl7.cql_annotations.r1.Narrative",
                  "scope" : "javax.xml.bind.JAXBElement$GlobalScope",
                  "value" : {
                    "s" : [ "IMMZCommon" ]
                  },
                  "nil" : false,
                  "globalScope" : true,
                  "typeSubstituted" : false
                } ]
              },
              "nil" : false,
              "globalScope" : true,
              "typeSubstituted" : false
            }, {
              "name" : "{urn:hl7-org:cql-annotations:r1}s",
              "declaredType" : "org.hl7.cql_annotations.r1.Narrative",
              "scope" : "javax.xml.bind.JAXBElement$GlobalScope",
              "value" : {
                "s" : [ " called ", "IMMZCom" ]
              },
              "nil" : false,
              "globalScope" : true,
              "typeSubstituted" : false
            } ],
            "r" : "3"
          }
        } ],
        "localId" : "3",
        "locator" : "10:1-10:33",
        "localIdentifier" : "IMMZCom",
        "path" : "http://fhir.org/guides/who/smart-immunization/IMMZCommon"
      }, {
        "type" : "IncludeDef",
        "annotation" : [ {
          "s" : {
            "s" : [ {
              "name" : "{urn:hl7-org:cql-annotations:r1}s",
              "declaredType" : "org.hl7.cql_annotations.r1.Narrative",
              "scope" : "javax.xml.bind.JAXBElement$GlobalScope",
              "value" : {
                "s" : [ "", "include " ]
              },
              "nil" : false,
              "globalScope" : true,
              "typeSubstituted" : false
            }, {
              "name" : "{urn:hl7-org:cql-annotations:r1}s",
              "declaredType" : "org.hl7.cql_annotations.r1.Narrative",
              "scope" : "javax.xml.bind.JAXBElement$GlobalScope",
              "value" : {
                "s" : [ {
                  "name" : "{urn:hl7-org:cql-annotations:r1}s",
                  "declaredType" : "org.hl7.cql_annotations.r1.Narrative",
                  "scope" : "javax.xml.bind.JAXBElement$GlobalScope",
                  "value" : {
                    "s" : [ "IMMZConcepts" ]
                  },
                  "nil" : false,
                  "globalScope" : true,
                  "typeSubstituted" : false
                } ]
              },
              "nil" : false,
              "globalScope" : true,
              "typeSubstituted" : false
            }, {
              "name" : "{urn:hl7-org:cql-annotations:r1}s",
              "declaredType" : "org.hl7.cql_annotations.r1.Narrative",
              "scope" : "javax.xml.bind.JAXBElement$GlobalScope",
              "value" : {
                "s" : [ " called ", "IMMZc" ]
              },
              "nil" : false,
              "globalScope" : true,
              "typeSubstituted" : false
            } ],
            "r" : "4"
          }
        } ],
        "localId" : "4",
        "locator" : "11:1-11:33",
        "localIdentifier" : "IMMZc",
        "path" : "http://fhir.org/guides/who/smart-immunization/IMMZConcepts"
      }, {
        "type" : "IncludeDef",
        "annotation" : [ {
          "s" : {
            "s" : [ {
              "name" : "{urn:hl7-org:cql-annotations:r1}s",
              "declaredType" : "org.hl7.cql_annotations.r1.Narrative",
              "scope" : "javax.xml.bind.JAXBElement$GlobalScope",
              "value" : {
                "s" : [ "", "include " ]
              },
              "nil" : false,
              "globalScope" : true,
              "typeSubstituted" : false
            }, {
              "name" : "{urn:hl7-org:cql-annotations:r1}s",
              "declaredType" : "org.hl7.cql_annotations.r1.Narrative",
              "scope" : "javax.xml.bind.JAXBElement$GlobalScope",
              "value" : {
                "s" : [ {
                  "name" : "{urn:hl7-org:cql-annotations:r1}s",
                  "declaredType" : "org.hl7.cql_annotations.r1.Narrative",
                  "scope" : "javax.xml.bind.JAXBElement$GlobalScope",
                  "value" : {
                    "s" : [ "IMMZConfig" ]
                  },
                  "nil" : false,
                  "globalScope" : true,
                  "typeSubstituted" : false
                } ]
              },
              "nil" : false,
              "globalScope" : true,
              "typeSubstituted" : false
            }, {
              "name" : "{urn:hl7-org:cql-annotations:r1}s",
              "declaredType" : "org.hl7.cql_annotations.r1.Narrative",
              "scope" : "javax.xml.bind.JAXBElement$GlobalScope",
              "value" : {
                "s" : [ " called ", "IMMZCon" ]
              },
              "nil" : false,
              "globalScope" : true,
              "typeSubstituted" : false
            } ],
            "r" : "5"
          }
        } ],
        "localId" : "5",
        "locator" : "12:1-12:33",
        "localIdentifier" : "IMMZCon",
        "path" : "http://fhir.org/guides/who/smart-immunization/IMMZConfig"
      }, {
        "type" : "IncludeDef",
        "annotation" : [ {
          "s" : {
            "s" : [ {
              "name" : "{urn:hl7-org:cql-annotations:r1}s",
              "declaredType" : "org.hl7.cql_annotations.r1.Narrative",
              "scope" : "javax.xml.bind.JAXBElement$GlobalScope",
              "value" : {
                "s" : [ "", "include " ]
              },
              "nil" : false,
              "globalScope" : true,
              "typeSubstituted" : false
            }, {
              "name" : "{urn:hl7-org:cql-annotations:r1}s",
              "declaredType" : "org.hl7.cql_annotations.r1.Narrative",
              "scope" : "javax.xml.bind.JAXBElement$GlobalScope",
              "value" : {
                "s" : [ {
                  "name" : "{urn:hl7-org:cql-annotations:r1}s",
                  "declaredType" : "org.hl7.cql_annotations.r1.Narrative",
                  "scope" : "javax.xml.bind.JAXBElement$GlobalScope",
                  "value" : {
                    "s" : [ "IMMZVaccineLibrary" ]
                  },
                  "nil" : false,
                  "globalScope" : true,
                  "typeSubstituted" : false
                } ]
              },
              "nil" : false,
              "globalScope" : true,
              "typeSubstituted" : false
            }, {
              "name" : "{urn:hl7-org:cql-annotations:r1}s",
              "declaredType" : "org.hl7.cql_annotations.r1.Narrative",
              "scope" : "javax.xml.bind.JAXBElement$GlobalScope",
              "value" : {
                "s" : [ " called ", "IMMZvl" ]
              },
              "nil" : false,
              "globalScope" : true,
              "typeSubstituted" : false
            } ],
            "r" : "6"
          }
        } ],
        "localId" : "6",
        "locator" : "13:1-13:40",
        "localIdentifier" : "IMMZvl",
        "path" : "http://fhir.org/guides/who/smart-immunization/IMMZVaccineLibrary"
      } ]
    },
    "statements" : {
      "type" : "Library$Statements",
      "def" : [ {
        "type" : "ExpressionDef",
        "expression" : {
          "type" : "SingletonFrom",
          "operand" : {
            "type" : "Retrieve",
            "locator" : "15:1-15:15",
            "dataType" : "{http://hl7.org/fhir}Patient",
            "templateId" : "http://hl7.org/fhir/StructureDefinition/Patient"
          }
        },
        "locator" : "15:1-15:15",
        "name" : "Patient",
        "context" : "Patient"
      }, {
        "type" : "ExpressionDef",
        "expression" : {
          "type" : "And",
          "operand" : [ {
            "type" : "And",
            "operand" : [ {
              "type" : "Not",
              "operand" : {
                "type" : "ExpressionRef",
                "localId" : "8",
                "locator" : "29:5-29:24",
                "name" : "Pregnant",
                "libraryName" : "IMMZCom"
              },
              "localId" : "9",
              "locator" : "29:2-29:24"
            }, {
              "type" : "ExpressionRef",
              "localId" : "11",
              "locator" : "30:2-30:51",
              "name" : "No Rubella Doses Administered to Patient",
              "libraryName" : "IMMZCom"
            } ],
            "localId" : "12",
            "locator" : "29:2-30:51"
          }, {
            "type" : "GreaterOrEqual",
            "operand" : [ {
              "type" : "ExpressionRef",
              "localId" : "14",
              "locator" : "31:2-31:40",
              "name" : "Current Patient Age In Months",
              "libraryName" : "IMMZCom"
            }, {
              "type" : "Literal",
              "localId" : "15",
              "locator" : "31:45",
              "valueType" : "{urn:hl7-org:elm-types:r1}Integer",
              "value" : "9"
            } ],
            "localId" : "16",
            "locator" : "31:2-31:45"
          } ],
          "localId" : "17",
          "locator" : "29:2-31:45"
        },
        "annotation" : [ {
          "s" : {
            "s" : [ {
              "name" : "{urn:hl7-org:cql-annotations:r1}s",
              "declaredType" : "org.hl7.cql_annotations.r1.Narrative",
              "scope" : "javax.xml.bind.JAXBElement$GlobalScope",
              "value" : {
                "s" : [ "/*\n * Rule: Should vaccinate patient for Rubella because no doses on 1 dose scheme\n * Annotations:\n * \t - Provide Rubella immunizations – using the \"Rubella Vaccine immunization – NO PREVIOUS\" schedule (1 dose scheme)\n * Outputs:\n * \t - Immunize Patient for Rubella- No Doses\n * References:\n * \t- WHO recommendations for routine immunization - summary tables: https://www.who.int/teams/immunization-vaccines-and-biologicals/policies/who-recommendations-for-routine-immunization---summary-tables\n * Logic:\n *\t ((\"Rubella vaccine immunization history\" = \"No-doses\") and (\"Current Patient Age in Months\" >= 9))\n */\n", "define ", "\"Should vaccinate patient for Rubella because no doses on 1 dose scheme\"", ":\n\t" ]
              },
              "nil" : false,
              "globalScope" : true,
              "typeSubstituted" : false
            }, {
              "name" : "{urn:hl7-org:cql-annotations:r1}s",
              "declaredType" : "org.hl7.cql_annotations.r1.Narrative",
              "scope" : "javax.xml.bind.JAXBElement$GlobalScope",
              "value" : {
                "s" : [ {
                  "name" : "{urn:hl7-org:cql-annotations:r1}s",
                  "declaredType" : "org.hl7.cql_annotations.r1.Narrative",
                  "scope" : "javax.xml.bind.JAXBElement$GlobalScope",
                  "value" : {
                    "s" : [ {
                      "name" : "{urn:hl7-org:cql-annotations:r1}s",
                      "declaredType" : "org.hl7.cql_annotations.r1.Narrative",
                      "scope" : "javax.xml.bind.JAXBElement$GlobalScope",
                      "value" : {
                        "s" : [ {
                          "name" : "{urn:hl7-org:cql-annotations:r1}s",
                          "declaredType" : "org.hl7.cql_annotations.r1.Narrative",
                          "scope" : "javax.xml.bind.JAXBElement$GlobalScope",
                          "value" : {
                            "s" : [ "not" ]
                          },
                          "nil" : false,
                          "globalScope" : true,
                          "typeSubstituted" : false
                        }, {
                          "name" : "{urn:hl7-org:cql-annotations:r1}s",
                          "declaredType" : "org.hl7.cql_annotations.r1.Narrative",
                          "scope" : "javax.xml.bind.JAXBElement$GlobalScope",
                          "value" : {
                            "s" : [ {
                              "name" : "{urn:hl7-org:cql-annotations:r1}s",
                              "declaredType" : "org.hl7.cql_annotations.r1.Narrative",
                              "scope" : "javax.xml.bind.JAXBElement$GlobalScope",
                              "value" : {
                                "s" : [ "(" ]
                              },
                              "nil" : false,
                              "globalScope" : true,
                              "typeSubstituted" : false
                            }, {
                              "name" : "{urn:hl7-org:cql-annotations:r1}s",
                              "declaredType" : "org.hl7.cql_annotations.r1.Narrative",
                              "scope" : "javax.xml.bind.JAXBElement$GlobalScope",
                              "value" : {
                                "s" : [ {
                                  "name" : "{urn:hl7-org:cql-annotations:r1}s",
                                  "declaredType" : "org.hl7.cql_annotations.r1.Narrative",
                                  "scope" : "javax.xml.bind.JAXBElement$GlobalScope",
                                  "value" : {
                                    "s" : [ {
                                      "name" : "{urn:hl7-org:cql-annotations:r1}s",
                                      "declaredType" : "org.hl7.cql_annotations.r1.Narrative",
                                      "scope" : "javax.xml.bind.JAXBElement$GlobalScope",
                                      "value" : {
                                        "s" : [ "IMMZCom" ]
                                      },
                                      "nil" : false,
                                      "globalScope" : true,
                                      "typeSubstituted" : false
                                    } ],
                                    "r" : "7"
                                  },
                                  "nil" : false,
                                  "globalScope" : true,
                                  "typeSubstituted" : false
                                }, {
                                  "name" : "{urn:hl7-org:cql-annotations:r1}s",
                                  "declaredType" : "org.hl7.cql_annotations.r1.Narrative",
                                  "scope" : "javax.xml.bind.JAXBElement$GlobalScope",
                                  "value" : {
                                    "s" : [ "." ]
                                  },
                                  "nil" : false,
                                  "globalScope" : true,
                                  "typeSubstituted" : false
                                }, {
                                  "name" : "{urn:hl7-org:cql-annotations:r1}s",
                                  "declaredType" : "org.hl7.cql_annotations.r1.Narrative",
                                  "scope" : "javax.xml.bind.JAXBElement$GlobalScope",
                                  "value" : {
                                    "s" : [ {
                                      "name" : "{urn:hl7-org:cql-annotations:r1}s",
                                      "declaredType" : "org.hl7.cql_annotations.r1.Narrative",
                                      "scope" : "javax.xml.bind.JAXBElement$GlobalScope",
                                      "value" : {
                                        "s" : [ "\"Pregnant\"" ]
                                      },
                                      "nil" : false,
                                      "globalScope" : true,
                                      "typeSubstituted" : false
                                    } ],
                                    "r" : "8"
                                  },
                                  "nil" : false,
                                  "globalScope" : true,
                                  "typeSubstituted" : false
                                } ],
                                "r" : "8"
                              },
                              "nil" : false,
                              "globalScope" : true,
                              "typeSubstituted" : false
                            }, {
                              "name" : "{urn:hl7-org:cql-annotations:r1}s",
                              "declaredType" : "org.hl7.cql_annotations.r1.Narrative",
                              "scope" : "javax.xml.bind.JAXBElement$GlobalScope",
                              "value" : {
                                "s" : [ ")" ]
                              },
                              "nil" : false,
                              "globalScope" : true,
                              "typeSubstituted" : false
                            } ],
                            "r" : "8"
                          },
                          "nil" : false,
                          "globalScope" : true,
                          "typeSubstituted" : false
                        } ],
                        "r" : "9"
                      },
                      "nil" : false,
                      "globalScope" : true,
                      "typeSubstituted" : false
                    }, {
                      "name" : "{urn:hl7-org:cql-annotations:r1}s",
                      "declaredType" : "org.hl7.cql_annotations.r1.Narrative",
                      "scope" : "javax.xml.bind.JAXBElement$GlobalScope",
                      "value" : {
                        "s" : [ " and\n\t" ]
                      },
                      "nil" : false,
                      "globalScope" : true,
                      "typeSubstituted" : false
                    }, {
                      "name" : "{urn:hl7-org:cql-annotations:r1}s",
                      "declaredType" : "org.hl7.cql_annotations.r1.Narrative",
                      "scope" : "javax.xml.bind.JAXBElement$GlobalScope",
                      "value" : {
                        "s" : [ {
                          "name" : "{urn:hl7-org:cql-annotations:r1}s",
                          "declaredType" : "org.hl7.cql_annotations.r1.Narrative",
                          "scope" : "javax.xml.bind.JAXBElement$GlobalScope",
                          "value" : {
                            "s" : [ {
                              "name" : "{urn:hl7-org:cql-annotations:r1}s",
                              "declaredType" : "org.hl7.cql_annotations.r1.Narrative",
                              "scope" : "javax.xml.bind.JAXBElement$GlobalScope",
                              "value" : {
                                "s" : [ "IMMZCom" ]
                              },
                              "nil" : false,
                              "globalScope" : true,
                              "typeSubstituted" : false
                            } ],
                            "r" : "10"
                          },
                          "nil" : false,
                          "globalScope" : true,
                          "typeSubstituted" : false
                        }, {
                          "name" : "{urn:hl7-org:cql-annotations:r1}s",
                          "declaredType" : "org.hl7.cql_annotations.r1.Narrative",
                          "scope" : "javax.xml.bind.JAXBElement$GlobalScope",
                          "value" : {
                            "s" : [ "." ]
                          },
                          "nil" : false,
                          "globalScope" : true,
                          "typeSubstituted" : false
                        }, {
                          "name" : "{urn:hl7-org:cql-annotations:r1}s",
                          "declaredType" : "org.hl7.cql_annotations.r1.Narrative",
                          "scope" : "javax.xml.bind.JAXBElement$GlobalScope",
                          "value" : {
                            "s" : [ {
                              "name" : "{urn:hl7-org:cql-annotations:r1}s",
                              "declaredType" : "org.hl7.cql_annotations.r1.Narrative",
                              "scope" : "javax.xml.bind.JAXBElement$GlobalScope",
                              "value" : {
                                "s" : [ "\"No Rubella Doses Administered to Patient\"" ]
                              },
                              "nil" : false,
                              "globalScope" : true,
                              "typeSubstituted" : false
                            } ],
                            "r" : "11"
                          },
                          "nil" : false,
                          "globalScope" : true,
                          "typeSubstituted" : false
                        } ],
                        "r" : "11"
                      },
                      "nil" : false,
                      "globalScope" : true,
                      "typeSubstituted" : false
                    } ],
                    "r" : "12"
                  },
                  "nil" : false,
                  "globalScope" : true,
                  "typeSubstituted" : false
                }, {
                  "name" : "{urn:hl7-org:cql-annotations:r1}s",
                  "declaredType" : "org.hl7.cql_annotations.r1.Narrative",
                  "scope" : "javax.xml.bind.JAXBElement$GlobalScope",
                  "value" : {
                    "s" : [ " and \n\t" ]
                  },
                  "nil" : false,
                  "globalScope" : true,
                  "typeSubstituted" : false
                }, {
                  "name" : "{urn:hl7-org:cql-annotations:r1}s",
                  "declaredType" : "org.hl7.cql_annotations.r1.Narrative",
                  "scope" : "javax.xml.bind.JAXBElement$GlobalScope",
                  "value" : {
                    "s" : [ {
                      "name" : "{urn:hl7-org:cql-annotations:r1}s",
                      "declaredType" : "org.hl7.cql_annotations.r1.Narrative",
                      "scope" : "javax.xml.bind.JAXBElement$GlobalScope",
                      "value" : {
                        "s" : [ {
                          "name" : "{urn:hl7-org:cql-annotations:r1}s",
                          "declaredType" : "org.hl7.cql_annotations.r1.Narrative",
                          "scope" : "javax.xml.bind.JAXBElement$GlobalScope",
                          "value" : {
                            "s" : [ {
                              "name" : "{urn:hl7-org:cql-annotations:r1}s",
                              "declaredType" : "org.hl7.cql_annotations.r1.Narrative",
                              "scope" : "javax.xml.bind.JAXBElement$GlobalScope",
                              "value" : {
                                "s" : [ "IMMZCom" ]
                              },
                              "nil" : false,
                              "globalScope" : true,
                              "typeSubstituted" : false
                            } ],
                            "r" : "13"
                          },
                          "nil" : false,
                          "globalScope" : true,
                          "typeSubstituted" : false
                        }, {
                          "name" : "{urn:hl7-org:cql-annotations:r1}s",
                          "declaredType" : "org.hl7.cql_annotations.r1.Narrative",
                          "scope" : "javax.xml.bind.JAXBElement$GlobalScope",
                          "value" : {
                            "s" : [ "." ]
                          },
                          "nil" : false,
                          "globalScope" : true,
                          "typeSubstituted" : false
                        }, {
                          "name" : "{urn:hl7-org:cql-annotations:r1}s",
                          "declaredType" : "org.hl7.cql_annotations.r1.Narrative",
                          "scope" : "javax.xml.bind.JAXBElement$GlobalScope",
                          "value" : {
                            "s" : [ {
                              "name" : "{urn:hl7-org:cql-annotations:r1}s",
                              "declaredType" : "org.hl7.cql_annotations.r1.Narrative",
                              "scope" : "javax.xml.bind.JAXBElement$GlobalScope",
                              "value" : {
                                "s" : [ "\"Current Patient Age In Months\"" ]
                              },
                              "nil" : false,
                              "globalScope" : true,
                              "typeSubstituted" : false
                            } ],
                            "r" : "14"
                          },
                          "nil" : false,
                          "globalScope" : true,
                          "typeSubstituted" : false
                        } ],
                        "r" : "14"
                      },
                      "nil" : false,
                      "globalScope" : true,
                      "typeSubstituted" : false
                    }, {
                      "name" : "{urn:hl7-org:cql-annotations:r1}s",
                      "declaredType" : "org.hl7.cql_annotations.r1.Narrative",
                      "scope" : "javax.xml.bind.JAXBElement$GlobalScope",
                      "value" : {
                        "s" : [ " ", ">=", " ", "9" ],
                        "r" : "15"
                      },
                      "nil" : false,
                      "globalScope" : true,
                      "typeSubstituted" : false
                    } ],
                    "r" : "16"
                  },
                  "nil" : false,
                  "globalScope" : true,
                  "typeSubstituted" : false
                } ],
                "r" : "17"
              },
              "nil" : false,
              "globalScope" : true,
              "typeSubstituted" : false
            } ],
            "r" : "18"
          }
        } ],
        "localId" : "18",
        "locator" : "28:1-31:45",
        "name" : "Should vaccinate patient for Rubella because no doses on 1 dose scheme",
        "context" : "Patient",
        "accessLevel" : "Public"
      } ]
    },
    "annotation" : [ {
      "translatorVersion" : "1.4",
      "translatorOptions" : "EnableAnnotations,EnableLocators,DisableListDemotion,DisableListPromotion"
    }, {
      "s" : {
        "s" : [ {
          "name" : "{urn:hl7-org:cql-annotations:r1}s",
          "declaredType" : "org.hl7.cql_annotations.r1.Narrative",
          "scope" : "javax.xml.bind.JAXBElement$GlobalScope",
          "value" : {
            "s" : [ "/*\n * Library: IMMZDT09 (IMMZ.DT.09.Rubella)\n * Rule: If child or patient has not received the Rubella vaccination and is greater than or equal to 9 months \n * Trigger: Patient has never received Rubella vaccination\n */\n", "library IMMZDT09" ]
          },
          "nil" : false,
          "globalScope" : true,
          "typeSubstituted" : false
        } ],
        "r" : "18"
      }
    } ]
  }
}