<?xml version="1.0" encoding="UTF-8"?>

<ValueSet xmlns="http://hl7.org/fhir">
  <id value="Birthweight-values"/>
  <text>
    <status value="generated"/><div xmlns="http://www.w3.org/1999/xhtml"><p>This value set includes codes based on the following rules:</p><ul><li>Include these codes as defined in <a href="http://www.snomed.org/"><code>http://snomed.info/sct</code></a><table class="none"><tr><td style="white-space:nowrap"><b>Code</b></td><td><b>Display</b></td></tr><tr><td><a href="http://snomed.info/id/276610007">276610007</a></td><td>Birthweight</td></tr></table></li><li>Include these codes as defined in <a href="http://loinc.org"><code>http://loinc.org</code></a><table class="none"><tr><td style="white-space:nowrap"><b>Code</b></td><td><b>Display</b></td></tr><tr><td><a href="https://loinc.org/8339-4/">8339-4</a></td><td>Birth weight Measured</td></tr><tr><td><a href="https://loinc.org/56056-5/">56056-5</a></td><td>Birth weight - Reported</td></tr></table></li></ul></div>
  </text>
  <url value="http://fhir.org/guides/who/smart-immunization/ValueSet/Birthweight-values"/>
  <version value="0.1.0"/>
  <name value="Birthweightvalues"/>
  <title value="Birthweight valueset"/>
  <status value="draft"/>
  <experimental value="false"/>
  <date value="2023-07-11T06:05:13+00:00"/>
  <publisher value="World Health Organization (WHO)"/>
  <description value="Codes representing Birthweight values"/>
  <jurisdiction>
    <coding>
      <system value="http://unstats.un.org/unsd/methods/m49/m49.htm"/>
      <code value="001"/>
    </coding>
  </jurisdiction>
  <immutable value="true"/>
  <compose>
    <include>
      <system value="http://snomed.info/sct"/>
      <concept>
        <code value="276610007"/>
        <display value="Birthweight"/>
      </concept>
    </include>
    <include>
      <system value="http://loinc.org"/>
      <concept>
        <code value="8339-4"/>
        <display value="Birth weight Measured"/>
      </concept>
      <concept>
        <code value="56056-5"/>
        <display value="Birth weight - Reported"/>
      </concept>
    </include>
  </compose>
</ValueSet>